{"type":"FeatureCollection","features":[{"type":"Feature","properties":{"pincode":"600001","officeName":"Chennai G.P.O."},"geometry":{"type":"Polygon","coordinates":[[[80.26697399999999,13.085974],[80.26702399999999,13.085803],[80.267074,13.085631000000001],[80.267353,13.084670000000001],[80.26760399999999,13.083804],[80.26780699999999,13.083105],[80.267865,13.082808],[80.268069,13.081766],[80.26808299999999,13.081456000000001],[80.268113,13.080791],[80.268131,13.080401],[80.268141,13.080176],[80.268143,13.080124],[80.26814399999999,13.080075],[80.268145,13.079977],[80.268147,13.079595000000001],[80.26814999999999,13.079054000000001],[80.268157,13.077873],[80.26816,13.07732],[80.268147,13.076894000000001],[80.268117,13.075922],[80.268109,13.075611],[80.268474,13.075334],[80.268663,13.075365],[80.26885899999999,13.075452],[80.268939,13.075403],[80.268934,13.074853000000001],[80.268762,13.074841000000001],[80.268788,13.074473000000001],[80.269185,13.074484],[80.269192,13.074459000000001],[80.269189,13.074421000000001],[80.269188,13.074322],[80.269187,13.074309],[80.269187,13.074276000000001],[80.269184,13.074227],[80.269164,13.073913000000001],[80.26916299999999,13.073869],[80.269162,13.073863000000001],[80.269161,13.073828],[80.269161,13.073824],[80.269151,13.073529],[80.26983299999999,13.073163000000001],[80.270022,13.073061000000001],[80.270145,13.073005],[80.270259,13.072943],[80.270372,13.072879],[80.270504,13.072798],[80.272533,13.071695],[80.275042,13.070708],[80.276179,13.070486],[80.27664899999999,13.070425],[80.276785,13.070407],[80.277052,13.070361],[80.277307,13.070383],[80.27784299999999,13.07043],[80.2842,13.070987],[80.28367899999999,13.069695000000001],[80.28339799999999,13.068964000000001],[80.283243,13.068561],[80.283168,13.068236],[80.283011,13.067554],[80.282733,13.067396],[80.282495,13.067262],[80.28179399999999,13.066867],[80.281657,13.066791],[80.28159,13.066614],[80.281528,13.066451],[80.28146699999999,13.066103],[80.281399,13.065717000000001],[80.281371,13.065559],[80.281491,13.065152],[80.2819,13.064065000000001],[80.283368,13.063295],[80.28509799999999,13.063537],[80.285979,13.063143],[80.287874,13.062295],[80.287875,13.062294],[80.28813099999999,13.06218],[80.28813199999999,13.06218],[80.288173,13.062242],[80.28872199999999,13.063105],[80.289005,13.063585],[80.289109,13.063761],[80.28948199999999,13.064398],[80.29001199999999,13.065239],[80.290505,13.065967],[80.290883,13.06655],[80.291339,13.067174],[80.291731,13.067680000000001],[80.292012,13.068064],[80.292164,13.068354000000001],[80.292321,13.068575000000001],[80.292519,13.068828],[80.292892,13.069312],[80.293307,13.069873000000001],[80.293722,13.070506],[80.29409,13.071152],[80.294348,13.07159],[80.294782,13.072151],[80.294823,13.072192000000001],[80.294934,13.072223000000001],[80.295058,13.072219],[80.29522399999999,13.072165],[80.295538,13.072061],[80.295847,13.071975],[80.29606799999999,13.071993],[80.296183,13.072097000000001],[80.296202,13.07221],[80.29619699999999,13.072273000000001],[80.296179,13.072386],[80.29611899999999,13.072459],[80.296031,13.072531],[80.295658,13.072685],[80.295607,13.072716],[80.295598,13.072802000000001],[80.29563,13.072883000000001],[80.295777,13.073028],[80.29664799999999,13.074009],[80.29700799999999,13.074651000000001],[80.29743599999999,13.075627],[80.297662,13.076495],[80.29776799999999,13.076830000000001],[80.29786,13.077327],[80.297957,13.077630000000001],[80.298053,13.078113],[80.29803,13.078864000000001],[80.297989,13.079243],[80.297915,13.079663],[80.297804,13.080314],[80.297776,13.080513],[80.297794,13.080653],[80.29796,13.081074000000001],[80.298255,13.081648],[80.298541,13.082308000000001],[80.29879,13.082669000000001],[80.299122,13.082995],[80.299573,13.083433],[80.300094,13.083827],[80.30081299999999,13.084563000000001],[80.30165699999999,13.08559],[80.30221399999999,13.086489],[80.302477,13.086846],[80.302671,13.087127],[80.302897,13.087411],[80.303454,13.088266],[80.3038,13.088917],[80.303929,13.089183],[80.30399799999999,13.089355000000001],[80.304496,13.089852],[80.304574,13.089984000000001],[80.30462,13.090106],[80.304653,13.090232],[80.30465699999999,13.09035],[80.30462,13.090454000000001],[80.30450499999999,13.09049],[80.304367,13.090476],[80.304261,13.090463],[80.304118,13.090453],[80.303979,13.090449],[80.303846,13.090453],[80.303758,13.090444],[80.303693,13.090399],[80.303523,13.089911],[80.303159,13.08926],[80.302956,13.088935000000001],[80.302647,13.088365],[80.302154,13.087642],[80.301924,13.087212000000001],[80.30154999999999,13.086724],[80.30109399999999,13.085969],[80.300467,13.085246],[80.299979,13.084663],[80.29936599999999,13.084107],[80.298923,13.083591],[80.29869699999999,13.083329],[80.298637,13.083275],[80.298559,13.08327],[80.298518,13.083315],[80.298384,13.083903000000001],[80.29831,13.084251],[80.29825,13.084509],[80.298213,13.084694],[80.29816699999999,13.084757],[80.298074,13.084784],[80.29793099999999,13.084771],[80.29777,13.084739],[80.297701,13.084712],[80.297664,13.084667],[80.29765499999999,13.08459],[80.29764999999999,13.084563000000001],[80.297659,13.084454000000001],[80.29771,13.083984000000001],[80.297738,13.083835],[80.29775699999999,13.083727],[80.297812,13.083401],[80.297895,13.083184000000001],[80.29795,13.083031],[80.297964,13.08285],[80.297845,13.082515],[80.297545,13.082004],[80.297347,13.081729000000001],[80.297195,13.081435],[80.297029,13.081019],[80.296964,13.080807],[80.296826,13.080445000000001],[80.296785,13.080404],[80.296739,13.080404],[80.296651,13.080422],[80.296582,13.080495],[80.296526,13.080576],[80.29641099999999,13.080825],[80.296324,13.08087],[80.29623099999999,13.080879],[80.296171,13.080852],[80.29612999999999,13.080811],[80.29607,13.080739],[80.296001,13.080635000000001],[80.295969,13.080535000000001],[80.295936,13.080431],[80.295941,13.080305000000001],[80.295982,13.080165000000001],[80.296084,13.080052],[80.296278,13.079939],[80.296536,13.079880000000001],[80.296757,13.079835000000001],[80.296886,13.079758],[80.297085,13.079641],[80.297158,13.079546],[80.297186,13.079460000000001],[80.297214,13.079306],[80.297265,13.078660000000001],[80.29715399999999,13.077598],[80.296975,13.076739],[80.29692,13.076558],[80.296717,13.075989],[80.296399,13.075265],[80.296219,13.074931000000001],[80.295777,13.074361],[80.29463799999999,13.073254],[80.29453699999999,13.073199],[80.29417699999999,13.073127],[80.294067,13.073132000000001],[80.292397,13.073628000000001],[80.290438,13.074446],[80.289188,13.074829000000001],[80.288814,13.074992],[80.28875,13.075073],[80.28874499999999,13.075109],[80.288754,13.075155],[80.28902599999999,13.075986],[80.289459,13.077401],[80.289975,13.079345],[80.29074,13.081284],[80.290776,13.081333],[80.290832,13.08137],[80.29090099999999,13.08137],[80.291035,13.081334],[80.29186899999999,13.081063],[80.291975,13.081058],[80.29204,13.081094],[80.29207199999999,13.08118],[80.292183,13.081564],[80.29222399999999,13.081637],[80.292307,13.081673],[80.292386,13.081664],[80.292501,13.081623],[80.292625,13.081551000000001],[80.29266199999999,13.081479],[80.292653,13.081384],[80.292552,13.081198],[80.292501,13.081113],[80.292441,13.080986000000001],[80.292427,13.080855],[80.292455,13.08076],[80.292538,13.08067],[80.292644,13.080579],[80.29273599999999,13.08053],[80.292819,13.080493],[80.29291599999999,13.080466],[80.29299499999999,13.080444],[80.293101,13.080462],[80.293193,13.080512],[80.293257,13.080656000000001],[80.293336,13.080828],[80.29339999999999,13.081013],[80.293446,13.081068],[80.293506,13.081086],[80.29355699999999,13.081077],[80.293598,13.081041],[80.29360299999999,13.080982],[80.29357499999999,13.080891000000001],[80.293419,13.080611000000001],[80.293359,13.080485],[80.293262,13.080241000000001],[80.293239,13.080114],[80.293267,13.079978],[80.293318,13.079893],[80.293396,13.079807],[80.293493,13.079725],[80.29360299999999,13.079685],[80.29377,13.079685],[80.293866,13.079735],[80.293949,13.079875],[80.29434599999999,13.080770000000001],[80.294373,13.080806],[80.29441,13.080824],[80.294451,13.080815000000001],[80.294488,13.080770000000001],[80.29457599999999,13.080679],[80.294714,13.080562],[80.29482,13.080503],[80.29495,13.080453],[80.29512,13.080458],[80.295277,13.080503],[80.295397,13.080558],[80.295507,13.080644],[80.29559499999999,13.080747],[80.29561799999999,13.080897],[80.29561799999999,13.081032],[80.29556699999999,13.081159],[80.29542,13.081344],[80.295254,13.081520000000001],[80.294815,13.081737],[80.29406399999999,13.081931],[80.293137,13.082098],[80.292607,13.082279],[80.292339,13.082473],[80.292307,13.082554],[80.292275,13.082712],[80.292242,13.082866000000001],[80.29214,13.083883],[80.29214499999999,13.083973],[80.29249,13.085108],[80.29272499999999,13.086486],[80.293154,13.087856],[80.293531,13.088792],[80.29355,13.088896],[80.293517,13.088986],[80.293444,13.089045],[80.29319,13.089076],[80.293153,13.089103],[80.293125,13.089144000000001],[80.29310699999999,13.089248],[80.293153,13.090134],[80.293171,13.090215],[80.293217,13.090297],[80.293277,13.090373],[80.293351,13.090428000000001],[80.293425,13.090459000000001],[80.29348,13.090473000000001],[80.293545,13.090477],[80.293641,13.090464],[80.293729,13.090437],[80.293803,13.090419],[80.29389499999999,13.090405],[80.293978,13.090423],[80.294001,13.090441],[80.29404699999999,13.0905],[80.294434,13.091499],[80.294794,13.092679],[80.295328,13.094116],[80.295351,13.094157000000001],[80.295397,13.094198],[80.295462,13.094238],[80.295512,13.09427],[80.295577,13.094288],[80.295655,13.094293],[80.295692,13.094288],[80.29572399999999,13.094275],[80.295766,13.094261],[80.295812,13.094225],[80.295844,13.094198],[80.295872,13.094162],[80.296416,13.093412],[80.296859,13.09282],[80.297399,13.09202],[80.297404,13.091961],[80.297399,13.091916],[80.297381,13.091844],[80.29733,13.091749],[80.297293,13.091699],[80.297187,13.091613],[80.297086,13.091536],[80.297007,13.091432000000001],[80.29697,13.091364],[80.296947,13.091269],[80.296943,13.090971],[80.29697999999999,13.090863],[80.297044,13.090772000000001],[80.297146,13.090605],[80.297224,13.090461],[80.29728,13.090329],[80.297275,13.090235],[80.297229,13.090067],[80.297151,13.089959],[80.29705799999999,13.089918],[80.296962,13.089882000000001],[80.29682799999999,13.08981],[80.296745,13.089724],[80.296699,13.08962],[80.29667599999999,13.089529],[80.29664799999999,13.089204],[80.29665299999999,13.088897000000001],[80.29669,13.088734],[80.296773,13.088521],[80.296865,13.088427000000001],[80.296999,13.088305],[80.297253,13.088142],[80.297502,13.088088],[80.297737,13.088115],[80.29782399999999,13.08816],[80.297944,13.088237],[80.298013,13.088332000000001],[80.298202,13.089299],[80.29830299999999,13.090298],[80.29834,13.090425],[80.29876399999999,13.091862],[80.29881,13.092034],[80.298833,13.092147],[80.298833,13.0923],[80.298814,13.092477],[80.298759,13.092612],[80.29868499999999,13.092734],[80.297287,13.094406000000001],[80.29697399999999,13.094804],[80.29691799999999,13.094903],[80.2966,13.095567],[80.29594999999999,13.096910000000001],[80.29587599999999,13.097203],[80.295816,13.097447],[80.29576899999999,13.097741000000001],[80.295723,13.098188],[80.295687,13.099538],[80.29567399999999,13.099603],[80.295653,13.099724],[80.29558899999999,13.099983],[80.29542099999999,13.100483],[80.295389,13.100508],[80.29502,13.10025],[80.294108,13.099906],[80.293818,13.099582],[80.293807,13.099132],[80.293013,13.095559],[80.291586,13.095914],[80.291511,13.094331],[80.29122199999999,13.0928],[80.290696,13.090766],[80.29042799999999,13.089728000000001],[80.290081,13.088688],[80.289498,13.086943],[80.289489,13.086911],[80.289489,13.08691],[80.28894,13.084969000000001],[80.288747,13.084304],[80.288411,13.083688],[80.28685399999999,13.084072],[80.28654399999999,13.084148],[80.286276,13.084244],[80.285432,13.084548],[80.284769,13.084786000000001],[80.284521,13.084875],[80.28432699999999,13.084959],[80.283892,13.085146],[80.28287399999999,13.085584],[80.282951,13.085757000000001],[80.283101,13.086097],[80.28256,13.086328],[80.282116,13.086517],[80.282001,13.086566],[80.281981,13.086571000000001],[80.281775,13.086623],[80.281558,13.086736],[80.281531,13.08675],[80.281493,13.086769],[80.281419,13.086805],[80.281385,13.086822],[80.28135,13.08684],[80.281235,13.0869],[80.281215,13.08691],[80.281041,13.087002],[80.280782,13.087146],[80.280509,13.087292],[80.280497,13.087331],[80.28039,13.087681],[80.280728,13.087729],[80.281065,13.087777],[80.28136599999999,13.087622],[80.28168,13.087461000000001],[80.28179399999999,13.087973],[80.281812,13.088054],[80.281807,13.088093],[80.281831,13.088129],[80.28187199999999,13.08826],[80.281942,13.088488],[80.280267,13.089611],[80.28016,13.089253000000001],[80.280112,13.089271],[80.279678,13.089435],[80.279522,13.089494],[80.279276,13.089588000000001],[80.27917099999999,13.089627],[80.278733,13.08979],[80.277491,13.090248],[80.27729099999999,13.090322],[80.27703699999999,13.088372],[80.27690799999999,13.088006],[80.276445,13.088013],[80.27626699999999,13.088027],[80.275916,13.088055],[80.275554,13.088084],[80.27552,13.08827],[80.274564,13.088255],[80.27398,13.088355],[80.273938,13.088168],[80.273868,13.088124],[80.273827,13.088099],[80.273815,13.088092],[80.273754,13.088054],[80.273652,13.087993],[80.273523,13.087916],[80.27340699999999,13.087847],[80.272446,13.087471],[80.271444,13.087197],[80.26979899999999,13.086747],[80.267629,13.086153],[80.267409,13.086093],[80.26697399999999,13.085974]]]}},{"type":"Feature","properties":{"pincode":"600002","officeName":"Anna Road H.O"},"geometry":{"type":"Polygon","coordinates":[[[80.251592,13.043144],[80.251643,13.042893000000001],[80.251536,13.042127],[80.251589,13.04162],[80.25224399999999,13.040721],[80.252225,13.040553000000001],[80.252579,13.040476],[80.253287,13.041088],[80.253883,13.041511],[80.25433799999999,13.041835],[80.254655,13.04137],[80.254746,13.040701],[80.25482099999999,13.03965],[80.25490599999999,13.039665000000001],[80.256815,13.039952],[80.25664499999999,13.041097],[80.258203,13.041271],[80.259295,13.041289],[80.259242,13.040489],[80.26069199999999,13.040475],[80.260733,13.040974],[80.261693,13.040881],[80.261831,13.040795000000001],[80.262147,13.040676],[80.26229,13.040922],[80.26236999999999,13.040997],[80.262563,13.041177000000001],[80.262736,13.041367000000001],[80.262849,13.041491],[80.26317,13.041711000000001],[80.262659,13.041737],[80.262648,13.041985],[80.26271799999999,13.04242],[80.262417,13.042526],[80.262447,13.042626],[80.26261699999999,13.043348],[80.26271899999999,13.043353],[80.262933,13.04339],[80.26303,13.044095],[80.263418,13.044096],[80.26398,13.044045],[80.264284,13.044034],[80.26428,13.04399],[80.26427799999999,13.043381],[80.26436,13.043389],[80.264781,13.043435],[80.26478399999999,13.043435],[80.264809,13.044046],[80.265395,13.044072],[80.265357,13.044231],[80.265396,13.044683000000001],[80.265407,13.044817],[80.265185,13.044826],[80.265183,13.044847],[80.265033,13.044848],[80.265033,13.044830000000001],[80.264962,13.044858],[80.264917,13.044875000000001],[80.264782,13.044903],[80.264918,13.044903],[80.264963,13.044866],[80.265074,13.04486],[80.265147,13.044856000000001],[80.26515599999999,13.044856000000001],[80.265176,13.044855],[80.265384,13.044845],[80.265103,13.045321],[80.265126,13.045440000000001],[80.265408,13.045562],[80.265479,13.045575],[80.265439,13.044831],[80.26602199999999,13.044824],[80.266724,13.044816],[80.26674,13.045577],[80.267038,13.045583],[80.267128,13.045585],[80.267342,13.045622],[80.267392,13.045668000000001],[80.267405,13.045805],[80.26768799999999,13.045853000000001],[80.267894,13.045874],[80.267732,13.047636],[80.26768799999999,13.048112],[80.267645,13.048571],[80.26762599999999,13.048782000000001],[80.270037,13.047868000000001],[80.270028,13.047769],[80.271802,13.046861],[80.27188,13.046976],[80.272331,13.046728],[80.273195,13.046518],[80.274007,13.046308],[80.27487599999999,13.046266000000001],[80.27521999999999,13.04643],[80.27396999999999,13.0466],[80.273055,13.047684],[80.27338499999999,13.048095],[80.273275,13.048549],[80.273634,13.048756000000001],[80.274571,13.048702],[80.274374,13.049884],[80.26870699999999,13.053655000000001],[80.268605,13.053955],[80.271356,13.052097],[80.271726,13.052618],[80.27247,13.053719000000001],[80.270222,13.055789],[80.270378,13.055975],[80.27035,13.056243],[80.27035,13.056507],[80.271074,13.057209],[80.270691,13.057592],[80.270346,13.058026],[80.270814,13.058403],[80.271453,13.058999],[80.271802,13.059176],[80.272582,13.05957],[80.272606,13.060191],[80.272618,13.060487],[80.273511,13.060498],[80.273504,13.061364000000001],[80.27282,13.061321],[80.272504,13.061301],[80.270882,13.061193000000001],[80.270279,13.061128],[80.269562,13.06105],[80.26928099999999,13.061020000000001],[80.268722,13.06096],[80.268422,13.060904],[80.268119,13.060848],[80.267849,13.060797],[80.26762599999999,13.060756],[80.267589,13.060749],[80.267588,13.060837000000001],[80.266454,13.060714],[80.26575,13.061104],[80.26455299999999,13.061767],[80.262585,13.061937],[80.260183,13.061344],[80.25997199999999,13.060177],[80.25977,13.059055],[80.25948799999999,13.058883],[80.259406,13.058833],[80.259395,13.058822000000001],[80.25921199999999,13.058404],[80.258842,13.058204],[80.258616,13.058083],[80.25838999999999,13.057961],[80.258198,13.057858],[80.25811399999999,13.057786],[80.258048,13.057749000000001],[80.25800199999999,13.05772],[80.25788399999999,13.057645],[80.257826,13.057608],[80.257759,13.057544],[80.257661,13.057403],[80.25773699999999,13.056779],[80.25815399999999,13.056853],[80.258257,13.055995000000001],[80.258027,13.054303],[80.257769,13.054384],[80.255749,13.055013],[80.255772,13.054384],[80.255082,13.054348000000001],[80.25497399999999,13.05286],[80.255607,13.052855000000001],[80.25552499999999,13.051112],[80.255524,13.051095],[80.255521,13.05104],[80.255521,13.050906],[80.255511,13.050776],[80.255499,13.050614],[80.255496,13.050586000000001],[80.255488,13.0505],[80.255488,13.050494],[80.25548599999999,13.050472000000001],[80.254768,13.050491000000001],[80.254761,13.05034],[80.254721,13.049478],[80.254663,13.048203],[80.254683,13.048171],[80.254691,13.048159],[80.25482099999999,13.047954],[80.254853,13.047903],[80.254916,13.047802],[80.255006,13.04766],[80.254642,13.046485],[80.254434,13.045985],[80.25407299999999,13.045117000000001],[80.253147,13.044053],[80.252487,13.043492],[80.25193399999999,13.043277],[80.251592,13.043144]]]}},{"type":"Feature","properties":{"pincode":"600003","officeName":"Park Town H.O"},"geometry":{"type":"Polygon","coordinates":[[[80.26697399999999,13.085974],[80.26484599999999,13.086403],[80.263626,13.075943],[80.263447,13.074409000000001],[80.26336599999999,13.072821000000001],[80.263783,13.0711],[80.26356,13.070213],[80.263584,13.069346],[80.263539,13.069283],[80.262777,13.069268000000001],[80.262683,13.068304],[80.262428,13.068267],[80.261133,13.068306],[80.26088899999999,13.067449],[80.26081599999999,13.06736],[80.260119,13.067432],[80.259503,13.067531],[80.25935299999999,13.066816000000001],[80.259288,13.066821000000001],[80.259169,13.066758],[80.25909399999999,13.066668],[80.25907699999999,13.066648],[80.259076,13.066647],[80.259045,13.066609],[80.258886,13.06592],[80.25892999999999,13.065864],[80.258751,13.065082],[80.25836699999999,13.065063],[80.258144,13.065026],[80.257983,13.065045],[80.257846,13.065052],[80.257842,13.065052],[80.257592,13.065064],[80.257536,13.06497],[80.257496,13.064680000000001],[80.257491,13.064394],[80.257931,13.064276],[80.257952,13.062647],[80.257963,13.062478],[80.257972,13.06248],[80.259057,13.0627],[80.259132,13.062653000000001],[80.25934099999999,13.061184],[80.260183,13.061344],[80.262585,13.061937],[80.26455299999999,13.061767],[80.26575,13.061104],[80.266454,13.060714],[80.267588,13.060837000000001],[80.267589,13.060749],[80.26762599999999,13.060756],[80.267849,13.060797],[80.268119,13.060848],[80.268422,13.060904],[80.268722,13.06096],[80.26928099999999,13.061020000000001],[80.269562,13.06105],[80.270279,13.061128],[80.270882,13.061193000000001],[80.272504,13.061301],[80.27282,13.061321],[80.273504,13.061364000000001],[80.274585,13.061401],[80.27548399999999,13.060917],[80.275607,13.060989000000001],[80.275663,13.061022],[80.275672,13.061027000000001],[80.275734,13.061064],[80.275762,13.06108],[80.275859,13.061137],[80.275865,13.061312000000001],[80.27571499999999,13.061482],[80.27561399999999,13.061597],[80.275528,13.061697],[80.274818,13.062513000000001],[80.275286,13.063202],[80.276259,13.064634],[80.27676199999999,13.065375],[80.277238,13.066108],[80.27777499999999,13.066609],[80.278091,13.066794],[80.278408,13.066952],[80.278672,13.067002],[80.279045,13.067074],[80.279642,13.06705],[80.27964399999999,13.06705],[80.279624,13.067053],[80.279639,13.067051000000001],[80.278487,13.067246],[80.27842799999999,13.06769],[80.27739799999999,13.067768000000001],[80.277374,13.068465],[80.277362,13.068811],[80.27736,13.068892],[80.277361,13.068915],[80.277363,13.068981],[80.277363,13.069230000000001],[80.277361,13.069256000000001],[80.277361,13.069258],[80.27734699999999,13.069436],[80.277334,13.069596],[80.277337,13.069975],[80.277307,13.070383],[80.277052,13.070361],[80.276785,13.070407],[80.27664899999999,13.070425],[80.276179,13.070486],[80.275042,13.070708],[80.272533,13.071695],[80.270504,13.072798],[80.270372,13.072879],[80.270259,13.072943],[80.270145,13.073005],[80.270022,13.073061000000001],[80.26983299999999,13.073163000000001],[80.269151,13.073529],[80.269161,13.073824],[80.269161,13.073828],[80.269162,13.073863000000001],[80.26916299999999,13.073869],[80.269164,13.073913000000001],[80.269184,13.074227],[80.269187,13.074276000000001],[80.269187,13.074309],[80.269188,13.074322],[80.269189,13.074421000000001],[80.269192,13.074459000000001],[80.269185,13.074484],[80.268788,13.074473000000001],[80.268762,13.074841000000001],[80.268934,13.074853000000001],[80.268939,13.075403],[80.26885899999999,13.075452],[80.268663,13.075365],[80.268474,13.075334],[80.268109,13.075611],[80.268117,13.075922],[80.268147,13.076894000000001],[80.26816,13.07732],[80.268157,13.077873],[80.26814999999999,13.079054000000001],[80.268147,13.079595000000001],[80.268145,13.079977],[80.26814399999999,13.080075],[80.268143,13.080124],[80.268141,13.080176],[80.268131,13.080401],[80.268113,13.080791],[80.26808299999999,13.081456000000001],[80.268069,13.081766],[80.267865,13.082808],[80.26780699999999,13.083105],[80.26760399999999,13.083804],[80.267353,13.084670000000001],[80.267074,13.085631000000001],[80.26702399999999,13.085803],[80.26697399999999,13.085974]]]}},{"type":"Feature","properties":{"pincode":"600004","officeName":"Mylapore H.O"},"geometry":{"type":"Polygon","coordinates":[[[80.252337,13.027029],[80.253441,13.026865],[80.25362799999999,13.024913],[80.253199,13.023324],[80.252133,13.021802000000001],[80.250539,13.019527],[80.249631,13.018448000000001],[80.249787,13.018454],[80.253649,13.018286],[80.253757,13.016384],[80.25328499999999,13.015013],[80.25234,13.012266],[80.253354,13.012234000000001],[80.253816,13.012220000000001],[80.254096,13.012211],[80.255342,13.012172],[80.25914,13.012052],[80.261772,13.011975],[80.264608,13.012019],[80.265666,13.012036],[80.267811,13.011764],[80.26811,13.012289],[80.268367,13.012739],[80.268536,13.012718],[80.26874099999999,13.012692],[80.268858,13.012561],[80.26908999999999,13.012156000000001],[80.269363,13.011677],[80.26995699999999,13.010635],[80.270343,13.010363],[80.272725,13.010092],[80.273376,13.009973],[80.273388,13.009973],[80.273389,13.009975],[80.27349199999999,13.010935],[80.273597,13.012707],[80.273822,13.014112],[80.274149,13.015898],[80.274406,13.017832],[80.27448,13.018424],[80.274558,13.018777],[80.274705,13.019812],[80.274815,13.020829],[80.274925,13.021696],[80.27506799999999,13.022442],[80.275238,13.023202],[80.275335,13.02359],[80.27539,13.023893000000001],[80.275491,13.024273],[80.275666,13.024937],[80.27574,13.025389],[80.275813,13.025995],[80.275924,13.026456],[80.276016,13.027034],[80.276044,13.027265],[80.266283,13.027994],[80.26648399999999,13.028941],[80.265716,13.028989000000001],[80.26527399999999,13.029074],[80.265164,13.029095],[80.265027,13.029121],[80.265045,13.029531],[80.263812,13.029559],[80.263729,13.028531000000001],[80.263849,13.028172],[80.253242,13.028948],[80.253363,13.027686000000001],[80.252869,13.027762000000001],[80.252378,13.027837],[80.25237899999999,13.027782],[80.25235599999999,13.027412],[80.252337,13.027029]]]}},{"type":"Feature","properties":{"pincode":"600005","officeName":"Tiruvallikeni S.O"},"geometry":{"type":"Polygon","coordinates":[[[80.264781,13.043435],[80.264765,13.043140000000001],[80.264763,13.042879000000001],[80.26477799999999,13.042708000000001],[80.26477899999999,13.042702],[80.26477899999999,13.0427],[80.26478,13.042694000000001],[80.26478,13.042689000000001],[80.264782,13.042667],[80.26477299999999,13.042594000000001],[80.264263,13.042393],[80.264065,13.042261],[80.26408599999999,13.04165],[80.26407499999999,13.041608],[80.264138,13.041602000000001],[80.26413,13.041308],[80.265039,13.041215000000001],[80.265058,13.041142],[80.26508299999999,13.041027],[80.265078,13.04097],[80.265063,13.040814000000001],[80.265005,13.040471],[80.264974,13.040304],[80.26493099999999,13.039868],[80.264562,13.039892],[80.264547,13.039862000000001],[80.264607,13.039859],[80.264617,13.039146],[80.264693,13.039132],[80.264968,13.039133],[80.264945,13.038673000000001],[80.26499799999999,13.038631],[80.266053,13.038574],[80.266065,13.038849],[80.266706,13.038826],[80.266528,13.037487],[80.265945,13.037518],[80.26594899999999,13.037545],[80.265895,13.037560000000001],[80.265413,13.037548000000001],[80.265342,13.036739],[80.265649,13.036681],[80.266027,13.036657],[80.266207,13.036645],[80.266742,13.036631],[80.266752,13.036654],[80.266819,13.036649],[80.267225,13.036620000000001],[80.267212,13.036005000000001],[80.267095,13.035021],[80.267558,13.034948],[80.267575,13.034884],[80.267696,13.034827],[80.267409,13.034821],[80.267404,13.034484],[80.26749099999999,13.034271],[80.267468,13.03407],[80.267006,13.033971000000001],[80.26703499999999,13.033614],[80.267408,13.033554],[80.267974,13.033473],[80.268135,13.032779],[80.267348,13.032776],[80.267353,13.032496],[80.267299,13.032049],[80.26732299999999,13.031703],[80.267285,13.03096],[80.26651799999999,13.030924],[80.266376,13.029402000000001],[80.266569,13.029342],[80.26648399999999,13.028941],[80.266283,13.027994],[80.276044,13.027265],[80.276144,13.028106000000001],[80.27620399999999,13.028368],[80.276411,13.029141000000001],[80.276678,13.030348],[80.276963,13.031724],[80.276973,13.031771],[80.277217,13.033155],[80.277258,13.03353],[80.277332,13.033873],[80.277631,13.035085],[80.277911,13.036282],[80.278109,13.036906],[80.278423,13.037855],[80.279118,13.039704],[80.279348,13.040391],[80.279403,13.040965],[80.279477,13.041856000000001],[80.279541,13.042515],[80.27960999999999,13.042796000000001],[80.279688,13.043071000000001],[80.27989099999999,13.043582],[80.27991399999999,13.043627],[80.280089,13.043908],[80.280361,13.044595000000001],[80.280504,13.044956],[80.280559,13.045178],[80.280591,13.045372],[80.280591,13.045580000000001],[80.280586,13.045811],[80.280591,13.046014],[80.280618,13.046235000000001],[80.28066,13.046439],[80.280729,13.046660000000001],[80.280858,13.046959000000001],[80.28107,13.047343],[80.281272,13.047863],[80.28135999999999,13.048315],[80.281774,13.048871],[80.282169,13.049459],[80.28284099999999,13.050497],[80.28276799999999,13.050385],[80.282766,13.050382],[80.282608,13.050139],[80.278379,13.051366],[80.27833799999999,13.051509000000001],[80.278076,13.052426],[80.275998,13.051199],[80.275216,13.051118],[80.27431299999999,13.051192],[80.272978,13.051805],[80.271726,13.052618],[80.271356,13.052097],[80.268605,13.053955],[80.26870699999999,13.053655000000001],[80.274374,13.049884],[80.274571,13.048702],[80.273634,13.048756000000001],[80.273275,13.048549],[80.27338499999999,13.048095],[80.273055,13.047684],[80.27396999999999,13.0466],[80.27521999999999,13.04643],[80.27487599999999,13.046266000000001],[80.274007,13.046308],[80.273195,13.046518],[80.272331,13.046728],[80.27188,13.046976],[80.271802,13.046861],[80.270028,13.047769],[80.270037,13.047868000000001],[80.26762599999999,13.048782000000001],[80.267645,13.048571],[80.26768799999999,13.048112],[80.267732,13.047636],[80.267894,13.045874],[80.26768799999999,13.045853000000001],[80.267405,13.045805],[80.267392,13.045668000000001],[80.267342,13.045622],[80.267128,13.045585],[80.267038,13.045583],[80.26674,13.045577],[80.266724,13.044816],[80.26602199999999,13.044824],[80.265439,13.044831],[80.265479,13.045575],[80.265408,13.045562],[80.265126,13.045440000000001],[80.265103,13.045321],[80.265384,13.044845],[80.265176,13.044855],[80.26515599999999,13.044856000000001],[80.265147,13.044856000000001],[80.265074,13.04486],[80.264963,13.044866],[80.264918,13.044903],[80.264782,13.044903],[80.264917,13.044875000000001],[80.264962,13.044858],[80.265033,13.044830000000001],[80.265033,13.044848],[80.265183,13.044847],[80.265185,13.044826],[80.265407,13.044817],[80.265396,13.044683000000001],[80.265357,13.044231],[80.265395,13.044072],[80.264809,13.044046],[80.26478399999999,13.043435],[80.264781,13.043435]]]}},{"type":"Feature","properties":{"pincode":"600006","officeName":"Greams Road S.O"},"geometry":{"type":"Polygon","coordinates":[[[80.251592,13.043144],[80.251046,13.043233],[80.25053,13.043447],[80.2499,13.044208000000001],[80.249582,13.044955],[80.249521,13.045694000000001],[80.249582,13.047194000000001],[80.249079,13.04839],[80.248721,13.048851],[80.248412,13.049248],[80.24823599999999,13.049474],[80.248161,13.049571],[80.248048,13.049696],[80.24799999999999,13.04975],[80.247941,13.049815],[80.247878,13.049884],[80.247709,13.050071],[80.247535,13.050264],[80.24753,13.050269],[80.247103,13.050742],[80.246759,13.051089000000001],[80.246236,13.051606],[80.24573099999999,13.051973],[80.24573099999999,13.051974],[80.24521,13.052352],[80.244924,13.052526],[80.24458899999999,13.05268],[80.244047,13.052929],[80.243353,13.053139],[80.24278,13.053069],[80.241923,13.052641],[80.24159399999999,13.052372],[80.240956,13.052062000000001],[80.23943,13.05132],[80.238197,13.050722],[80.237543,13.050404],[80.237319,13.049747],[80.237223,13.049464],[80.237449,13.048638],[80.23791,13.047854000000001],[80.237921,13.047098],[80.237932,13.04659],[80.238038,13.046388],[80.238033,13.046333],[80.238213,13.046054],[80.238447,13.045607],[80.239412,13.045273],[80.240398,13.045179000000001],[80.241064,13.045116],[80.241255,13.044231],[80.241417,13.043479],[80.24151499999999,13.043026000000001],[80.24229799999999,13.041479],[80.24278699999999,13.038765],[80.243209,13.037718],[80.243888,13.037882],[80.24373299999999,13.038422],[80.243844,13.038448],[80.243989,13.037914],[80.244125,13.037953],[80.243971,13.038686],[80.244091,13.038697],[80.244332,13.038137],[80.24477,13.038097],[80.244614,13.038649],[80.24466,13.038723000000001],[80.244982,13.038629],[80.245049,13.038161],[80.245237,13.038177000000001],[80.245274,13.038056000000001],[80.244428,13.037848],[80.244618,13.037249000000001],[80.24404,13.037191],[80.243899,13.037766],[80.243268,13.037616],[80.243661,13.036927],[80.243833,13.036626],[80.244205,13.036693],[80.244322,13.036347000000001],[80.244013,13.036247],[80.244231,13.035829],[80.24356,13.035546],[80.242856,13.035229000000001],[80.243253,13.034435],[80.24116599999999,13.033102],[80.240962,13.032836],[80.239863,13.033066],[80.239689,13.033326],[80.239626,13.033092],[80.239518,13.032999],[80.239539,13.032718000000001],[80.239762,13.032707],[80.240047,13.032680000000001],[80.240072,13.03289],[80.240721,13.032831],[80.24069399999999,13.032440000000001],[80.24064,13.031656],[80.240607,13.031168000000001],[80.24135799999999,13.030743000000001],[80.241519,13.030549],[80.24158,13.030476],[80.241833,13.030172],[80.241942,13.030042],[80.24242699999999,13.029459000000001],[80.242442,13.029489],[80.242575,13.029281000000001],[80.24242199999999,13.028179],[80.242238,13.027894],[80.242155,13.027447],[80.243672,13.027369],[80.24408,13.027348],[80.245023,13.028686],[80.243603,13.030539000000001],[80.244068,13.032418],[80.244755,13.032773],[80.244862,13.033809],[80.248113,13.035814],[80.24901299999999,13.036859],[80.249293,13.037184],[80.250506,13.037842],[80.25116,13.038615],[80.25224399999999,13.040721],[80.251589,13.04162],[80.251536,13.042127],[80.251643,13.042893000000001],[80.251592,13.043144]]]}},{"type":"Feature","properties":{"pincode":"600007","officeName":"Vepery S.O"},"geometry":{"type":"Polygon","coordinates":[[[80.263626,13.075943],[80.263288,13.076018],[80.262953,13.076093],[80.26224599999999,13.076003],[80.26213299999999,13.076193],[80.26195299999999,13.076376],[80.261775,13.07648],[80.261353,13.076713],[80.261023,13.076839],[80.260517,13.077011],[80.260013,13.077182],[80.259754,13.07727],[80.259627,13.077335],[80.259474,13.077414000000001],[80.25947,13.077416],[80.259228,13.077541],[80.25880699999999,13.077757],[80.25701099999999,13.077719],[80.256557,13.076819],[80.250318,13.075821],[80.250333,13.075275],[80.247571,13.07448],[80.24498,13.073521],[80.243532,13.07315],[80.24300199999999,13.072264],[80.242751,13.071819],[80.242693,13.071689000000001],[80.24253999999999,13.071347000000001],[80.24231999999999,13.070511],[80.242312,13.070481000000001],[80.24228699999999,13.070386000000001],[80.242384,13.069121],[80.243768,13.069231],[80.243768,13.068771],[80.24417,13.068672000000001],[80.244181,13.068079000000001],[80.245125,13.067815],[80.245119,13.067774],[80.245113,13.067738],[80.245234,13.067724],[80.245355,13.067709],[80.245597,13.067681],[80.24607999999999,13.067623000000001],[80.24698,13.067516],[80.246979,13.067319],[80.247005,13.067039000000001],[80.247858,13.066969],[80.247916,13.067501],[80.24855,13.06756],[80.248621,13.067762],[80.249505,13.068079000000001],[80.249985,13.068244],[80.250474,13.068421],[80.250624,13.068048000000001],[80.25088099999999,13.067279000000001],[80.251023,13.066679],[80.25115199999999,13.066219],[80.251058,13.066185],[80.25093,13.066148],[80.250447,13.066005],[80.249961,13.065897],[80.249924,13.065647],[80.249932,13.065385000000001],[80.24947,13.065286],[80.249398,13.064552],[80.249216,13.063884],[80.24949699999999,13.063857],[80.249757,13.063790000000001],[80.249972,13.064641],[80.25072,13.064839000000001],[80.250726,13.064001000000001],[80.250744,13.063243],[80.251239,13.063209],[80.25191099999999,13.063145],[80.251892,13.062273000000001],[80.251903,13.062151],[80.251905,13.062083],[80.25205,13.062084],[80.252265,13.062086],[80.252657,13.062087],[80.252601,13.062746],[80.252726,13.063049],[80.253238,13.063215],[80.254134,13.063171],[80.254244,13.063178],[80.255419,13.063204],[80.255656,13.062240000000001],[80.255681,13.062144],[80.256095,13.062185],[80.256188,13.062194],[80.256922,13.062266000000001],[80.257972,13.062479],[80.257972,13.06248],[80.257963,13.062478],[80.257952,13.062647],[80.257931,13.064276],[80.257491,13.064394],[80.257496,13.064680000000001],[80.257536,13.06497],[80.257592,13.065064],[80.257842,13.065052],[80.257846,13.065052],[80.257983,13.065045],[80.258144,13.065026],[80.25836699999999,13.065063],[80.258751,13.065082],[80.25892999999999,13.065864],[80.258886,13.06592],[80.259045,13.066609],[80.259076,13.066647],[80.25907699999999,13.066648],[80.25909399999999,13.066668],[80.259169,13.066758],[80.259288,13.066821000000001],[80.25935299999999,13.066816000000001],[80.259503,13.067531],[80.260119,13.067432],[80.26081599999999,13.06736],[80.26088899999999,13.067449],[80.261133,13.068306],[80.262428,13.068267],[80.262683,13.068304],[80.262777,13.069268000000001],[80.263539,13.069283],[80.263584,13.069346],[80.26356,13.070213],[80.263783,13.0711],[80.26336599999999,13.072821000000001],[80.263447,13.074409000000001],[80.263626,13.075943]]]}},{"type":"Feature","properties":{"pincode":"600008","officeName":"EGMORE MDO"},"geometry":{"type":"Polygon","coordinates":[[[80.260183,13.061344],[80.25934099999999,13.061184],[80.259132,13.062653000000001],[80.259057,13.0627],[80.257972,13.06248],[80.257972,13.062479],[80.256922,13.062266000000001],[80.256188,13.062194],[80.256095,13.062185],[80.255681,13.062144],[80.254857,13.061819],[80.254639,13.061762],[80.254424,13.061706000000001],[80.253948,13.061615],[80.253433,13.061545],[80.25241199999999,13.061434],[80.25142199999999,13.061342],[80.25094299999999,13.061293000000001],[80.250708,13.061263],[80.25024499999999,13.061209],[80.250152,13.06121],[80.25003,13.061198000000001],[80.249984,13.061196],[80.249236,13.061122000000001],[80.24866399999999,13.061065000000001],[80.248673,13.061063],[80.248502,13.060897],[80.248929,13.060536],[80.24891199999999,13.060134],[80.248832,13.060082],[80.24868099999999,13.060068000000001],[80.248558,13.060056],[80.248426,13.060063],[80.248172,13.060077],[80.248156,13.060787],[80.247883,13.060761000000001],[80.247569,13.060714],[80.246944,13.06062],[80.24622,13.060286],[80.246399,13.059076000000001],[80.244085,13.058593],[80.243081,13.058347],[80.24244999999999,13.058002],[80.241647,13.057786],[80.240768,13.057549],[80.240152,13.057383],[80.24017599999999,13.057252],[80.24022,13.057141],[80.240023,13.056949],[80.241282,13.05686],[80.242496,13.057104],[80.243461,13.057299],[80.244423,13.057492],[80.24519699999999,13.057747],[80.245919,13.057919],[80.245997,13.05718],[80.24604,13.056649],[80.24605799999999,13.056542],[80.246067,13.056439000000001],[80.246061,13.056401000000001],[80.246076,13.056370000000001],[80.246189,13.056264],[80.246343,13.056231],[80.246828,13.056328],[80.246972,13.056154000000001],[80.246839,13.056117],[80.246752,13.056092],[80.246797,13.055755],[80.246854,13.055349],[80.24683399999999,13.055062],[80.246817,13.054813000000001],[80.246793,13.054706],[80.246743,13.054609000000001],[80.246692,13.054398],[80.246691,13.054393000000001],[80.246689,13.054385],[80.246653,13.054155],[80.24602,13.053627],[80.24615299999999,13.052762],[80.24590599999999,13.052297000000001],[80.24584399999999,13.05222],[80.245732,13.051973],[80.24573099999999,13.051974],[80.24573099999999,13.051973],[80.246236,13.051606],[80.246759,13.051089000000001],[80.247103,13.050742],[80.24753,13.050269],[80.247535,13.050264],[80.247709,13.050071],[80.247878,13.049884],[80.247941,13.049815],[80.24799999999999,13.04975],[80.248048,13.049696],[80.248161,13.049571],[80.24823599999999,13.049474],[80.248412,13.049248],[80.248721,13.048851],[80.249079,13.04839],[80.249582,13.047194000000001],[80.249521,13.045694000000001],[80.249582,13.044955],[80.2499,13.044208000000001],[80.25053,13.043447],[80.251046,13.043233],[80.251592,13.043144],[80.25193399999999,13.043277],[80.252487,13.043492],[80.253147,13.044053],[80.25407299999999,13.045117000000001],[80.254434,13.045985],[80.254642,13.046485],[80.255006,13.04766],[80.254916,13.047802],[80.254853,13.047903],[80.25482099999999,13.047954],[80.254691,13.048159],[80.254683,13.048171],[80.254663,13.048203],[80.254721,13.049478],[80.254761,13.05034],[80.254768,13.050491000000001],[80.25548599999999,13.050472000000001],[80.255488,13.050494],[80.255488,13.0505],[80.255496,13.050586000000001],[80.255499,13.050614],[80.255511,13.050776],[80.255521,13.050906],[80.255521,13.05104],[80.255524,13.051095],[80.25552499999999,13.051112],[80.255607,13.052855000000001],[80.25497399999999,13.05286],[80.255082,13.054348000000001],[80.255772,13.054384],[80.255749,13.055013],[80.257769,13.054384],[80.258027,13.054303],[80.258257,13.055995000000001],[80.25815399999999,13.056853],[80.25773699999999,13.056779],[80.257661,13.057403],[80.257759,13.057544],[80.257826,13.057608],[80.25788399999999,13.057645],[80.25800199999999,13.05772],[80.258048,13.057749000000001],[80.25811399999999,13.057786],[80.258198,13.057858],[80.25838999999999,13.057961],[80.258616,13.058083],[80.258842,13.058204],[80.25921199999999,13.058404],[80.259395,13.058822000000001],[80.259406,13.058833],[80.25948799999999,13.058883],[80.25977,13.059055],[80.25997199999999,13.060177],[80.260183,13.061344]]]}},{"type":"Feature","properties":{"pincode":"600009","officeName":"Fort St George S.O"},"geometry":{"type":"Polygon","coordinates":[[[80.28179399999999,13.066867],[80.281139,13.066911000000001],[80.281131,13.066912],[80.280946,13.066924],[80.280504,13.066969],[80.280078,13.067013000000001],[80.27976,13.067045],[80.279645,13.06705],[80.279624,13.067053],[80.27964399999999,13.06705],[80.279642,13.06705],[80.279045,13.067074],[80.278672,13.067002],[80.278408,13.066952],[80.278091,13.066794],[80.27777499999999,13.066609],[80.277238,13.066108],[80.27676199999999,13.065375],[80.276259,13.064634],[80.275286,13.063202],[80.274818,13.062513000000001],[80.275528,13.061697],[80.27561399999999,13.061597],[80.27571499999999,13.061482],[80.275865,13.061312000000001],[80.275859,13.061137],[80.275762,13.06108],[80.275734,13.061064],[80.275672,13.061027000000001],[80.275663,13.061022],[80.275607,13.060989000000001],[80.27548399999999,13.060917],[80.274585,13.061401],[80.273504,13.061364000000001],[80.273511,13.060498],[80.272618,13.060487],[80.272606,13.060191],[80.272582,13.05957],[80.271802,13.059176],[80.271453,13.058999],[80.270814,13.058403],[80.270346,13.058026],[80.270691,13.057592],[80.271074,13.057209],[80.27035,13.056507],[80.27035,13.056243],[80.270378,13.055975],[80.270222,13.055789],[80.27247,13.053719000000001],[80.271726,13.052618],[80.272978,13.051805],[80.27431299999999,13.051192],[80.275216,13.051118],[80.275998,13.051199],[80.278076,13.052426],[80.27833799999999,13.051509000000001],[80.278379,13.051366],[80.282608,13.050139],[80.282766,13.050382],[80.282958,13.050679],[80.282995,13.050873000000001],[80.283028,13.051014],[80.283106,13.051212],[80.283498,13.05222],[80.283778,13.052935],[80.284129,13.053626],[80.284382,13.054322],[80.284723,13.055249],[80.28488899999999,13.055638],[80.284958,13.055805],[80.28511,13.056176],[80.285285,13.056573],[80.285589,13.057297],[80.285879,13.057975],[80.286515,13.059326],[80.287123,13.060515],[80.28768,13.061505],[80.28813199999999,13.06218],[80.28813099999999,13.06218],[80.287875,13.062294],[80.287874,13.062295],[80.285979,13.063143],[80.28509799999999,13.063537],[80.283368,13.063295],[80.2819,13.064065000000001],[80.281491,13.065152],[80.281371,13.065559],[80.281399,13.065717000000001],[80.28146699999999,13.066103],[80.281528,13.066451],[80.28159,13.066614],[80.281657,13.066791],[80.28179399999999,13.066867]]]}},{"type":"Feature","properties":{"pincode":"600010","officeName":"Kilpauk S.O"},"geometry":{"type":"Polygon","coordinates":[[[80.24228699999999,13.070386000000001],[80.242019,13.070678000000001],[80.242018,13.070678000000001],[80.242006,13.070691],[80.241708,13.070739],[80.24144,13.070791],[80.242137,13.072063],[80.242278,13.072276],[80.242469,13.072565],[80.242679,13.072883000000001],[80.242845,13.073134],[80.242717,13.073176],[80.243509,13.074562],[80.24231,13.074488],[80.242007,13.074469],[80.241722,13.074454000000001],[80.241119,13.074440000000001],[80.24099799999999,13.074643],[80.239181,13.074757],[80.236537,13.070083],[80.23613399999999,13.070229],[80.235963,13.070412000000001],[80.23588699999999,13.070493],[80.23585,13.070532],[80.235744,13.070708],[80.235561,13.071014],[80.235334,13.071391],[80.234967,13.072002],[80.234961,13.072013],[80.234911,13.072096],[80.234852,13.072194],[80.234897,13.073645],[80.234903,13.073845],[80.234914,13.074192],[80.234916,13.074272],[80.234917,13.074305],[80.23497,13.074819],[80.235018,13.075277],[80.235078,13.075862],[80.235111,13.076026],[80.235096,13.076027],[80.234606,13.076076],[80.23440099999999,13.074586],[80.23386099999999,13.074631],[80.233261,13.074682000000001],[80.23285,13.074717],[80.231151,13.074860000000001],[80.229419,13.074983],[80.22855799999999,13.075039],[80.22854,13.07504],[80.228538,13.07504],[80.22810799999999,13.075057000000001],[80.227657,13.075035],[80.227217,13.074988000000001],[80.227097,13.074968],[80.22708899999999,13.074966],[80.227083,13.074965],[80.22682,13.074921],[80.225988,13.074754],[80.225717,13.072882],[80.22560899999999,13.072402],[80.22556,13.071872],[80.225413,13.0709],[80.225481,13.070777],[80.225814,13.070573],[80.225668,13.070091],[80.225478,13.070127000000001],[80.225325,13.070182],[80.225296,13.069798],[80.225278,13.06969],[80.225262,13.06959],[80.225262,13.069589],[80.22523699999999,13.069437],[80.22518,13.069209],[80.225115,13.068953],[80.22507,13.068772000000001],[80.22490499999999,13.068844],[80.22486099999999,13.068656],[80.22473,13.068704],[80.224541,13.06874],[80.224463,13.068755],[80.224445,13.068758],[80.224397,13.068768],[80.22435,13.068779000000001],[80.224342,13.068781],[80.223946,13.068876],[80.223726,13.068854],[80.223554,13.068846],[80.223147,13.068835],[80.22300299999999,13.068061],[80.221661,13.068129],[80.221267,13.065183000000001],[80.22128099999999,13.064715],[80.221296,13.064233],[80.222111,13.064355],[80.222252,13.064338000000001],[80.222392,13.064322],[80.222853,13.064455],[80.22444399999999,13.064438],[80.22425199999999,13.061351],[80.225196,13.061327],[80.225202,13.060662],[80.226395,13.060756],[80.22641399999999,13.060434],[80.226428,13.060192],[80.226457,13.059708],[80.227139,13.059811],[80.22729799999999,13.059353],[80.227476,13.058842],[80.227439,13.058035],[80.22788899999999,13.057746],[80.228528,13.057924],[80.228595,13.057655],[80.22959399999999,13.057647000000001],[80.229654,13.05779],[80.229906,13.057764],[80.23044,13.05789],[80.230651,13.057699],[80.23102899999999,13.057638],[80.23120399999999,13.057622],[80.231402,13.057622],[80.231616,13.057723000000001],[80.23159199999999,13.057881],[80.231686,13.057952],[80.23164299999999,13.058114],[80.232472,13.058555],[80.232599,13.058292],[80.233002,13.058165],[80.23310099999999,13.058346],[80.233301,13.058265],[80.233522,13.058199],[80.23343799999999,13.057804],[80.233419,13.057716000000001],[80.23341599999999,13.057701],[80.233396,13.057607],[80.23338,13.057508],[80.23338,13.057504],[80.233379,13.057497],[80.23337599999999,13.057417000000001],[80.233823,13.057434],[80.233918,13.057438],[80.234047,13.057428],[80.234068,13.057427],[80.23407399999999,13.057427],[80.234118,13.057426],[80.234218,13.057423],[80.234224,13.057423],[80.23425999999999,13.057422],[80.234278,13.057421],[80.234295,13.05742],[80.234386,13.057411],[80.234387,13.057411],[80.234589,13.057392],[80.234589,13.056884],[80.234617,13.056642],[80.234617,13.056513],[80.234676,13.056413000000001],[80.234704,13.056409],[80.234766,13.056401000000001],[80.234815,13.056395],[80.234909,13.056413000000001],[80.234945,13.056420000000001],[80.234985,13.056428],[80.235019,13.056438],[80.235091,13.05646],[80.23516099999999,13.056481],[80.235325,13.056531],[80.235332,13.056533],[80.23537499999999,13.056545],[80.23595999999999,13.056715],[80.236465,13.05686],[80.23654599999999,13.056938],[80.236556,13.057091],[80.236665,13.057086],[80.23672599999999,13.057084],[80.236779,13.057098],[80.237043,13.057169],[80.237203,13.057212],[80.237303,13.057239000000001],[80.23733899999999,13.057247],[80.237364,13.057251],[80.237574,13.057294],[80.2379,13.057361],[80.238098,13.057404],[80.238186,13.057422],[80.23825599999999,13.057437],[80.238355,13.056931],[80.239424,13.057198],[80.240152,13.057383],[80.240768,13.057549],[80.241647,13.057786],[80.24244999999999,13.058002],[80.243081,13.058347],[80.242448,13.060463],[80.24401499999999,13.060766000000001],[80.243937,13.063437],[80.24378399999999,13.063463],[80.24392999999999,13.06432],[80.24459399999999,13.064168],[80.244671,13.064485],[80.24468999999999,13.064625],[80.244753,13.065087],[80.244989,13.066815],[80.245051,13.067277],[80.245083,13.067507],[80.245099,13.067622],[80.24510699999999,13.067680000000001],[80.245111,13.067709],[80.245113,13.067738],[80.245119,13.067774],[80.245125,13.067815],[80.244181,13.068079000000001],[80.24417,13.068672000000001],[80.243768,13.068771],[80.243768,13.069231],[80.242384,13.069121],[80.24228699999999,13.070386000000001]]]}},{"type":"Feature","properties":{"pincode":"600011","officeName":"Perambur S.O"},"geometry":{"type":"Polygon","coordinates":[[[80.227525,13.108437],[80.227278,13.105151000000001],[80.226848,13.103774],[80.226632,13.103086000000001],[80.22646399999999,13.102400000000001],[80.225599,13.098703],[80.225465,13.098129],[80.226451,13.097486],[80.22661599999999,13.097134],[80.226777,13.096791],[80.229,13.096037],[80.229016,13.095844],[80.228811,13.095351],[80.228692,13.095106],[80.228655,13.094863],[80.228579,13.094361000000001],[80.228427,13.093366],[80.228112,13.09252],[80.227975,13.091805],[80.227873,13.091097],[80.227824,13.091084],[80.227809,13.091055],[80.227801,13.09103],[80.227796,13.091016],[80.227788,13.090992],[80.22778199999999,13.090972],[80.227769,13.09094],[80.227755,13.090906],[80.22774199999999,13.090841000000001],[80.227766,13.090697],[80.22783,13.090687],[80.227881,13.090678],[80.227946,13.090668],[80.228044,13.090652],[80.22816499999999,13.090632000000001],[80.22851899999999,13.090575000000001],[80.22927299999999,13.090508],[80.229534,13.09059],[80.22996599999999,13.090476],[80.230974,13.09023],[80.230986,13.090131],[80.231021,13.090027000000001],[80.231264,13.089776],[80.232381,13.089731],[80.232958,13.089706],[80.233487,13.089683],[80.233904,13.089690000000001],[80.233912,13.089690000000001],[80.23461999999999,13.089702],[80.235205,13.089694],[80.23575199999999,13.08972],[80.235807,13.089607],[80.235835,13.089447],[80.237704,13.089504],[80.238652,13.089534],[80.23954599999999,13.089561],[80.246331,13.090475],[80.246332,13.090846],[80.246374,13.091355],[80.246385,13.092246000000001],[80.246387,13.092587],[80.246389,13.092767],[80.246389,13.092821],[80.246399,13.093112],[80.246402,13.093199],[80.246403,13.093235],[80.246403,13.093243000000001],[80.246397,13.094221000000001],[80.246434,13.094545],[80.246445,13.094874],[80.246462,13.095035000000001],[80.24646899999999,13.095104000000001],[80.24653099999999,13.09571],[80.24653599999999,13.096149],[80.246651,13.096524],[80.24584399999999,13.096983],[80.245412,13.097222],[80.245211,13.097355],[80.24511199999999,13.097434],[80.24498,13.097446],[80.244709,13.097492],[80.244669,13.097499000000001],[80.244536,13.097499000000001],[80.244098,13.0975],[80.243875,13.0975],[80.243572,13.097513000000001],[80.24313,13.0975],[80.24229,13.097429],[80.24144799999999,13.097462],[80.240523,13.097672000000001],[80.240791,13.099357],[80.241005,13.101023],[80.240569,13.101062],[80.24032199999999,13.101113],[80.240264,13.101158],[80.24025,13.101259],[80.24025999999999,13.101525],[80.23995599999999,13.101542],[80.239998,13.101727],[80.23987699999999,13.101773],[80.23986,13.101889],[80.239867,13.101976],[80.239888,13.102063000000001],[80.23930399999999,13.102203000000001],[80.239366,13.102586],[80.239294,13.102601],[80.23933699999999,13.102869],[80.23939899999999,13.103167000000001],[80.23947799999999,13.103452],[80.239586,13.10375],[80.239623,13.103906],[80.239586,13.103913],[80.239413,13.103954],[80.239426,13.103999],[80.239293,13.104021],[80.23934899999999,13.104204000000001],[80.23939399999999,13.104522000000001],[80.238985,13.104796],[80.23821199999999,13.104921000000001],[80.237897,13.104953],[80.237893,13.104954000000001],[80.236796,13.105067],[80.236345,13.105402],[80.23683799999999,13.105423],[80.237505,13.105511],[80.237786,13.105548],[80.23849799999999,13.105642],[80.239178,13.10582],[80.239446,13.106823],[80.239599,13.107323000000001],[80.239605,13.10735],[80.239629,13.107429],[80.239713,13.107826000000001],[80.238535,13.108714],[80.237867,13.108479],[80.237205,13.108275],[80.237071,13.108735000000001],[80.23688,13.108855],[80.23612899999999,13.109001000000001],[80.235796,13.10909],[80.23554399999999,13.109106],[80.23543699999999,13.10912],[80.235331,13.109155],[80.23453599999999,13.109163],[80.234584,13.1099],[80.234595,13.110109],[80.231569,13.110459],[80.231662,13.111158],[80.230561,13.111326],[80.228994,13.111091],[80.227525,13.110553],[80.227525,13.108437]]]}},{"type":"Feature","properties":{"pincode":"600012","officeName":"Perambur Barracks S.O"},"geometry":{"type":"Polygon","coordinates":[[[80.26697399999999,13.085974],[80.266947,13.086052],[80.266757,13.086831],[80.266515,13.087651000000001],[80.266241,13.088416],[80.265767,13.089388],[80.26576399999999,13.089393000000001],[80.263053,13.089357],[80.261956,13.090196],[80.259985,13.092367000000001],[80.258691,13.092083],[80.25865399999999,13.092075],[80.258505,13.092042000000001],[80.25842999999999,13.092026],[80.258391,13.092017],[80.25823299999999,13.091997000000001],[80.258124,13.091982],[80.257554,13.091909000000001],[80.257385,13.091887],[80.255188,13.091603000000001],[80.253875,13.091433],[80.249425,13.090857],[80.249275,13.090838],[80.24926599999999,13.090837],[80.248655,13.090788],[80.246332,13.090475],[80.246331,13.090475],[80.23954599999999,13.089561],[80.238652,13.089534],[80.237704,13.089504],[80.235835,13.089447],[80.235743,13.088568],[80.235928,13.088327],[80.236059,13.088184],[80.23673,13.088263],[80.237325,13.088631],[80.237701,13.088344000000001],[80.23772199999999,13.087573],[80.237811,13.087361],[80.23795299999999,13.087254],[80.238433,13.087215],[80.239273,13.087011],[80.239452,13.087110000000001],[80.23962399999999,13.086794000000001],[80.239798,13.086478],[80.24002899999999,13.086194],[80.240224,13.085954000000001],[80.240431,13.085700000000001],[80.240661,13.085045000000001],[80.24076699999999,13.084743],[80.240852,13.084445],[80.24104299999999,13.083845],[80.241097,13.083668000000001],[80.241134,13.083453],[80.24119,13.083054],[80.24119,13.08305],[80.241191,13.083041],[80.24122,13.082664000000001],[80.240858,13.082786],[80.240726,13.082831],[80.240555,13.082889],[80.240223,13.082931],[80.23917999999999,13.083062],[80.23864499999999,13.083129],[80.238162,13.083215000000001],[80.237143,13.083396],[80.236336,13.080409],[80.23563299999999,13.078202000000001],[80.235328,13.077113],[80.235111,13.076030000000001],[80.235097,13.076031],[80.235096,13.076027],[80.235111,13.076026],[80.235078,13.075862],[80.235018,13.075277],[80.23497,13.074819],[80.234917,13.074305],[80.234916,13.074272],[80.234914,13.074192],[80.234903,13.073845],[80.234897,13.073645],[80.234852,13.072194],[80.234911,13.072096],[80.234961,13.072013],[80.234967,13.072002],[80.235334,13.071391],[80.235561,13.071014],[80.235744,13.070708],[80.23585,13.070532],[80.23588699999999,13.070493],[80.235963,13.070412000000001],[80.23613399999999,13.070229],[80.236537,13.070083],[80.239181,13.074757],[80.24099799999999,13.074643],[80.241119,13.074440000000001],[80.241722,13.074454000000001],[80.242007,13.074469],[80.24231,13.074488],[80.243509,13.074562],[80.242717,13.073176],[80.242845,13.073134],[80.242679,13.072883000000001],[80.242469,13.072565],[80.242278,13.072276],[80.242137,13.072063],[80.24144,13.070791],[80.241708,13.070739],[80.242006,13.070691],[80.242018,13.070678000000001],[80.242019,13.070678000000001],[80.24228699999999,13.070386000000001],[80.242312,13.070481000000001],[80.24231999999999,13.070511],[80.24253999999999,13.071347000000001],[80.242693,13.071689000000001],[80.242751,13.071819],[80.24300199999999,13.072264],[80.243532,13.07315],[80.24498,13.073521],[80.247571,13.07448],[80.250333,13.075275],[80.250318,13.075821],[80.256557,13.076819],[80.25701099999999,13.077719],[80.25880699999999,13.077757],[80.259228,13.077541],[80.25947,13.077416],[80.259474,13.077414000000001],[80.259627,13.077335],[80.259754,13.07727],[80.260013,13.077182],[80.260517,13.077011],[80.261023,13.076839],[80.261353,13.076713],[80.261775,13.07648],[80.26195299999999,13.076376],[80.26213299999999,13.076193],[80.26224599999999,13.076003],[80.262953,13.076093],[80.263288,13.076018],[80.263626,13.075943],[80.26484599999999,13.086403],[80.26697399999999,13.085974]]]}},{"type":"Feature","properties":{"pincode":"600013","officeName":"Rayapuram S.O"},"geometry":{"type":"Polygon","coordinates":[[[80.29542099999999,13.100483],[80.295422,13.100482],[80.29542,13.100488],[80.295418,13.100494000000001],[80.295413,13.100507],[80.294943,13.101397],[80.294629,13.102025000000001],[80.294449,13.102446],[80.294371,13.102644],[80.29432899999999,13.102825000000001],[80.294292,13.103029000000001],[80.29427799999999,13.103187],[80.294283,13.10349],[80.29432,13.103779000000001],[80.294361,13.104063],[80.29445299999999,13.10443],[80.294527,13.104651],[80.29470599999999,13.104986],[80.295025,13.105573],[80.29557799999999,13.10645],[80.296393,13.107544],[80.297477,13.109059],[80.29834799999999,13.110379],[80.299228,13.111712],[80.299403,13.111965],[80.299435,13.112101000000001],[80.299431,13.112304],[80.299398,13.112462],[80.299343,13.112584],[80.29928799999999,13.112666],[80.299223,13.112724],[80.29914,13.112761],[80.299053,13.112761],[80.29896,13.112742],[80.2989,13.112711000000001],[80.298863,13.11267],[80.29883099999999,13.112611000000001],[80.298804,13.112498],[80.298776,13.112372],[80.298739,13.112268],[80.298541,13.111956000000001],[80.298062,13.11126],[80.297011,13.109745],[80.296167,13.108344],[80.294798,13.106405],[80.293886,13.10537],[80.293697,13.105189000000001],[80.293475,13.105008],[80.293185,13.104863],[80.292816,13.104755],[80.292717,13.104753],[80.29251599999999,13.104750000000001],[80.29226299999999,13.104777],[80.29205499999999,13.104854],[80.29164899999999,13.105107],[80.290943,13.105857],[80.290727,13.10601],[80.290662,13.106105],[80.29060199999999,13.106209],[80.29057399999999,13.106327],[80.29057399999999,13.10662],[80.290593,13.106720000000001],[80.290694,13.106779],[80.290819,13.106806],[80.29090599999999,13.106819],[80.290998,13.106837],[80.291114,13.106892],[80.291151,13.106955000000001],[80.291183,13.107095000000001],[80.291293,13.10776],[80.291524,13.108419],[80.291906,13.109048],[80.29283699999999,13.110648000000001],[80.292929,13.110901],[80.292971,13.111023],[80.29301699999999,13.111136],[80.29301199999999,13.111272],[80.292971,13.11138],[80.292892,13.11143],[80.292597,13.111561],[80.29238,13.111642],[80.29207099999999,13.111732],[80.291707,13.111836],[80.291605,13.111918000000001],[80.291545,13.112004],[80.291495,13.112116],[80.29137899999999,13.112718000000001],[80.291296,13.113423000000001],[80.29135099999999,13.114037],[80.291522,13.11448],[80.29170599999999,13.114788],[80.291849,13.114905],[80.291946,13.114932],[80.292024,13.114919],[80.292384,13.11481],[80.292665,13.114734],[80.29278,13.114734],[80.292979,13.114774],[80.29308499999999,13.114829],[80.293251,13.114869],[80.293454,13.114865],[80.293661,13.114829],[80.293989,13.114734],[80.294371,13.114585],[80.29494799999999,13.114282000000001],[80.29530799999999,13.114002000000001],[80.295428,13.113916],[80.295497,13.113835],[80.29556099999999,13.113736000000001],[80.29558899999999,13.113645],[80.29558899999999,13.113537],[80.295603,13.113437000000001],[80.295658,13.113338],[80.295811,13.11308],[80.296069,13.112638],[80.296369,13.112177],[80.296604,13.111924],[80.296756,13.111757],[80.29704699999999,13.111508],[80.297158,13.111463],[80.29730099999999,13.111477],[80.297384,13.111508],[80.297439,13.111544],[80.29749,13.111594],[80.297536,13.111657000000001],[80.297586,13.111752000000001],[80.297614,13.111843],[80.29768299999999,13.111987000000001],[80.297748,13.112073],[80.297808,13.112128],[80.29788599999999,13.112182],[80.298006,13.112259],[80.298075,13.112363],[80.298098,13.112467],[80.298121,13.112679],[80.298112,13.113041],[80.29800999999999,13.113321000000001],[80.29785799999999,13.113524],[80.29754,13.114053],[80.297443,13.114283],[80.297258,13.114703],[80.29718,13.114902],[80.29711,13.115106],[80.297027,13.11525],[80.296843,13.115494],[80.296585,13.115743],[80.296137,13.116014],[80.295883,13.116131000000001],[80.295496,13.11628],[80.295284,13.116348],[80.2945,13.116483],[80.293702,13.11661],[80.293001,13.116722000000001],[80.292794,13.116758],[80.292628,13.116758],[80.29248,13.11674],[80.29234199999999,13.1167],[80.2922,13.1167],[80.292307,13.116186],[80.291585,13.115546],[80.29151,13.115545000000001],[80.291395,13.115545000000001],[80.29128399999999,13.115544],[80.291055,13.115542],[80.290719,13.11333],[80.290235,13.113408],[80.290131,13.113089],[80.29003999999999,13.112807],[80.289841,13.112217000000001],[80.28971,13.111828000000001],[80.289448,13.11187],[80.28894799999999,13.111909],[80.28872199999999,13.111930000000001],[80.28841299999999,13.111994000000001],[80.288332,13.111783],[80.288259,13.111599],[80.287967,13.110378],[80.287943,13.11029],[80.287942,13.110287],[80.287762,13.109634],[80.287521,13.108762],[80.28761399999999,13.108728000000001],[80.287615,13.108727],[80.287628,13.108722],[80.287644,13.108716000000001],[80.28765,13.108714],[80.28784999999999,13.108640000000001],[80.287786,13.108248],[80.287851,13.107864000000001],[80.28786,13.107698000000001],[80.287796,13.107285000000001],[80.287322,13.107361000000001],[80.287222,13.107365],[80.287179,13.107216000000001],[80.287392,13.107201],[80.288352,13.106998],[80.288192,13.106401],[80.288178,13.106347],[80.288124,13.106146],[80.28808099999999,13.105965000000001],[80.288044,13.105806000000001],[80.288044,13.105805],[80.28804099999999,13.105793],[80.287978,13.105448],[80.287836,13.104685],[80.287817,13.104592],[80.287671,13.10389],[80.286867,13.104048],[80.286417,13.104202],[80.286399,13.104173000000001],[80.286385,13.104137],[80.286369,13.104071000000001],[80.286338,13.103942],[80.286273,13.103672],[80.28621799999999,13.103205],[80.286131,13.102456],[80.28631299999999,13.10242],[80.286467,13.10239],[80.286444,13.10227],[80.28638699999999,13.101918],[80.286379,13.101755],[80.286172,13.101796],[80.285822,13.100086000000001],[80.285743,13.099882000000001],[80.285602,13.099701],[80.285558,13.099527],[80.285523,13.099389],[80.285504,13.099312000000001],[80.285499,13.099292],[80.285507,13.099241000000001],[80.285601,13.099202],[80.28557099999999,13.09905],[80.28522699999999,13.099119],[80.285142,13.099139000000001],[80.285057,13.099156],[80.28488999999999,13.099188],[80.284882,13.099161],[80.28556,13.099006000000001],[80.285501,13.098673],[80.284829,13.098772],[80.284626,13.097581],[80.283114,13.097918],[80.283069,13.097816],[80.28452,13.097443],[80.28582999999999,13.097107000000001],[80.285797,13.09678],[80.284654,13.096909],[80.284566,13.096319000000001],[80.28433,13.094735],[80.283872,13.091565000000001],[80.282935,13.091772],[80.282721,13.091372],[80.282124,13.091517],[80.281925,13.090862],[80.28123,13.090968],[80.280807,13.091032],[80.280396,13.089951000000001],[80.280267,13.089611],[80.281942,13.088488],[80.28187199999999,13.08826],[80.281831,13.088129],[80.281807,13.088093],[80.281812,13.088054],[80.28179399999999,13.087973],[80.28168,13.087461000000001],[80.28136599999999,13.087622],[80.281065,13.087777],[80.280728,13.087729],[80.28039,13.087681],[80.280497,13.087331],[80.280509,13.087292],[80.280782,13.087146],[80.281041,13.087002],[80.281215,13.08691],[80.281235,13.0869],[80.28135,13.08684],[80.281385,13.086822],[80.281419,13.086805],[80.281493,13.086769],[80.281531,13.08675],[80.281558,13.086736],[80.281775,13.086623],[80.281981,13.086571000000001],[80.282001,13.086566],[80.282116,13.086517],[80.28256,13.086328],[80.283101,13.086097],[80.282951,13.085757000000001],[80.28287399999999,13.085584],[80.283892,13.085146],[80.28432699999999,13.084959],[80.284521,13.084875],[80.284769,13.084786000000001],[80.285432,13.084548],[80.286276,13.084244],[80.28654399999999,13.084148],[80.28685399999999,13.084072],[80.288411,13.083688],[80.288747,13.084304],[80.28894,13.084969000000001],[80.289489,13.08691],[80.289489,13.086911],[80.289498,13.086943],[80.290081,13.088688],[80.29042799999999,13.089728000000001],[80.290696,13.090766],[80.29122199999999,13.0928],[80.291511,13.094331],[80.291586,13.095914],[80.293013,13.095559],[80.293807,13.099132],[80.293818,13.099582],[80.294108,13.099906],[80.29502,13.10025],[80.295389,13.100508],[80.29542099999999,13.100483]]]}},{"type":"Feature","properties":{"pincode":"600014","officeName":"Royapettah S.O"},"geometry":{"type":"Polygon","coordinates":[[[80.25224399999999,13.040721],[80.25116,13.038615],[80.250506,13.037842],[80.249293,13.037184],[80.24901299999999,13.036859],[80.251755,13.036626],[80.251874,13.036405],[80.25168599999999,13.034661],[80.25155699999999,13.034675],[80.251522,13.034576],[80.254069,13.034270000000001],[80.253934,13.033327],[80.252889,13.033444000000001],[80.252865,13.033380000000001],[80.253946,13.033267],[80.253861,13.03264],[80.252709,13.032807],[80.252692,13.032735],[80.25380299999999,13.032587],[80.253462,13.030946],[80.253522,13.030937],[80.253664,13.031596],[80.25434899999999,13.03144],[80.254435,13.03177],[80.2545,13.031751],[80.254424,13.031393],[80.25500699999999,13.031317],[80.254885,13.03095],[80.25515,13.03086],[80.255658,13.030692],[80.25549099999999,13.030309],[80.25536199999999,13.03011],[80.255241,13.029921],[80.255104,13.029709],[80.254031,13.029888],[80.25367,13.029936000000001],[80.252299,13.03008],[80.251913,13.030117],[80.251839,13.030108],[80.251831,13.029837],[80.251789,13.029848],[80.251663,13.029623],[80.25164,13.029458],[80.251351,13.029448],[80.251363,13.029372],[80.25173699999999,13.02936],[80.25175,13.029571],[80.252393,13.029315],[80.252242,13.028951000000001],[80.252369,13.028042000000001],[80.25215899999999,13.028032],[80.252163,13.027989],[80.25237299999999,13.028006],[80.25237899999999,13.027782],[80.252378,13.027837],[80.252869,13.027762000000001],[80.253363,13.027686000000001],[80.253242,13.028948],[80.263849,13.028172],[80.263729,13.028531000000001],[80.263812,13.029559],[80.265045,13.029531],[80.265027,13.029121],[80.265164,13.029095],[80.26527399999999,13.029074],[80.265716,13.028989000000001],[80.26648399999999,13.028941],[80.266569,13.029342],[80.266376,13.029402000000001],[80.26651799999999,13.030924],[80.267285,13.03096],[80.26732299999999,13.031703],[80.267299,13.032049],[80.267353,13.032496],[80.267348,13.032776],[80.268135,13.032779],[80.267974,13.033473],[80.267408,13.033554],[80.26703499999999,13.033614],[80.267006,13.033971000000001],[80.267468,13.03407],[80.26749099999999,13.034271],[80.267404,13.034484],[80.267409,13.034821],[80.267696,13.034827],[80.267575,13.034884],[80.267558,13.034948],[80.267095,13.035021],[80.267212,13.036005000000001],[80.267225,13.036620000000001],[80.266819,13.036649],[80.266752,13.036654],[80.266742,13.036631],[80.266207,13.036645],[80.266027,13.036657],[80.265649,13.036681],[80.265342,13.036739],[80.265413,13.037548000000001],[80.265895,13.037560000000001],[80.26594899999999,13.037545],[80.265945,13.037518],[80.266528,13.037487],[80.266706,13.038826],[80.266065,13.038849],[80.266053,13.038574],[80.26499799999999,13.038631],[80.264945,13.038673000000001],[80.264968,13.039133],[80.264693,13.039132],[80.264617,13.039146],[80.264607,13.039859],[80.264547,13.039862000000001],[80.264562,13.039892],[80.26493099999999,13.039868],[80.264974,13.040304],[80.265005,13.040471],[80.265063,13.040814000000001],[80.265078,13.04097],[80.26508299999999,13.041027],[80.265058,13.041142],[80.265039,13.041215000000001],[80.26413,13.041308],[80.264138,13.041602000000001],[80.26407499999999,13.041608],[80.26408599999999,13.04165],[80.264065,13.042261],[80.264263,13.042393],[80.26477299999999,13.042594000000001],[80.264782,13.042667],[80.26478,13.042689000000001],[80.26478,13.042694000000001],[80.26477899999999,13.0427],[80.26477899999999,13.042702],[80.26477799999999,13.042708000000001],[80.264763,13.042879000000001],[80.264765,13.043140000000001],[80.264781,13.043435],[80.26436,13.043389],[80.26427799999999,13.043381],[80.26428,13.04399],[80.264284,13.044034],[80.26398,13.044045],[80.263418,13.044096],[80.26303,13.044095],[80.262933,13.04339],[80.26271899999999,13.043353],[80.26261699999999,13.043348],[80.262447,13.042626],[80.262417,13.042526],[80.26271799999999,13.04242],[80.262648,13.041985],[80.262659,13.041737],[80.26317,13.041711000000001],[80.262849,13.041491],[80.262736,13.041367000000001],[80.262563,13.041177000000001],[80.26236999999999,13.040997],[80.26229,13.040922],[80.262147,13.040676],[80.261831,13.040795000000001],[80.261693,13.040881],[80.260733,13.040974],[80.26069199999999,13.040475],[80.259242,13.040489],[80.259295,13.041289],[80.258203,13.041271],[80.25664499999999,13.041097],[80.256815,13.039952],[80.25490599999999,13.039665000000001],[80.25482099999999,13.03965],[80.254746,13.040701],[80.254655,13.04137],[80.25433799999999,13.041835],[80.253883,13.041511],[80.253287,13.041088],[80.252579,13.040476],[80.252225,13.040553000000001],[80.25224399999999,13.040721]]]}},{"type":"Feature","properties":{"pincode":"600015","officeName":"Saidapet S.O (Chennai)"},"geometry":{"type":"Polygon","coordinates":[[[80.20495799999999,13.00681],[80.205353,13.005657000000001],[80.205579,13.003678],[80.205626,13.003264],[80.205893,13.002281],[80.205894,13.002278],[80.205896,13.002270000000001],[80.205975,13.001978000000001],[80.20882999999999,13.000193],[80.21043399999999,12.999365000000001],[80.210439,12.999431],[80.210967,12.999233],[80.210968,12.999233],[80.21097499999999,12.99923],[80.210978,12.999229],[80.211641,12.99898],[80.212574,12.998724000000001],[80.21421,12.998274],[80.214974,12.997885],[80.215184,12.997671],[80.215443,12.997177],[80.215469,12.996963000000001],[80.215385,12.996524],[80.21523499999999,12.996291000000001],[80.215012,12.996171],[80.21510099999999,12.995363000000001],[80.21510599999999,12.995061],[80.215374,12.994534],[80.21521899999999,12.994258],[80.21569099999999,12.994049],[80.216324,12.99383],[80.218266,12.993025000000001],[80.21873699999999,12.992801],[80.218876,12.992735],[80.218884,12.992743],[80.218904,12.992733000000001],[80.21902299999999,12.992674000000001],[80.219231,12.992571],[80.219336,12.992519],[80.219381,12.992497],[80.219442,12.992471],[80.219875,12.992288],[80.220283,12.992079],[80.220905,12.991703000000001],[80.221527,12.991473000000001],[80.221881,12.992032],[80.221001,12.994314000000001],[80.22196699999999,12.994565],[80.223681,12.994257000000001],[80.22405599999999,12.994189],[80.224665,12.994079000000001],[80.224698,12.994075],[80.224728,12.994256],[80.224767,12.994499000000001],[80.225003,12.995303],[80.225679,12.996192],[80.226688,12.996317],[80.226591,12.996881],[80.227278,12.997484],[80.228719,12.998031000000001],[80.23013,13.000717],[80.230997,13.002886],[80.230604,13.003893],[80.230003,13.004332],[80.229123,13.004688],[80.228706,13.004290000000001],[80.228127,13.004045],[80.227105,13.004606],[80.227092,13.004613],[80.227085,13.004616],[80.227015,13.00465],[80.226914,13.004697],[80.22661,13.004841],[80.226561,13.004864],[80.225957,13.00514],[80.225015,13.005733000000001],[80.223985,13.006381000000001],[80.223647,13.006579],[80.223437,13.006829],[80.223261,13.007005],[80.222155,13.008111],[80.222015,13.008253],[80.221892,13.008376],[80.221739,13.008514],[80.221572,13.008663],[80.221181,13.008879],[80.221068,13.008993],[80.221049,13.009123],[80.221291,13.009379000000001],[80.221436,13.010121],[80.22111699999999,13.01018],[80.221127,13.010442000000001],[80.22112899999999,13.010466000000001],[80.221149,13.010657],[80.221171,13.010852],[80.221184,13.010954],[80.221305,13.011665],[80.22127,13.011671],[80.221231,13.011677],[80.221158,13.011688],[80.221124,13.011694],[80.221086,13.011701],[80.221047,13.011708],[80.22100999999999,13.011716],[80.220715,13.011774],[80.220126,13.011890000000001],[80.22017799999999,13.01218],[80.21996,13.012217],[80.21973299999999,13.012270000000001],[80.219145,13.010655],[80.218929,13.010374],[80.21849999999999,13.010409000000001],[80.21843299999999,13.010414],[80.21786,13.010461000000001],[80.21717199999999,13.010461000000001],[80.21665399999999,13.010383000000001],[80.215458,13.01021],[80.215458,13.009220000000001],[80.214502,13.009116],[80.212705,13.009442],[80.211528,13.009648],[80.211496,13.009603],[80.211285,13.009308],[80.213567,13.007168],[80.213645,13.007095],[80.213425,13.007017000000001],[80.210636,13.006642000000001],[80.20938699999999,13.006542],[80.208814,13.006496],[80.20684,13.006337],[80.20580799999999,13.007372],[80.20495799999999,13.00681]]]}},{"type":"Feature","properties":{"pincode":"600016","officeName":"St Thomas Mount HO"},"geometry":{"type":"Polygon","coordinates":[[[80.158261,12.986453000000001],[80.156797,12.983949],[80.156505,12.983449],[80.156504,12.983448000000001],[80.156162,12.982862],[80.155425,12.981426],[80.155416,12.981408],[80.154281,12.979194],[80.15564599999999,12.975644],[80.155343,12.973928],[80.155738,12.973296],[80.154657,12.972894],[80.15428,12.972754],[80.154147,12.972704],[80.153517,12.97247],[80.153001,12.971707],[80.152315,12.970692],[80.15190799999999,12.97042],[80.15038299999999,12.969866],[80.150009,12.96973],[80.149118,12.969562],[80.14841,12.969207],[80.14826,12.969269],[80.14721899999999,12.969384],[80.146812,12.968945],[80.147058,12.968255000000001],[80.144634,12.967031],[80.144859,12.965734],[80.14326,12.965137],[80.144097,12.964833],[80.145706,12.964248],[80.14753,12.964897],[80.147764,12.964024],[80.149791,12.961181],[80.15029,12.960429],[80.151535,12.958706000000001],[80.152986,12.95965],[80.153477,12.959964000000001],[80.155402,12.961308],[80.155597,12.961444],[80.156491,12.962002],[80.156966,12.962243],[80.157816,12.962465],[80.159182,12.962923],[80.159633,12.963208],[80.160138,12.962553],[80.161277,12.963104],[80.160822,12.963479],[80.178922,12.971471000000001],[80.17930199999999,12.97148],[80.179977,12.971801000000001],[80.181,12.972287],[80.18184099999999,12.972597],[80.182322,12.972775],[80.184241,12.973483],[80.185867,12.974082000000001],[80.187097,12.974536],[80.187404,12.97465],[80.188699,12.975133],[80.190894,12.975952],[80.193895,12.977072],[80.19529299999999,12.977594],[80.19828199999999,12.978926],[80.19901899999999,12.979538],[80.200077,12.980416],[80.20038699999999,12.980897],[80.20129899999999,12.982308],[80.20196299999999,12.983578],[80.202399,12.984411],[80.202619,12.984831],[80.20284699999999,12.985266000000001],[80.203084,12.98572],[80.202862,12.985771],[80.202516,12.985901],[80.202421,12.985949],[80.20221599999999,12.985855],[80.201877,12.985705000000001],[80.20210399999999,12.985906],[80.202463,12.986201],[80.202248,12.986277000000001],[80.201977,12.986285],[80.202157,12.986711],[80.20224,12.987197],[80.202399,12.987377],[80.20243599999999,12.987515],[80.202471,12.987643],[80.202506,12.987772],[80.202576,12.98803],[80.202826,12.988037],[80.203177,12.987969],[80.203012,12.988115],[80.202731,12.988212],[80.202598,12.988203],[80.202501,12.988386],[80.20264,12.988671],[80.202793,12.988985],[80.202636,12.989092000000001],[80.20237999999999,12.989135000000001],[80.202114,12.989084],[80.202039,12.989421],[80.20182799999999,12.989443],[80.201508,12.989476],[80.201291,12.989323],[80.201262,12.988945000000001],[80.20124799999999,12.988763],[80.20123099999999,12.988544000000001],[80.201197,12.988111],[80.201223,12.987932],[80.201177,12.987919],[80.20106799999999,12.987892],[80.201064,12.987921],[80.20104599999999,12.988122],[80.20073099999999,12.988076],[80.20045,12.988035],[80.200433,12.98778],[80.200313,12.987714],[80.200272,12.988298],[80.200232,12.988769],[80.200205,12.989393],[80.199671,12.9892],[80.19979099999999,12.989434000000001],[80.199675,12.989669000000001],[80.199607,12.989807],[80.199557,12.989908],[80.199522,12.989980000000001],[80.199167,12.990065],[80.198503,12.990319],[80.198219,12.990453],[80.19795599999999,12.990722],[80.197886,12.990971],[80.197006,12.990702],[80.195032,12.990809],[80.19350299999999,12.99078],[80.193525,12.991588],[80.193399,12.991849],[80.193514,12.99191],[80.193737,12.991891],[80.194178,12.991854],[80.194394,12.991836000000001],[80.194627,12.992004],[80.195566,12.991946],[80.195579,12.99215],[80.196044,12.992104],[80.196071,12.992507],[80.195331,12.992518],[80.195354,12.992899],[80.195201,12.99305],[80.194817,12.993145],[80.194684,12.993178],[80.194418,12.993217],[80.194332,12.993235],[80.194102,12.993284000000001],[80.194,12.993306],[80.194289,12.993816],[80.193572,12.994023],[80.193096,12.99416],[80.192784,12.99432],[80.192589,12.994255],[80.189866,12.995013],[80.189781,12.993354],[80.189691,12.993237],[80.18960799999999,12.993129],[80.18956299999999,12.993074],[80.189511,12.993046],[80.18947899999999,12.993039],[80.189444,12.993043],[80.189394,12.993064],[80.189346,12.993126],[80.189239,12.993295],[80.189065,12.993578000000001],[80.18871299999999,12.994146],[80.18802099999999,12.995269],[80.18800999999999,12.99438],[80.186551,12.994390000000001],[80.184652,12.992821000000001],[80.182957,12.993177000000001],[80.182548,12.994629],[80.178603,12.994836000000001],[80.179164,12.997262000000001],[80.174855,12.997347],[80.176464,12.997144],[80.176221,12.994511000000001],[80.175675,12.992292],[80.175361,12.991289],[80.175302,12.991101],[80.175017,12.990187],[80.174959,12.990004],[80.174902,12.989821000000001],[80.174157,12.98744],[80.173514,12.986581000000001],[80.17296999999999,12.985853],[80.17254199999999,12.985281],[80.171893,12.984413],[80.17121399999999,12.983505000000001],[80.168604,12.983565],[80.166934,12.983811000000001],[80.165387,12.984038],[80.163294,12.984482],[80.162899,12.986198],[80.16198899999999,12.987736],[80.161382,12.987795],[80.15904499999999,12.987795],[80.158261,12.986453000000001]]]}},{"type":"Feature","properties":{"pincode":"600017","officeName":"Thygarayanagar H.O"},"geometry":{"type":"Polygon","coordinates":[[[80.239689,13.033326],[80.239437,13.03311],[80.237216,13.033932],[80.236965,13.034025],[80.23709099999999,13.034831],[80.23697299999999,13.034786],[80.236442,13.032196],[80.23589199999999,13.032269],[80.235767,13.031759000000001],[80.234909,13.031985],[80.235334,13.033917],[80.234689,13.034025],[80.234872,13.034516],[80.234659,13.034589],[80.228501,13.03576],[80.225736,13.036099],[80.225089,13.036178],[80.22482,13.035103],[80.224723,13.03452],[80.224721,13.034513],[80.22464599999999,13.034064],[80.224531,13.033374],[80.224189,13.030136],[80.224189,13.030133000000001],[80.223654,13.027344000000001],[80.223309,13.025918],[80.223315,13.025916],[80.223063,13.02486],[80.22276,13.023582000000001],[80.222128,13.021035],[80.221436,13.018608],[80.221156,13.017519],[80.22100499999999,13.016933],[80.220882,13.016453],[80.220776,13.016042],[80.220666,13.015612],[80.22057,13.015241],[80.220473,13.014861],[80.220285,13.014132],[80.220191,13.013765000000001],[80.22004799999999,13.013208],[80.219977,13.012931],[80.219904,13.012648],[80.21973299999999,13.012270000000001],[80.21996,13.012217],[80.22017799999999,13.01218],[80.220126,13.011890000000001],[80.220715,13.011774],[80.22100999999999,13.011716],[80.221047,13.011708],[80.221086,13.011701],[80.221124,13.011694],[80.221158,13.011688],[80.221231,13.011677],[80.22127,13.011671],[80.221305,13.011665],[80.221407,13.012539],[80.221659,13.012504],[80.221693,13.012501],[80.221711,13.012499],[80.221727,13.012498],[80.221794,13.012495],[80.221929,13.012488000000001],[80.222132,13.012469000000001],[80.22252,13.012424000000001],[80.222775,13.012395],[80.222889,13.012392],[80.22304,13.012388],[80.223214,13.012409],[80.223392,13.012475],[80.223745,13.01262],[80.223933,13.012682],[80.22421,13.012751],[80.224352,13.012784],[80.224491,13.012814],[80.22453999999999,13.012824],[80.224564,13.012829],[80.22457899999999,13.012832],[80.224588,13.012834],[80.22468599999999,13.012856000000001],[80.225089,13.012931],[80.225158,13.012944000000001],[80.225229,13.012957],[80.225368,13.012983],[80.225507,13.013011],[80.225645,13.01304],[80.225923,13.013098000000001],[80.225995,13.013113],[80.226063,13.013127],[80.226197,13.013155000000001],[80.226805,13.013282],[80.227099,13.013327],[80.227673,13.013433000000001],[80.227952,13.013485000000001],[80.22824899999999,13.013544],[80.228639,13.013613],[80.22874,13.013631],[80.228841,13.01365],[80.229047,13.01369],[80.229406,13.01376],[80.230071,13.013896],[80.23024,13.013906],[80.230336,13.013917000000001],[80.230384,13.013923],[80.230431,13.013929000000001],[80.23057399999999,13.013946],[80.230716,13.013965],[80.230853,13.013983],[80.230869,13.013985],[80.230887,13.013976],[80.23098999999999,13.013988],[80.231856,13.014197000000001],[80.232716,13.014405],[80.232784,13.014299000000001],[80.232913,13.014375000000001],[80.233026,13.014254000000001],[80.23307299999999,13.014144],[80.23323599999999,13.01417],[80.233353,13.014218],[80.233549,13.014298],[80.23379299999999,13.014366],[80.234111,13.014425000000001],[80.234493,13.014482000000001],[80.23473899999999,13.014557],[80.235146,13.014677],[80.235664,13.015076],[80.236169,13.015482],[80.236383,13.015593],[80.236505,13.015881],[80.236639,13.016261],[80.236779,13.016534],[80.23705199999999,13.016785],[80.237466,13.016949],[80.237827,13.017096],[80.237867,13.017062000000001],[80.237917,13.017034],[80.237893,13.017048],[80.237923,13.017074000000001],[80.23798099999999,13.017069000000001],[80.238032,13.017049],[80.238134,13.017173],[80.23837499999999,13.017512],[80.238444,13.017658],[80.238497,13.017844],[80.238514,13.018094],[80.238531,13.018233],[80.23836899999999,13.018277],[80.23841,13.018324],[80.238531,13.01829],[80.238565,13.018531000000001],[80.23863,13.018775],[80.23869599999999,13.019096000000001],[80.238747,13.019258],[80.23877,13.019314],[80.238771,13.019317000000001],[80.23886,13.019556],[80.238851,13.01956],[80.239054,13.019986000000001],[80.239266,13.020492],[80.23934299999999,13.02063],[80.23943299999999,13.020811],[80.23956,13.02105],[80.23963499999999,13.021174],[80.239826,13.02147],[80.239875,13.021575],[80.239963,13.021767],[80.239965,13.021777],[80.240099,13.02201],[80.240189,13.022368],[80.24023799999999,13.022555],[80.240301,13.022835],[80.24033299999999,13.022974],[80.240354,13.023067000000001],[80.24037,13.023136000000001],[80.240375,13.023159],[80.240386,13.023208],[80.240431,13.023424],[80.24052999999999,13.024051],[80.240578,13.024271],[80.24068799999999,13.024635],[80.240871,13.02529],[80.240959,13.025388],[80.241002,13.025598],[80.241044,13.02568],[80.241113,13.025762],[80.24113799999999,13.025951000000001],[80.241165,13.026259],[80.241192,13.026258],[80.24114999999999,13.026334],[80.241085,13.026476],[80.241141,13.026787],[80.241157,13.027299000000001],[80.241125,13.027905],[80.241022,13.028552],[80.24096,13.029154],[80.240931,13.029263],[80.242306,13.029225],[80.24242699999999,13.029459000000001],[80.241942,13.030042],[80.241833,13.030172],[80.24158,13.030476],[80.241519,13.030549],[80.24135799999999,13.030743000000001],[80.240607,13.031168000000001],[80.24064,13.031656],[80.24069399999999,13.032440000000001],[80.240721,13.032831],[80.240072,13.03289],[80.240047,13.032680000000001],[80.239762,13.032707],[80.239539,13.032718000000001],[80.239518,13.032999],[80.239626,13.033092],[80.239689,13.033326]]]}},{"type":"Feature","properties":{"pincode":"600018","officeName":"Teynampet S.O"},"geometry":{"type":"Polygon","coordinates":[[[80.252337,13.027029],[80.252105,13.027093],[80.251364,13.027301],[80.25013,13.027636000000001],[80.250168,13.026632000000001],[80.24940099999999,13.026747],[80.249374,13.025493],[80.24932,13.025357],[80.250297,13.025274],[80.250221,13.024364],[80.248151,13.024610000000001],[80.24812399999999,13.024202],[80.245914,13.024223000000001],[80.245811,13.024387],[80.24565199999999,13.02462],[80.245857,13.024713],[80.24583,13.024757000000001],[80.245637,13.024683],[80.245375,13.024731000000001],[80.245373,13.027259],[80.244484,13.02732],[80.244295,13.027333],[80.243843,13.02736],[80.24367099999999,13.027369],[80.243672,13.027369],[80.242155,13.027447],[80.242238,13.027894],[80.24242199999999,13.028179],[80.242575,13.029281000000001],[80.242442,13.029489],[80.24242699999999,13.029459000000001],[80.242306,13.029225],[80.240931,13.029263],[80.24096,13.029154],[80.241022,13.028552],[80.241125,13.027905],[80.241157,13.027299000000001],[80.241141,13.026787],[80.241085,13.026476],[80.24114999999999,13.026334],[80.241192,13.026258],[80.241165,13.026259],[80.24113799999999,13.025951000000001],[80.241113,13.025762],[80.241044,13.02568],[80.241002,13.025598],[80.240959,13.025388],[80.240871,13.02529],[80.24068799999999,13.024635],[80.240578,13.024271],[80.24052999999999,13.024051],[80.240431,13.023424],[80.240386,13.023208],[80.240375,13.023159],[80.24037,13.023136000000001],[80.240354,13.023067000000001],[80.24033299999999,13.022974],[80.240301,13.022835],[80.24023799999999,13.022555],[80.240189,13.022368],[80.240099,13.02201],[80.239965,13.021777],[80.239963,13.021767],[80.239875,13.021575],[80.239826,13.02147],[80.23963499999999,13.021174],[80.23956,13.02105],[80.23943299999999,13.020811],[80.23934299999999,13.02063],[80.239266,13.020492],[80.239054,13.019986000000001],[80.238851,13.01956],[80.23886,13.019556],[80.238771,13.019317000000001],[80.23877,13.019314],[80.238747,13.019258],[80.23869599999999,13.019096000000001],[80.23863,13.018775],[80.238565,13.018531000000001],[80.238531,13.01829],[80.23841,13.018324],[80.23836899999999,13.018277],[80.238531,13.018233],[80.238514,13.018094],[80.238497,13.017844],[80.238444,13.017658],[80.23837499999999,13.017512],[80.238134,13.017173],[80.238032,13.017049],[80.23798099999999,13.017069000000001],[80.237923,13.017074000000001],[80.237893,13.017048],[80.237917,13.017034],[80.238029,13.016894],[80.238546,13.017086],[80.23871799999999,13.01715],[80.238872,13.017154],[80.23921299999999,13.017096],[80.23950099999999,13.016976],[80.239435,13.016922000000001],[80.239486,13.016874],[80.239576,13.016787],[80.239503,13.016732000000001],[80.23942199999999,13.016667],[80.239273,13.016547000000001],[80.239628,13.016547000000001],[80.239707,13.016037],[80.239721,13.015945],[80.239723,13.015778000000001],[80.23973099999999,13.015223],[80.238919,13.015217],[80.238689,13.015215],[80.23877999999999,13.014533],[80.238777,13.014273000000001],[80.238468,13.014217],[80.238407,13.014236],[80.238238,13.014289],[80.238069,13.014342000000001],[80.237997,13.014365],[80.237933,13.014363],[80.23791899999999,13.014323000000001],[80.238066,13.014279],[80.238388,13.014182],[80.238623,13.014188],[80.238807,13.014217],[80.23890399999999,13.013829],[80.239222,13.013626],[80.239002,13.012896],[80.238629,13.012963000000001],[80.238568,13.012902],[80.238411,13.012947],[80.238332,13.012970000000001],[80.238292,13.01298],[80.238253,13.01299],[80.23814899999999,13.013016],[80.238135,13.012972],[80.238028,13.012657],[80.23790699999999,13.012654],[80.237859,13.012611],[80.237893,13.012599],[80.237931,13.012627],[80.238002,13.012640000000001],[80.238029,13.012637],[80.238094,13.012631],[80.23817,13.012624],[80.238316,13.01261],[80.238607,13.012583000000001],[80.23919,13.012528],[80.239295,13.012579],[80.239578,13.012562],[80.23951,13.011733],[80.23971399999999,13.011564],[80.239848,13.011544],[80.24018699999999,13.011492],[80.24068299999999,13.011416],[80.240897,13.011382000000001],[80.241004,13.011368000000001],[80.24110999999999,13.011354],[80.241235,13.011339],[80.24136,13.011324],[80.24161,13.011296],[80.242109,13.011241],[80.24362099999999,13.010810000000001],[80.243674,13.010958],[80.24378399999999,13.010923],[80.244044,13.011285],[80.246319,13.011119],[80.249115,13.011106],[80.250338,13.010978],[80.250378,13.010973],[80.25041399999999,13.01097],[80.25045399999999,13.010966],[80.25049,13.010963],[80.250528,13.01096],[80.250564,13.010958],[80.250603,13.010955000000001],[80.25063899999999,13.010952],[80.250941,13.010929],[80.25124199999999,13.010907],[80.251543,13.010884],[80.25165299999999,13.010932],[80.25186599999999,13.010894],[80.25184999999999,13.010303],[80.251841,13.009999],[80.25195,13.009999],[80.25206,13.009998],[80.252033,13.009959],[80.252032,13.00991],[80.252027,13.009751],[80.252044,13.009756],[80.252055,13.009963],[80.252081,13.009988],[80.252134,13.010006],[80.252248,13.010014],[80.25264,13.010021],[80.252712,13.010032],[80.252771,13.010060000000001],[80.25278399999999,13.010066],[80.252794,13.010077],[80.252811,13.010095],[80.25285699999999,13.010147],[80.252921,13.010181000000001],[80.252943,13.010182],[80.252939,13.010108],[80.253074,13.010102],[80.253074,13.010655],[80.25320099999999,13.010672],[80.25319,13.010714],[80.253297,13.010722],[80.25332399999999,13.010706],[80.253345,13.010695],[80.253395,13.010674],[80.25349299999999,13.010633],[80.253576,13.010618000000001],[80.253716,13.010592],[80.253828,13.010582],[80.25393799999999,13.010573],[80.254089,13.010609],[80.254115,13.010682000000001],[80.254072,13.010893000000001],[80.254009,13.010951],[80.253844,13.01097],[80.25383699999999,13.011296],[80.254192,13.011432000000001],[80.254096,13.012211],[80.253816,13.012220000000001],[80.253354,13.012234000000001],[80.25234,13.012266],[80.25328499999999,13.015013],[80.253757,13.016384],[80.253649,13.018286],[80.249787,13.018454],[80.249631,13.018448000000001],[80.250539,13.019527],[80.252133,13.021802000000001],[80.253199,13.023324],[80.25362799999999,13.024913],[80.253441,13.026865],[80.252337,13.027029]]]}},{"type":"Feature","properties":{"pincode":"600020","officeName":"Adyar S.O (Chennai)"},"geometry":{"type":"Polygon","coordinates":[[[80.241107,12.988741000000001],[80.241156,12.988098],[80.24116099999999,12.987879],[80.241188,12.987675000000001],[80.24127899999999,12.987394],[80.241252,12.987011],[80.241326,12.986712],[80.24125,12.986061000000001],[80.24137,12.985589000000001],[80.241432,12.985041],[80.24168999999999,12.984702],[80.241675,12.984096000000001],[80.241756,12.983529],[80.242029,12.983085],[80.242105,12.982332],[80.24233699999999,12.981126],[80.242392,12.980903],[80.242483,12.980194000000001],[80.242715,12.979715],[80.242927,12.979183],[80.242988,12.978341],[80.24314199999999,12.977731],[80.243324,12.977318],[80.24342899999999,12.976678],[80.24389599999999,12.975661],[80.244163,12.974563],[80.244368,12.973787],[80.24441999999999,12.973508],[80.244647,12.972574],[80.244539,12.971843],[80.24492,12.970994000000001],[80.245241,12.970158],[80.245334,12.969885],[80.245334,12.969884],[80.24543,12.970049],[80.24555099999999,12.970079],[80.245646,12.970149000000001],[80.245684,12.970232000000001],[80.245676,12.970302],[80.245785,12.970764],[80.245819,12.970866000000001],[80.245969,12.970908],[80.246071,12.970746],[80.246059,12.971070000000001],[80.246026,12.971368],[80.246045,12.971588],[80.246015,12.971743],[80.245967,12.971939],[80.246149,12.971929000000001],[80.246375,12.97189],[80.246566,12.971851000000001],[80.24671,12.971825],[80.24703199999999,12.971671],[80.247322,12.971623000000001],[80.247275,12.971268],[80.24725,12.971153000000001],[80.247198,12.970931],[80.24723399999999,12.970793],[80.2473,12.970647],[80.247518,12.970534],[80.247646,12.970701],[80.24778599999999,12.970832],[80.248086,12.970989],[80.248344,12.971245],[80.24877,12.971603],[80.24900099999999,12.971795],[80.249241,12.971984],[80.249464,12.972169000000001],[80.249594,12.972291],[80.249747,12.972349],[80.249865,12.972343],[80.249878,12.97244],[80.24987,12.972607],[80.249916,12.972683],[80.24991899999999,12.972857000000001],[80.249938,12.973034],[80.24984599999999,12.973257],[80.249937,12.973529000000001],[80.249877,12.973746],[80.24994199999999,12.97406],[80.249926,12.974267000000001],[80.249967,12.974554],[80.25000299999999,12.975254],[80.249933,12.975588],[80.249938,12.975735],[80.24990199999999,12.975974],[80.249899,12.97606],[80.249899,12.976067],[80.24989099999999,12.976325000000001],[80.24987,12.976402],[80.24987,12.976584],[80.249841,12.97673],[80.24983,12.976835],[80.249817,12.976963],[80.24978899999999,12.977049000000001],[80.24977799999999,12.977277],[80.24978399999999,12.977462000000001],[80.249776,12.977654000000001],[80.249797,12.977758],[80.249808,12.978139],[80.2498,12.978431],[80.2498,12.978693],[80.24978899999999,12.978904],[80.24980599999999,12.979052000000001],[80.250075,12.979039],[80.250321,12.979033000000001],[80.250612,12.978976000000001],[80.250733,12.978952],[80.25120799999999,12.978901],[80.25130399999999,12.978903],[80.25145599999999,12.978874000000001],[80.251689,12.978848000000001],[80.251884,12.978859],[80.252162,12.978798000000001],[80.25226599999999,12.978787],[80.252656,12.978777000000001],[80.253123,12.978704],[80.253569,12.978657],[80.253823,12.978618],[80.254293,12.978568000000001],[80.25486699999999,12.978530000000001],[80.255468,12.978464],[80.255838,12.978401],[80.258022,12.986011],[80.261777,12.984193],[80.262936,12.985614],[80.263429,12.986491000000001],[80.263751,12.986930000000001],[80.26547699999999,12.986035000000001],[80.266142,12.987143],[80.26719299999999,12.986934],[80.267862,12.988135],[80.26897799999999,12.990893],[80.269324,12.993353],[80.267948,12.993024],[80.266876,12.993359],[80.266189,12.993192],[80.26661899999999,12.994696000000001],[80.26571799999999,12.995365],[80.263701,12.995323],[80.260423,12.994153],[80.256937,12.993849],[80.25327899999999,12.993933],[80.251177,12.993181],[80.247214,12.994925],[80.24370499999999,12.997771],[80.24240499999999,12.99492],[80.241789,12.989537],[80.241107,12.988741000000001]]]}},{"type":"Feature","properties":{"pincode":"600021","officeName":"Washermanpet S.O"},"geometry":{"type":"Polygon","coordinates":[[[80.280267,13.089611],[80.280396,13.089951000000001],[80.280807,13.091032],[80.28123,13.090968],[80.281925,13.090862],[80.282124,13.091517],[80.282721,13.091372],[80.282935,13.091772],[80.283872,13.091565000000001],[80.28433,13.094735],[80.284566,13.096319000000001],[80.284654,13.096909],[80.285797,13.09678],[80.28582999999999,13.097107000000001],[80.28452,13.097443],[80.283069,13.097816],[80.283114,13.097918],[80.284626,13.097581],[80.284829,13.098772],[80.285501,13.098673],[80.28556,13.099006000000001],[80.284882,13.099161],[80.28488999999999,13.099188],[80.285057,13.099156],[80.285142,13.099139000000001],[80.28522699999999,13.099119],[80.28557099999999,13.09905],[80.285601,13.099202],[80.285507,13.099241000000001],[80.285499,13.099292],[80.285504,13.099312000000001],[80.285523,13.099389],[80.285558,13.099527],[80.285602,13.099701],[80.285743,13.099882000000001],[80.285822,13.100086000000001],[80.286172,13.101796],[80.286379,13.101755],[80.28638699999999,13.101918],[80.286444,13.10227],[80.286467,13.10239],[80.28631299999999,13.10242],[80.286131,13.102456],[80.28621799999999,13.103205],[80.286273,13.103672],[80.286338,13.103942],[80.286369,13.104071000000001],[80.286385,13.104137],[80.286399,13.104173000000001],[80.286417,13.104202],[80.285378,13.104405],[80.285101,13.103738],[80.283546,13.104032],[80.283698,13.104837],[80.282564,13.105025],[80.28259,13.105262],[80.281858,13.105436000000001],[80.28082599999999,13.105611],[80.27989699999999,13.105768000000001],[80.277852,13.106215],[80.278076,13.106998],[80.275607,13.107567],[80.275649,13.107837],[80.274879,13.109096000000001],[80.27427,13.108690000000001],[80.274027,13.108572],[80.273765,13.108485],[80.272211,13.108409],[80.271491,13.108382],[80.270727,13.108363],[80.26768899999999,13.108287],[80.26744099999999,13.108327000000001],[80.267358,13.107894],[80.267191,13.106810000000001],[80.267265,13.106767],[80.26735599999999,13.106715],[80.26733899999999,13.106641],[80.267331,13.106608],[80.26679299999999,13.104261000000001],[80.266618,13.103499000000001],[80.266577,13.10332],[80.266402,13.10269],[80.26608,13.10153],[80.265766,13.100398],[80.26564499999999,13.099961],[80.265625,13.099889000000001],[80.264938,13.097268],[80.264625,13.096075],[80.264112,13.094116],[80.26404099999999,13.092816000000001],[80.26576399999999,13.089393000000001],[80.265767,13.089388],[80.266241,13.088416],[80.266515,13.087651000000001],[80.266757,13.086831],[80.266947,13.086052],[80.26697399999999,13.085974],[80.267409,13.086093],[80.267629,13.086153],[80.26979899999999,13.086747],[80.271444,13.087197],[80.272446,13.087471],[80.27340699999999,13.087847],[80.273523,13.087916],[80.273652,13.087993],[80.273754,13.088054],[80.273815,13.088092],[80.273827,13.088099],[80.273868,13.088124],[80.273938,13.088168],[80.27398,13.088355],[80.274564,13.088255],[80.27552,13.08827],[80.275554,13.088084],[80.275916,13.088055],[80.27626699999999,13.088027],[80.276445,13.088013],[80.27690799999999,13.088006],[80.27703699999999,13.088372],[80.27729099999999,13.090322],[80.277491,13.090248],[80.278733,13.08979],[80.27917099999999,13.089627],[80.279276,13.089588000000001],[80.279522,13.089494],[80.279678,13.089435],[80.280112,13.089271],[80.28016,13.089253000000001],[80.280267,13.089611]]]}},{"type":"Feature","properties":{"pincode":"600022","officeName":"Rajbhavan S.O (Chennai)"},"geometry":{"type":"Polygon","coordinates":[[[80.218876,12.992735],[80.21880399999999,12.992653],[80.21878199999999,12.992628],[80.218722,12.992559],[80.218721,12.992558],[80.218718,12.992554],[80.218655,12.992483],[80.21852299999999,12.992332000000001],[80.21817899999999,12.991911],[80.218013,12.991708000000001],[80.2178,12.991447],[80.21731199999999,12.99085],[80.216836,12.990267000000001],[80.216399,12.989732],[80.215992,12.988707],[80.214365,12.987279000000001],[80.21436,12.986812],[80.214789,12.986823000000001],[80.214983,12.986342],[80.214902,12.985959000000001],[80.214902,12.985958],[80.21487499999999,12.985829],[80.214929,12.985798],[80.214855,12.985667000000001],[80.21482499999999,12.985615000000001],[80.21479699999999,12.985565000000001],[80.214715,12.98542],[80.214664,12.985331],[80.214587,12.985195000000001],[80.21444199999999,12.98494],[80.214339,12.984763000000001],[80.214244,12.98459],[80.213942,12.983959],[80.213686,12.983682],[80.213431,12.983406],[80.212824,12.982811],[80.212411,12.982286],[80.212221,12.982079],[80.212177,12.98203],[80.212008,12.981846],[80.211955,12.981788],[80.21195399999999,12.981787],[80.211807,12.981627],[80.211595,12.981278],[80.21159399999999,12.981277],[80.211593,12.981275],[80.21132399999999,12.980833],[80.21097,12.980139],[80.210927,12.979756],[80.210884,12.978868],[80.211152,12.978136000000001],[80.211483,12.977534],[80.211624,12.977277],[80.211732,12.97708],[80.21247199999999,12.975857],[80.214124,12.973953],[80.215133,12.976285],[80.21562999999999,12.976493],[80.216683,12.975924000000001],[80.21693499999999,12.975638],[80.22135999999999,12.975273],[80.22371199999999,12.975569],[80.22545699999999,12.976307],[80.22658,12.976898],[80.228289,12.978219000000001],[80.229299,12.979028],[80.230301,12.979996],[80.231112,12.980749],[80.23145699999999,12.981253],[80.231639,12.981514],[80.231945,12.982172],[80.232186,12.982757],[80.232497,12.983614000000001],[80.232733,12.984168],[80.233002,12.984815000000001],[80.232969,12.984909],[80.233216,12.985374],[80.233436,12.98563],[80.233924,12.985959000000001],[80.233775,12.987163],[80.23374799999999,12.98738],[80.233746,12.987396],[80.23370899999999,12.987692000000001],[80.233627,12.988354000000001],[80.233614,12.988456000000001],[80.23361299999999,12.988471],[80.233561,12.988887],[80.233549,12.988984],[80.233479,12.989076],[80.23292099999999,12.989192000000001],[80.23235799999999,12.989295],[80.232218,12.989321],[80.23221699999999,12.989321],[80.23167099999999,12.989421],[80.230661,12.989607],[80.230593,12.989619000000001],[80.228544,12.989995],[80.225883,12.990486],[80.22413399999999,12.990841],[80.223533,12.990956],[80.22273899999999,12.991061],[80.222259,12.99123],[80.221527,12.991473000000001],[80.220905,12.991703000000001],[80.220283,12.992079],[80.219875,12.992288],[80.219442,12.992471],[80.219381,12.992497],[80.219336,12.992519],[80.219231,12.992571],[80.21902299999999,12.992674000000001],[80.218904,12.992733000000001],[80.218884,12.992743],[80.218876,12.992735]]]}},{"type":"Feature","properties":{"pincode":"600023","officeName":"Aynavaram S.O"},"geometry":{"type":"Polygon","coordinates":[[[80.235096,13.076027],[80.235097,13.076031],[80.235111,13.076030000000001],[80.235328,13.077113],[80.23563299999999,13.078202000000001],[80.236336,13.080409],[80.237143,13.083396],[80.238162,13.083215000000001],[80.23864499999999,13.083129],[80.23917999999999,13.083062],[80.240223,13.082931],[80.240555,13.082889],[80.240726,13.082831],[80.240858,13.082786],[80.24122,13.082664000000001],[80.241191,13.083041],[80.24119,13.08305],[80.24119,13.083054],[80.241134,13.083453],[80.241097,13.083668000000001],[80.24104299999999,13.083845],[80.240852,13.084445],[80.24076699999999,13.084743],[80.240661,13.085045000000001],[80.240431,13.085700000000001],[80.240224,13.085954000000001],[80.24002899999999,13.086194],[80.239798,13.086478],[80.23962399999999,13.086794000000001],[80.239452,13.087110000000001],[80.239273,13.087011],[80.238433,13.087215],[80.23795299999999,13.087254],[80.237811,13.087361],[80.23772199999999,13.087573],[80.237701,13.088344000000001],[80.237325,13.088631],[80.23673,13.088263],[80.236059,13.088184],[80.235928,13.088327],[80.235743,13.088568],[80.235835,13.089447],[80.235807,13.089607],[80.23575199999999,13.08972],[80.235205,13.089694],[80.23461999999999,13.089702],[80.233912,13.089690000000001],[80.233904,13.089690000000001],[80.233487,13.089683],[80.232958,13.089706],[80.232381,13.089731],[80.231264,13.089776],[80.231037,13.089773000000001],[80.230927,13.089772],[80.23057399999999,13.089752],[80.229846,13.089785000000001],[80.229101,13.089826],[80.228943,13.089834],[80.228214,13.089872],[80.22798,13.089884],[80.227846,13.089891],[80.22673,13.089949],[80.226564,13.089958000000001],[80.22614,13.089979],[80.22438,13.090079000000001],[80.223895,13.090106],[80.221477,13.090243000000001],[80.221345,13.090251],[80.21977,13.090366],[80.21818499999999,13.090481],[80.218077,13.0905],[80.217942,13.089718],[80.217804,13.089545000000001],[80.21830299999999,13.088918],[80.214897,13.089232],[80.214827,13.088568],[80.214907,13.088459],[80.214894,13.088234],[80.214884,13.087886000000001],[80.214816,13.08722],[80.214081,13.087252],[80.214012,13.086849],[80.213981,13.086717],[80.21396299999999,13.086640000000001],[80.214006,13.086541],[80.214277,13.086331],[80.21463899999999,13.08605],[80.215485,13.085959],[80.215496,13.085958],[80.215541,13.085953],[80.215547,13.085952],[80.216048,13.085874],[80.21624899999999,13.08581],[80.216453,13.085785],[80.216369,13.084834],[80.216219,13.083248000000001],[80.216211,13.083164],[80.21621,13.083154],[80.216182,13.08286],[80.215873,13.080925],[80.21662599999999,13.080765],[80.216101,13.078626],[80.21556199999999,13.07869],[80.215323,13.078291],[80.215189,13.077881],[80.215187,13.077875],[80.2152,13.077871],[80.215199,13.077869],[80.21596199999999,13.077693],[80.216736,13.077536],[80.218394,13.076499],[80.22113,13.074022000000001],[80.22189,13.073331],[80.22196699999999,13.073261],[80.222065,13.073173],[80.222523,13.072756],[80.223911,13.071508],[80.225413,13.0709],[80.22556,13.071872],[80.22560899999999,13.072402],[80.225717,13.072882],[80.225988,13.074754],[80.22682,13.074921],[80.227083,13.074965],[80.22708899999999,13.074966],[80.227097,13.074968],[80.227217,13.074988000000001],[80.227657,13.075035],[80.22810799999999,13.075057000000001],[80.228538,13.07504],[80.22854,13.07504],[80.22855799999999,13.075039],[80.229419,13.074983],[80.231151,13.074860000000001],[80.23285,13.074717],[80.233261,13.074682000000001],[80.23386099999999,13.074631],[80.23440099999999,13.074586],[80.234606,13.076076],[80.235096,13.076027]]]}},{"type":"Feature","properties":{"pincode":"600024","officeName":"Kodambakkam S.O"},"geometry":{"type":"Polygon","coordinates":[[[80.225089,13.036178],[80.22362,13.036191],[80.22277199999999,13.036198],[80.22185999999999,13.036206],[80.22202399999999,13.037794],[80.222062,13.038056000000001],[80.222138,13.038507000000001],[80.22177599999999,13.03849],[80.221473,13.038475],[80.221192,13.038462],[80.220722,13.038439],[80.22071,13.038438000000001],[80.22070099999999,13.038417],[80.220148,13.038412000000001],[80.220122,13.038662],[80.220012,13.039731],[80.219991,13.039941],[80.219967,13.040171],[80.219948,13.040361],[80.21990699999999,13.040758],[80.219573,13.040722],[80.218239,13.04058],[80.216764,13.040282],[80.216088,13.04035],[80.216364,13.04185],[80.215154,13.042269000000001],[80.214623,13.041502],[80.214339,13.041092],[80.213556,13.040413000000001],[80.211804,13.040194],[80.210165,13.039921],[80.210509,13.036587],[80.210835,13.035029],[80.210453,13.035005],[80.210595,13.033431],[80.21045099999999,13.033197],[80.210509,13.03133],[80.211452,13.031305],[80.211338,13.029664],[80.208384,13.029658],[80.208721,13.028318],[80.208888,13.027696],[80.209063,13.027048],[80.21097499999999,13.026715000000001],[80.21127,13.026664],[80.211347,13.026641],[80.21176299999999,13.026516],[80.212021,13.026789],[80.212783,13.026575000000001],[80.214484,13.026126],[80.214575,13.026612],[80.21464499999999,13.027056],[80.21588899999999,13.026826],[80.216157,13.027824],[80.216764,13.027657],[80.217439,13.027482000000001],[80.218098,13.027307],[80.218783,13.027124],[80.219602,13.026906],[80.22041399999999,13.026689000000001],[80.221912,13.02629],[80.222824,13.026047],[80.223315,13.025916],[80.223309,13.025918],[80.223654,13.027344000000001],[80.224189,13.030133000000001],[80.224189,13.030136],[80.224531,13.033374],[80.22464599999999,13.034064],[80.224721,13.034513],[80.224723,13.03452],[80.22482,13.035103],[80.225089,13.036178]]]}},{"type":"Feature","properties":{"pincode":"600025","officeName":"Engineering College S.O (Chennai)"},"geometry":{"type":"Polygon","coordinates":[[[80.221527,12.991473000000001],[80.222259,12.99123],[80.22273899999999,12.991061],[80.223533,12.990956],[80.22413399999999,12.990841],[80.225883,12.990486],[80.228544,12.989995],[80.230593,12.989619000000001],[80.230661,12.989607],[80.23167099999999,12.989421],[80.23221699999999,12.989321],[80.232218,12.989321],[80.23235799999999,12.989295],[80.23292099999999,12.989192000000001],[80.233479,12.989076],[80.235069,12.988798000000001],[80.236946,12.988798000000001],[80.23799,12.98881],[80.238727,12.988754],[80.238727,12.988753],[80.238687,12.988751],[80.23865099999999,12.988749],[80.238614,12.988747],[80.238468,12.988738],[80.23815499999999,12.988722000000001],[80.237505,12.98869],[80.238047,12.988713],[80.23873999999999,12.988753],[80.23960699999999,12.988779000000001],[80.241107,12.988741000000001],[80.241789,12.989537],[80.24023799999999,12.991239],[80.239023,12.992544],[80.238958,12.993693],[80.239066,12.995093],[80.238092,12.996883],[80.236462,12.996779],[80.235298,12.997786],[80.235131,12.997762],[80.23459799999999,12.997705],[80.234504,12.998371],[80.23374199999999,12.998489000000001],[80.232032,12.998664],[80.231379,12.999369],[80.231016,12.999761],[80.230791,13.000004],[80.23013,13.000717],[80.228719,12.998031000000001],[80.227278,12.997484],[80.226591,12.996881],[80.226688,12.996317],[80.225679,12.996192],[80.225003,12.995303],[80.224767,12.994499000000001],[80.224728,12.994256],[80.224698,12.994075],[80.224665,12.994079000000001],[80.22405599999999,12.994189],[80.223681,12.994257000000001],[80.22196699999999,12.994565],[80.221001,12.994314000000001],[80.221881,12.992032],[80.221527,12.991473000000001]]]}},{"type":"Feature","properties":{"pincode":"600026","officeName":"Vadapalani S.O"},"geometry":{"type":"Polygon","coordinates":[[[80.215154,13.042269000000001],[80.214665,13.041896],[80.214123,13.041541],[80.213425,13.041422],[80.213303,13.040957],[80.211769,13.04069],[80.210231,13.040536],[80.208638,13.040572000000001],[80.207318,13.040454],[80.20682099999999,13.040325000000001],[80.206199,13.040495],[80.20608899999999,13.039826],[80.205542,13.039811],[80.20566,13.043175],[80.205413,13.043152000000001],[80.205224,13.043138],[80.20486,13.042814],[80.204548,13.042376],[80.20407399999999,13.042122],[80.203341,13.042208],[80.202921,13.042398],[80.202676,13.042481],[80.202461,13.04256],[80.202462,13.041771],[80.20246399999999,13.04029],[80.202466,13.039003000000001],[80.201021,13.039231000000001],[80.199551,13.039463],[80.19847399999999,13.039633],[80.19814,13.039686],[80.198076,13.037859000000001],[80.19802899999999,13.036533],[80.197977,13.035065],[80.197917,13.03334],[80.197872,13.032071],[80.197816,13.030482000000001],[80.197788,13.02921],[80.197765,13.027824],[80.197743,13.02652],[80.197741,13.025563],[80.198937,13.026674],[80.20031,13.02729],[80.201802,13.027584000000001],[80.203181,13.027848],[80.20336499999999,13.028925000000001],[80.206011,13.029084000000001],[80.206317,13.027874],[80.208721,13.028318],[80.208384,13.029658],[80.211338,13.029664],[80.211452,13.031305],[80.210509,13.03133],[80.21045099999999,13.033197],[80.210595,13.033431],[80.210453,13.035005],[80.210835,13.035029],[80.210509,13.036587],[80.210165,13.039921],[80.211804,13.040194],[80.213556,13.040413000000001],[80.214339,13.041092],[80.214623,13.041502],[80.215154,13.042269000000001]]]}},{"type":"Feature","properties":{"pincode":"600028","officeName":"Raja Annamalaipuram S.O"},"geometry":{"type":"Polygon","coordinates":[[[80.254096,13.012211],[80.254192,13.011432000000001],[80.25383699999999,13.011296],[80.253844,13.01097],[80.254009,13.010951],[80.254072,13.010893000000001],[80.254115,13.010682000000001],[80.254089,13.010609],[80.25393799999999,13.010573],[80.253828,13.010582],[80.253716,13.010592],[80.253576,13.010618000000001],[80.25349299999999,13.010633],[80.253395,13.010674],[80.253345,13.010695],[80.25332399999999,13.010706],[80.253297,13.010722],[80.25319,13.010714],[80.25320099999999,13.010672],[80.253074,13.010655],[80.253074,13.010102],[80.252939,13.010108],[80.252943,13.010182],[80.252921,13.010181000000001],[80.25285699999999,13.010147],[80.252811,13.010095],[80.252794,13.010077],[80.25278399999999,13.010066],[80.252771,13.010060000000001],[80.252712,13.010032],[80.25264,13.010021],[80.252248,13.010014],[80.252134,13.010006],[80.252081,13.009988],[80.252055,13.009963],[80.252044,13.009756],[80.252027,13.009751],[80.252032,13.00991],[80.252033,13.009959],[80.25206,13.009998],[80.25195,13.009999],[80.251841,13.009999],[80.25184999999999,13.010303],[80.25186599999999,13.010894],[80.25165299999999,13.010932],[80.251543,13.010884],[80.25124199999999,13.010907],[80.250941,13.010929],[80.25063899999999,13.010952],[80.250603,13.010955000000001],[80.250564,13.010958],[80.250528,13.01096],[80.25049,13.010963],[80.25045399999999,13.010966],[80.25041399999999,13.01097],[80.250378,13.010973],[80.250338,13.010978],[80.249115,13.011106],[80.246319,13.011119],[80.244044,13.011285],[80.24378399999999,13.010923],[80.243674,13.010958],[80.24362099999999,13.010810000000001],[80.243369,13.010417],[80.242959,13.009959],[80.24259599999999,13.010087],[80.242186,13.010115],[80.242164,13.010116],[80.242134,13.010118],[80.24201099999999,13.010138],[80.24196599999999,13.010145],[80.241738,13.010181000000001],[80.241402,13.009723000000001],[80.240984,13.009504],[80.240906,13.009413],[80.240878,13.009381000000001],[80.240769,13.009253000000001],[80.240557,13.009024],[80.240259,13.008854],[80.240152,13.008848],[80.240055,13.008543],[80.239967,13.008261000000001],[80.239955,13.008222],[80.239931,13.008143],[80.239915,13.007961],[80.239279,13.006908000000001],[80.238702,13.00744],[80.238293,13.007913],[80.237807,13.008372],[80.23737299999999,13.007872],[80.23907,13.006444],[80.239868,13.005806],[80.240591,13.004727],[80.241282,13.003696],[80.241933,13.001128],[80.24204499999999,13.000918],[80.242156,13.00071],[80.242323,13.000398],[80.242682,12.999725],[80.242717,12.999659000000001],[80.242773,12.999553],[80.242826,12.999452],[80.24370499999999,12.997771],[80.247214,12.994925],[80.251177,12.993181],[80.25327899999999,12.993933],[80.256937,12.993849],[80.260423,12.994153],[80.263701,12.995323],[80.26571799999999,12.995365],[80.26661899999999,12.994696000000001],[80.266189,12.993192],[80.266876,12.993359],[80.267948,12.993024],[80.269324,12.993353],[80.26932599999999,12.993371],[80.269374,12.993706],[80.269409,12.993955],[80.269464,12.994349],[80.269683,12.994299],[80.26974299999999,12.994293],[80.269781,12.994309],[80.269854,12.994289],[80.269921,12.99428],[80.269966,12.994253],[80.270014,12.994243],[80.270056,12.994237],[80.27015399999999,12.99422],[80.270286,12.994186000000001],[80.270473,12.994217],[80.27075099999999,12.994229],[80.270563,12.994438],[80.27025499999999,12.994571],[80.270535,12.994712],[80.27071,12.99483],[80.271378,12.995695],[80.27181,12.996567],[80.272103,12.997423],[80.272972,13.003715],[80.273814,13.009893],[80.273376,13.009973],[80.272725,13.010092],[80.270343,13.010363],[80.26995699999999,13.010635],[80.269363,13.011677],[80.26908999999999,13.012156000000001],[80.268858,13.012561],[80.26874099999999,13.012692],[80.268536,13.012718],[80.268367,13.012739],[80.26811,13.012289],[80.267811,13.011764],[80.265666,13.012036],[80.264608,13.012019],[80.261772,13.011975],[80.25914,13.012052],[80.255342,13.012172],[80.254096,13.012211]]]}},{"type":"Feature","properties":{"pincode":"600030","officeName":"Shenoy Nagar S.O"},"geometry":{"type":"Polygon","coordinates":[[[80.221267,13.065183000000001],[80.220305,13.065284],[80.219836,13.065333],[80.21934399999999,13.065385000000001],[80.217885,13.067261],[80.216957,13.06654],[80.21678,13.065877],[80.21502,13.065944],[80.21406499999999,13.065981],[80.213255,13.065991],[80.213228,13.064847],[80.21289,13.064586],[80.212778,13.064053],[80.21185,13.064027000000001],[80.21173399999999,13.062464],[80.211742,13.061897],[80.211744,13.061556],[80.211983,13.061508],[80.212165,13.06136],[80.212305,13.06123],[80.212329,13.061208],[80.21233,13.061207],[80.21234,13.061198000000001],[80.212394,13.061161],[80.21239899999999,13.061157],[80.212538,13.061061],[80.213006,13.06081],[80.21326599999999,13.060536],[80.213273,13.060529],[80.213438,13.060339],[80.21332,13.060195],[80.213178,13.059908],[80.21319,13.059724000000001],[80.213227,13.059554],[80.213563,13.058907],[80.213461,13.057889000000001],[80.21334,13.056978],[80.212541,13.057087000000001],[80.212218,13.057224],[80.212148,13.057218],[80.21201599999999,13.057182000000001],[80.21184099999999,13.056984],[80.211794,13.056847],[80.211754,13.056637],[80.211741,13.056537],[80.211737,13.056508000000001],[80.21173,13.056452],[80.211725,13.056415],[80.21171799999999,13.056358],[80.211694,13.056172],[80.211649,13.055813],[80.211593,13.055478],[80.212004,13.055419],[80.211995,13.055271000000001],[80.211255,13.055395],[80.21121699999999,13.054313],[80.211112,13.053393],[80.210775,13.053241],[80.210756,13.052829000000001],[80.210452,13.052858],[80.210514,13.05227],[80.210514,13.052212],[80.210567,13.051994],[80.210517,13.051757],[80.21047899999999,13.051335],[80.21047899999999,13.05133],[80.210477,13.051308],[80.21047399999999,13.051291],[80.210471,13.051273],[80.210465,13.051231],[80.210399,13.050812],[80.210487,13.050122],[80.21313599999999,13.050165],[80.21378299999999,13.050087],[80.214443,13.050098],[80.215841,13.049912],[80.21578699999999,13.049422],[80.214044,13.049605],[80.213177,13.049585],[80.21318,13.049582000000001],[80.213126,13.049581],[80.213416,13.049432],[80.213531,13.048769],[80.214907,13.048680000000001],[80.21578199999999,13.048507],[80.215852,13.049059],[80.21682299999999,13.048777000000001],[80.216922,13.049192],[80.21705899999999,13.049683],[80.217593,13.049495],[80.217651,13.049474],[80.217652,13.049474],[80.217665,13.049469],[80.21770699999999,13.049452],[80.217711,13.04945],[80.217827,13.049402],[80.21805599999999,13.049307],[80.219156,13.049024000000001],[80.219324,13.048981],[80.219376,13.048967000000001],[80.219469,13.048937],[80.219503,13.048926],[80.219559,13.048907],[80.219945,13.048782000000001],[80.219965,13.048776],[80.219971,13.048774],[80.22001999999999,13.048758000000001],[80.220463,13.048611000000001],[80.22079099999999,13.048502000000001],[80.221103,13.048398],[80.221896,13.048256],[80.222123,13.048215],[80.222272,13.048261],[80.222664,13.048382],[80.222611,13.048497000000001],[80.220663,13.048821],[80.220331,13.049192],[80.220422,13.049223],[80.220975,13.048927],[80.22122399999999,13.049426],[80.221626,13.049097],[80.221732,13.049311],[80.22194,13.049189],[80.22209,13.049344],[80.222199,13.049555],[80.222182,13.049588],[80.222341,13.050037],[80.222471,13.050039],[80.222572,13.049984],[80.22278,13.049871],[80.222994,13.049752],[80.22343,13.049755000000001],[80.22363,13.049826],[80.224018,13.049861],[80.224333,13.049924],[80.224498,13.04996],[80.22473099999999,13.050012],[80.225093,13.050088],[80.225251,13.050116000000001],[80.225414,13.050144],[80.225499,13.050133],[80.225953,13.050057],[80.22694899999999,13.050048],[80.227248,13.050279],[80.22745499999999,13.051303],[80.22749,13.051476000000001],[80.227548,13.051667],[80.227565,13.051758],[80.227605,13.051857],[80.227809,13.052278000000001],[80.22782099999999,13.052301],[80.227824,13.052307],[80.228222,13.053090000000001],[80.229157,13.053751],[80.22893499999999,13.054055],[80.22892,13.054162],[80.228916,13.054194],[80.22891299999999,13.054217],[80.228909,13.054246000000001],[80.22888999999999,13.054247],[80.227975,13.054271],[80.22805799999999,13.054849],[80.228137,13.055514],[80.228137,13.055517],[80.228217,13.056194],[80.228348,13.056834],[80.228815,13.056764000000001],[80.228833,13.057014],[80.22869399999999,13.057318],[80.228595,13.057655],[80.228528,13.057924],[80.22788899999999,13.057746],[80.227439,13.058035],[80.227476,13.058842],[80.22729799999999,13.059353],[80.227139,13.059811],[80.226457,13.059708],[80.226428,13.060192],[80.22641399999999,13.060434],[80.226395,13.060756],[80.225202,13.060662],[80.225196,13.061327],[80.22425199999999,13.061351],[80.22444399999999,13.064438],[80.222853,13.064455],[80.222392,13.064322],[80.222252,13.064338000000001],[80.222111,13.064355],[80.221296,13.064233],[80.22128099999999,13.064715],[80.221267,13.065183000000001]]]}},{"type":"Feature","properties":{"pincode":"600031","officeName":"Chetput S.O"},"geometry":{"type":"Polygon","coordinates":[[[80.24573099999999,13.051974],[80.245732,13.051973],[80.24584399999999,13.05222],[80.24590599999999,13.052297000000001],[80.24615299999999,13.052762],[80.24602,13.053627],[80.246653,13.054155],[80.246689,13.054385],[80.246691,13.054393000000001],[80.246692,13.054398],[80.246743,13.054609000000001],[80.246793,13.054706],[80.246817,13.054813000000001],[80.24683399999999,13.055062],[80.246854,13.055349],[80.246797,13.055755],[80.246752,13.056092],[80.246839,13.056117],[80.246972,13.056154000000001],[80.246828,13.056328],[80.246343,13.056231],[80.246189,13.056264],[80.246076,13.056370000000001],[80.246061,13.056401000000001],[80.246067,13.056439000000001],[80.24605799999999,13.056542],[80.24604,13.056649],[80.245997,13.05718],[80.245919,13.057919],[80.24519699999999,13.057747],[80.244423,13.057492],[80.243461,13.057299],[80.242496,13.057104],[80.241282,13.05686],[80.240023,13.056949],[80.24022,13.057141],[80.24017599999999,13.057252],[80.240152,13.057383],[80.239424,13.057198],[80.238355,13.056931],[80.23825599999999,13.057437],[80.238186,13.057422],[80.238098,13.057404],[80.2379,13.057361],[80.237574,13.057294],[80.237364,13.057251],[80.23733899999999,13.057247],[80.237303,13.057239000000001],[80.237203,13.057212],[80.237043,13.057169],[80.236779,13.057098],[80.23672599999999,13.057084],[80.236665,13.057086],[80.236556,13.057091],[80.23654599999999,13.056938],[80.236465,13.05686],[80.23595999999999,13.056715],[80.23537499999999,13.056545],[80.235332,13.056533],[80.235325,13.056531],[80.23516099999999,13.056481],[80.235091,13.05646],[80.235019,13.056438],[80.234985,13.056428],[80.234945,13.056420000000001],[80.234909,13.056413000000001],[80.234815,13.056395],[80.234766,13.056401000000001],[80.234704,13.056409],[80.234676,13.056413000000001],[80.234617,13.056513],[80.234617,13.056642],[80.234589,13.056884],[80.234589,13.057392],[80.234387,13.057411],[80.234386,13.057411],[80.234295,13.05742],[80.234278,13.057421],[80.23425999999999,13.057422],[80.234224,13.057423],[80.234218,13.057423],[80.234118,13.057426],[80.23407399999999,13.057427],[80.234068,13.057427],[80.234047,13.057428],[80.233918,13.057438],[80.233823,13.057434],[80.23337599999999,13.057417000000001],[80.233379,13.057497],[80.23338,13.057504],[80.23338,13.057508],[80.233396,13.057607],[80.23341599999999,13.057701],[80.233419,13.057716000000001],[80.23343799999999,13.057804],[80.233522,13.058199],[80.233301,13.058265],[80.23310099999999,13.058346],[80.233002,13.058165],[80.232599,13.058292],[80.232472,13.058555],[80.23164299999999,13.058114],[80.231686,13.057952],[80.23159199999999,13.057881],[80.231616,13.057723000000001],[80.231402,13.057622],[80.23120399999999,13.057622],[80.23102899999999,13.057638],[80.230651,13.057699],[80.23044,13.05789],[80.229906,13.057764],[80.229654,13.05779],[80.22959399999999,13.057647000000001],[80.228595,13.057655],[80.22869399999999,13.057318],[80.228833,13.057014],[80.228815,13.056764000000001],[80.228348,13.056834],[80.228217,13.056194],[80.228137,13.055517],[80.228137,13.055514],[80.22805799999999,13.054849],[80.227975,13.054271],[80.22888999999999,13.054247],[80.228909,13.054246000000001],[80.22891299999999,13.054217],[80.228916,13.054194],[80.22892,13.054162],[80.22893499999999,13.054055],[80.229157,13.053751],[80.228222,13.053090000000001],[80.227824,13.052307],[80.22782099999999,13.052301],[80.227809,13.052278000000001],[80.227605,13.051857],[80.227565,13.051758],[80.227548,13.051667],[80.22749,13.051476000000001],[80.22745499999999,13.051303],[80.227248,13.050279],[80.228334,13.04967],[80.228678,13.049477],[80.22878,13.04933],[80.229478,13.049028],[80.229755,13.048873],[80.229807,13.048844],[80.23007299999999,13.048694000000001],[80.23019,13.048678],[80.230291,13.048664],[80.230317,13.04866],[80.23038799999999,13.04865],[80.230543,13.048643],[80.230617,13.048639],[80.230779,13.048602],[80.23141799999999,13.048578000000001],[80.232123,13.048606],[80.233085,13.049008],[80.233946,13.049424],[80.23526199999999,13.049947],[80.23599,13.050269],[80.235996,13.050272],[80.236004,13.050275000000001],[80.23640999999999,13.050443],[80.236501,13.05048],[80.236676,13.05042],[80.236999,13.050525],[80.237168,13.050595],[80.237169,13.050596],[80.237233,13.050623],[80.237314,13.050658],[80.237588,13.050771000000001],[80.237883,13.050912],[80.23794099999999,13.05094],[80.237966,13.050952],[80.238343,13.051132],[80.238685,13.051304],[80.238703,13.051313],[80.239424,13.051674],[80.24024899999999,13.052074000000001],[80.240569,13.052228],[80.240583,13.052235],[80.241134,13.0525],[80.24143699999999,13.052646000000001],[80.241732,13.052788],[80.242117,13.052973],[80.24278,13.053069],[80.243353,13.053139],[80.244047,13.052929],[80.24458899999999,13.05268],[80.244924,13.052526],[80.24521,13.052352],[80.24573099999999,13.051974]]]}},{"type":"Feature","properties":{"pincode":"600032","officeName":"Guindy Industrial Estate S.O"},"geometry":{"type":"Polygon","coordinates":[[[80.20495799999999,13.00681],[80.204622,13.00704],[80.204467,13.007146],[80.204416,13.007181000000001],[80.201837,13.008945],[80.20111899999999,13.009443000000001],[80.19843999999999,13.009892],[80.19672,13.01018],[80.194889,13.010496],[80.192152,13.01101],[80.191305,13.010864],[80.18853899999999,13.010389],[80.187994,13.009472],[80.191333,13.010064],[80.19285099999999,13.009029],[80.192394,13.006829],[80.19205099999999,13.004278000000001],[80.191864,12.999929],[80.19182599999999,12.999055],[80.191814,12.998786],[80.191803,12.998532],[80.191732,12.996879],[80.192773,12.996189000000001],[80.192752,12.99597],[80.192729,12.995731000000001],[80.19271499999999,12.995585],[80.192702,12.995446000000001],[80.192694,12.995362],[80.192672,12.995124],[80.192667,12.995076000000001],[80.19264199999999,12.994814],[80.192632,12.994707],[80.19261999999999,12.994584],[80.192589,12.994255],[80.192784,12.99432],[80.193096,12.99416],[80.193572,12.994023],[80.194289,12.993816],[80.194,12.993306],[80.194102,12.993284000000001],[80.194332,12.993235],[80.194418,12.993217],[80.194684,12.993178],[80.194817,12.993145],[80.195201,12.99305],[80.195354,12.992899],[80.195331,12.992518],[80.196071,12.992507],[80.196044,12.992104],[80.195579,12.99215],[80.195566,12.991946],[80.194627,12.992004],[80.194394,12.991836000000001],[80.194178,12.991854],[80.193737,12.991891],[80.193514,12.99191],[80.193399,12.991849],[80.193525,12.991588],[80.19350299999999,12.99078],[80.195032,12.990809],[80.197006,12.990702],[80.197886,12.990971],[80.19795599999999,12.990722],[80.198219,12.990453],[80.198503,12.990319],[80.199167,12.990065],[80.199522,12.989980000000001],[80.199557,12.989908],[80.199607,12.989807],[80.199675,12.989669000000001],[80.19979099999999,12.989434000000001],[80.199671,12.9892],[80.200205,12.989393],[80.200232,12.988769],[80.200272,12.988298],[80.200313,12.987714],[80.200433,12.98778],[80.20045,12.988035],[80.20073099999999,12.988076],[80.20104599999999,12.988122],[80.201064,12.987921],[80.20106799999999,12.987892],[80.201177,12.987919],[80.201223,12.987932],[80.201197,12.988111],[80.20123099999999,12.988544000000001],[80.20124799999999,12.988763],[80.201262,12.988945000000001],[80.201291,12.989323],[80.201508,12.989476],[80.20182799999999,12.989443],[80.202039,12.989421],[80.202114,12.989084],[80.20237999999999,12.989135000000001],[80.202636,12.989092000000001],[80.202793,12.988985],[80.20264,12.988671],[80.202501,12.988386],[80.202598,12.988203],[80.202731,12.988212],[80.203012,12.988115],[80.203177,12.987969],[80.202826,12.988037],[80.202576,12.98803],[80.202506,12.987772],[80.202471,12.987643],[80.20243599999999,12.987515],[80.202399,12.987377],[80.20224,12.987197],[80.202157,12.986711],[80.201977,12.986285],[80.202248,12.986277000000001],[80.202463,12.986201],[80.20210399999999,12.985906],[80.201877,12.985705000000001],[80.20221599999999,12.985855],[80.202421,12.985949],[80.202516,12.985901],[80.202862,12.985771],[80.203084,12.98572],[80.20284699999999,12.985266000000001],[80.202619,12.984831],[80.202399,12.984411],[80.20196299999999,12.983578],[80.20129899999999,12.982308],[80.20038699999999,12.980897],[80.200077,12.980416],[80.20192899999999,12.980002],[80.202741,12.980046],[80.20289,12.980253000000001],[80.203159,12.980012],[80.20344,12.979864000000001],[80.203728,12.979713],[80.203912,12.979616],[80.204345,12.979388],[80.20447399999999,12.979921000000001],[80.205235,12.979738000000001],[80.205219,12.979237],[80.205842,12.979143],[80.206625,12.979001],[80.207134,12.97896],[80.20768199999999,12.978829000000001],[80.20974199999999,12.978343],[80.210089,12.978273],[80.210396,12.978212000000001],[80.210409,12.978388],[80.21040099999999,12.978603],[80.21038,12.978793],[80.210619,12.978806],[80.210884,12.978868],[80.210927,12.979756],[80.21097,12.980139],[80.21132399999999,12.980833],[80.211593,12.981275],[80.21159399999999,12.981277],[80.211595,12.981278],[80.211807,12.981627],[80.21195399999999,12.981787],[80.211955,12.981788],[80.212008,12.981846],[80.212177,12.98203],[80.212221,12.982079],[80.212411,12.982286],[80.212824,12.982811],[80.213431,12.983406],[80.213686,12.983682],[80.213942,12.983959],[80.214244,12.98459],[80.214339,12.984763000000001],[80.21444199999999,12.98494],[80.214587,12.985195000000001],[80.214664,12.985331],[80.214715,12.98542],[80.21479699999999,12.985565000000001],[80.21482499999999,12.985615000000001],[80.214855,12.985667000000001],[80.214929,12.985798],[80.21487499999999,12.985829],[80.214902,12.985958],[80.214902,12.985959000000001],[80.214983,12.986342],[80.214789,12.986823000000001],[80.21436,12.986812],[80.214365,12.987279000000001],[80.215992,12.988707],[80.216399,12.989732],[80.216836,12.990267000000001],[80.21731199999999,12.99085],[80.2178,12.991447],[80.218013,12.991708000000001],[80.21817899999999,12.991911],[80.21852299999999,12.992332000000001],[80.218655,12.992483],[80.218718,12.992554],[80.218721,12.992558],[80.218722,12.992559],[80.21878199999999,12.992628],[80.21880399999999,12.992653],[80.218876,12.992735],[80.21873699999999,12.992801],[80.218266,12.993025000000001],[80.216324,12.99383],[80.21569099999999,12.994049],[80.21521899999999,12.994258],[80.215374,12.994534],[80.21510599999999,12.995061],[80.21510099999999,12.995363000000001],[80.215012,12.996171],[80.21523499999999,12.996291000000001],[80.215385,12.996524],[80.215469,12.996963000000001],[80.215443,12.997177],[80.215184,12.997671],[80.214974,12.997885],[80.21421,12.998274],[80.212574,12.998724000000001],[80.211641,12.99898],[80.210978,12.999229],[80.21097499999999,12.99923],[80.210968,12.999233],[80.210967,12.999233],[80.210439,12.999431],[80.21043399999999,12.999365000000001],[80.20882999999999,13.000193],[80.205975,13.001978000000001],[80.205896,13.002270000000001],[80.205894,13.002278],[80.205893,13.002281],[80.205626,13.003264],[80.205579,13.003678],[80.205353,13.005657000000001],[80.20495799999999,13.00681]]]}},{"type":"Feature","properties":{"pincode":"600033","officeName":"West Mambalam S.O"},"geometry":{"type":"Polygon","coordinates":[[[80.21973299999999,13.012270000000001],[80.219904,13.012648],[80.219977,13.012931],[80.22004799999999,13.013208],[80.220191,13.013765000000001],[80.220285,13.014132],[80.220473,13.014861],[80.22057,13.015241],[80.220666,13.015612],[80.220776,13.016042],[80.220882,13.016453],[80.22100499999999,13.016933],[80.221156,13.017519],[80.221436,13.018608],[80.222128,13.021035],[80.22276,13.023582000000001],[80.223063,13.02486],[80.223315,13.025916],[80.222824,13.026047],[80.221912,13.02629],[80.22041399999999,13.026689000000001],[80.219602,13.026906],[80.218783,13.027124],[80.218098,13.027307],[80.217439,13.027482000000001],[80.216764,13.027657],[80.216157,13.027824],[80.21588899999999,13.026826],[80.21464499999999,13.027056],[80.214575,13.026612],[80.214484,13.026126],[80.212783,13.026575000000001],[80.212064,13.025504],[80.21177999999999,13.022807],[80.213129,13.022599],[80.212976,13.021929],[80.21217899999999,13.022071],[80.210852,13.022308],[80.210431,13.018932],[80.210943,13.018914],[80.210847,13.018216],[80.211565,13.018192],[80.21149,13.016199],[80.212564,13.016069],[80.212467,13.015369],[80.213093,13.015182000000001],[80.213199,13.0144],[80.212394,13.014429],[80.212375,13.014283],[80.213042,13.014219],[80.213019,13.013704],[80.21227499999999,13.013648],[80.212082,13.012462000000001],[80.21086799999999,13.012475],[80.210477,13.010138],[80.210469,13.010088],[80.210459,13.010029000000001],[80.210369,13.009491],[80.211496,13.009603],[80.211528,13.009648],[80.212705,13.009442],[80.214502,13.009116],[80.215458,13.009220000000001],[80.215458,13.01021],[80.21665399999999,13.010383000000001],[80.21717199999999,13.010461000000001],[80.21786,13.010461000000001],[80.21843299999999,13.010414],[80.21849999999999,13.010409000000001],[80.218929,13.010374],[80.219145,13.010655],[80.21973299999999,13.012270000000001]]]}},{"type":"Feature","properties":{"pincode":"600034","officeName":"Nungambakkam MDO"},"geometry":{"type":"Polygon","coordinates":[[[80.24278,13.053069],[80.242117,13.052973],[80.241732,13.052788],[80.24143699999999,13.052646000000001],[80.241134,13.0525],[80.240583,13.052235],[80.240569,13.052228],[80.24024899999999,13.052074000000001],[80.239424,13.051674],[80.238703,13.051313],[80.238685,13.051304],[80.238343,13.051132],[80.237966,13.050952],[80.23794099999999,13.05094],[80.237883,13.050912],[80.237588,13.050771000000001],[80.237314,13.050658],[80.237233,13.050623],[80.237169,13.050596],[80.237168,13.050595],[80.236999,13.050525],[80.236676,13.05042],[80.236501,13.05048],[80.23640999999999,13.050443],[80.236004,13.050275000000001],[80.235996,13.050272],[80.23599,13.050269],[80.23526199999999,13.049947],[80.233946,13.049424],[80.233085,13.049008],[80.232123,13.048606],[80.23141799999999,13.048578000000001],[80.230779,13.048602],[80.230617,13.048639],[80.230543,13.048643],[80.23038799999999,13.04865],[80.230317,13.04866],[80.230291,13.048664],[80.23019,13.048678],[80.23007299999999,13.048694000000001],[80.229807,13.048844],[80.229755,13.048873],[80.229478,13.049028],[80.22878,13.04933],[80.228678,13.049477],[80.228334,13.04967],[80.227248,13.050279],[80.22694899999999,13.050048],[80.226745,13.048735],[80.226596,13.047151],[80.22767999999999,13.046995],[80.226905,13.046984],[80.226702,13.045631],[80.226693,13.045568000000001],[80.226621,13.045089],[80.226452,13.04396],[80.226278,13.042803000000001],[80.226101,13.041408],[80.226024,13.040502],[80.225993,13.039457],[80.22585699999999,13.038411],[80.225757,13.037638000000001],[80.225486,13.037278],[80.22538399999999,13.036371],[80.22756799999999,13.036083],[80.233811,13.034959],[80.234659,13.034589],[80.234872,13.034516],[80.234689,13.034025],[80.235334,13.033917],[80.234909,13.031985],[80.235767,13.031759000000001],[80.23589199999999,13.032269],[80.236442,13.032196],[80.23697299999999,13.034786],[80.23709099999999,13.034831],[80.236965,13.034025],[80.237216,13.033932],[80.239437,13.03311],[80.239689,13.033326],[80.239863,13.033066],[80.240962,13.032836],[80.24116599999999,13.033102],[80.243253,13.034435],[80.242856,13.035229000000001],[80.24356,13.035546],[80.244231,13.035829],[80.244013,13.036247],[80.244322,13.036347000000001],[80.244205,13.036693],[80.243833,13.036626],[80.243661,13.036927],[80.243268,13.037616],[80.243899,13.037766],[80.24404,13.037191],[80.244618,13.037249000000001],[80.244428,13.037848],[80.245274,13.038056000000001],[80.245237,13.038177000000001],[80.245049,13.038161],[80.244982,13.038629],[80.24466,13.038723000000001],[80.244614,13.038649],[80.24477,13.038097],[80.244332,13.038137],[80.244091,13.038697],[80.243971,13.038686],[80.244125,13.037953],[80.243989,13.037914],[80.243844,13.038448],[80.24373299999999,13.038422],[80.243888,13.037882],[80.243209,13.037718],[80.24278699999999,13.038765],[80.24229799999999,13.041479],[80.24151499999999,13.043026000000001],[80.241417,13.043479],[80.241255,13.044231],[80.241064,13.045116],[80.240398,13.045179000000001],[80.239412,13.045273],[80.238447,13.045607],[80.238213,13.046054],[80.238033,13.046333],[80.238038,13.046388],[80.237932,13.04659],[80.237921,13.047098],[80.23791,13.047854000000001],[80.237449,13.048638],[80.237223,13.049464],[80.237319,13.049747],[80.237543,13.050404],[80.238197,13.050722],[80.23943,13.05132],[80.240956,13.052062000000001],[80.24159399999999,13.052372],[80.241923,13.052641],[80.24278,13.053069]]]}},{"type":"Feature","properties":{"pincode":"600035","officeName":"Nandanam S.O"},"geometry":{"type":"Polygon","coordinates":[[[80.230997,13.002886],[80.23197,13.004406],[80.23335,13.006563],[80.23541999999999,13.008102000000001],[80.23737299999999,13.007872],[80.237807,13.008372],[80.238293,13.007913],[80.238702,13.00744],[80.239279,13.006908000000001],[80.239915,13.007961],[80.239931,13.008143],[80.239955,13.008222],[80.239967,13.008261000000001],[80.240055,13.008543],[80.240152,13.008848],[80.240259,13.008854],[80.240557,13.009024],[80.240769,13.009253000000001],[80.240878,13.009381000000001],[80.240906,13.009413],[80.240984,13.009504],[80.241402,13.009723000000001],[80.241738,13.010181000000001],[80.24196599999999,13.010145],[80.24201099999999,13.010138],[80.242134,13.010118],[80.242164,13.010116],[80.242186,13.010115],[80.24259599999999,13.010087],[80.242959,13.009959],[80.243369,13.010417],[80.24362099999999,13.010810000000001],[80.242109,13.011241],[80.24161,13.011296],[80.24136,13.011324],[80.241235,13.011339],[80.24110999999999,13.011354],[80.241004,13.011368000000001],[80.240897,13.011382000000001],[80.24068299999999,13.011416],[80.24018699999999,13.011492],[80.239848,13.011544],[80.23971399999999,13.011564],[80.23951,13.011733],[80.239578,13.012562],[80.239295,13.012579],[80.23919,13.012528],[80.238607,13.012583000000001],[80.238316,13.01261],[80.23817,13.012624],[80.238094,13.012631],[80.238029,13.012637],[80.238002,13.012640000000001],[80.237931,13.012627],[80.237893,13.012599],[80.237859,13.012611],[80.23790699999999,13.012654],[80.238028,13.012657],[80.238135,13.012972],[80.23814899999999,13.013016],[80.238253,13.01299],[80.238292,13.01298],[80.238332,13.012970000000001],[80.238411,13.012947],[80.238568,13.012902],[80.238629,13.012963000000001],[80.239002,13.012896],[80.239222,13.013626],[80.23890399999999,13.013829],[80.238807,13.014217],[80.238623,13.014188],[80.238388,13.014182],[80.238066,13.014279],[80.23791899999999,13.014323000000001],[80.237933,13.014363],[80.237997,13.014365],[80.238069,13.014342000000001],[80.238238,13.014289],[80.238407,13.014236],[80.238468,13.014217],[80.238777,13.014273000000001],[80.23877999999999,13.014533],[80.238689,13.015215],[80.238919,13.015217],[80.23973099999999,13.015223],[80.239723,13.015778000000001],[80.239721,13.015945],[80.239707,13.016037],[80.239628,13.016547000000001],[80.239273,13.016547000000001],[80.23942199999999,13.016667],[80.239503,13.016732000000001],[80.239576,13.016787],[80.239486,13.016874],[80.239435,13.016922000000001],[80.23950099999999,13.016976],[80.23921299999999,13.017096],[80.238872,13.017154],[80.23871799999999,13.01715],[80.238546,13.017086],[80.238029,13.016894],[80.237917,13.017034],[80.237867,13.017062000000001],[80.237827,13.017096],[80.237466,13.016949],[80.23705199999999,13.016785],[80.236779,13.016534],[80.236639,13.016261],[80.236505,13.015881],[80.236383,13.015593],[80.236169,13.015482],[80.235664,13.015076],[80.235146,13.014677],[80.23473899999999,13.014557],[80.234493,13.014482000000001],[80.234111,13.014425000000001],[80.23379299999999,13.014366],[80.233549,13.014298],[80.233353,13.014218],[80.23323599999999,13.01417],[80.23307299999999,13.014144],[80.233026,13.014254000000001],[80.232913,13.014375000000001],[80.232784,13.014299000000001],[80.232716,13.014405],[80.231856,13.014197000000001],[80.23098999999999,13.013988],[80.230887,13.013976],[80.230869,13.013985],[80.230853,13.013983],[80.230716,13.013965],[80.23057399999999,13.013946],[80.230431,13.013929000000001],[80.230384,13.013923],[80.230336,13.013917000000001],[80.23024,13.013906],[80.230071,13.013896],[80.229406,13.01376],[80.229047,13.01369],[80.228841,13.01365],[80.22874,13.013631],[80.228639,13.013613],[80.22824899999999,13.013544],[80.227952,13.013485000000001],[80.227673,13.013433000000001],[80.227099,13.013327],[80.226805,13.013282],[80.226197,13.013155000000001],[80.226063,13.013127],[80.225995,13.013113],[80.225923,13.013098000000001],[80.225645,13.01304],[80.225507,13.013011],[80.225368,13.012983],[80.225229,13.012957],[80.225158,13.012944000000001],[80.225089,13.012931],[80.22468599999999,13.012856000000001],[80.224588,13.012834],[80.22457899999999,13.012832],[80.224564,13.012829],[80.22453999999999,13.012824],[80.224491,13.012814],[80.224352,13.012784],[80.22421,13.012751],[80.223933,13.012682],[80.223745,13.01262],[80.223392,13.012475],[80.223214,13.012409],[80.22304,13.012388],[80.222889,13.012392],[80.222775,13.012395],[80.22252,13.012424000000001],[80.222132,13.012469000000001],[80.221929,13.012488000000001],[80.221794,13.012495],[80.221727,13.012498],[80.221711,13.012499],[80.221693,13.012501],[80.221659,13.012504],[80.221407,13.012539],[80.221305,13.011665],[80.221184,13.010954],[80.221171,13.010852],[80.221149,13.010657],[80.22112899999999,13.010466000000001],[80.221127,13.010442000000001],[80.22111699999999,13.01018],[80.221436,13.010121],[80.221291,13.009379000000001],[80.221049,13.009123],[80.221068,13.008993],[80.221181,13.008879],[80.221572,13.008663],[80.221739,13.008514],[80.221892,13.008376],[80.222015,13.008253],[80.222155,13.008111],[80.223261,13.007005],[80.223437,13.006829],[80.223647,13.006579],[80.223985,13.006381000000001],[80.225015,13.005733000000001],[80.225957,13.00514],[80.226561,13.004864],[80.22661,13.004841],[80.226914,13.004697],[80.227015,13.00465],[80.227085,13.004616],[80.227092,13.004613],[80.227105,13.004606],[80.228127,13.004045],[80.228706,13.004290000000001],[80.229123,13.004688],[80.230003,13.004332],[80.230604,13.003893],[80.230997,13.002886]]]}},{"type":"Feature","properties":{"pincode":"600036","officeName":"Indian Institute Of Technology S.O"},"geometry":{"type":"Polygon","coordinates":[[[80.21693499999999,12.975638],[80.216662,12.975022000000001],[80.216844,12.973161000000001],[80.216726,12.972158],[80.21702599999999,12.971729],[80.217123,12.971092],[80.217112,12.970224],[80.217831,12.969582],[80.21866899999999,12.969495],[80.219489,12.969409],[80.22046,12.969368000000001],[80.222411,12.969285000000001],[80.223075,12.969267],[80.22348099999999,12.969256],[80.223524,12.969255],[80.223657,12.969251],[80.223747,12.969245],[80.22375699999999,12.969244],[80.223852,12.969233000000001],[80.22394899999999,12.969222],[80.224012,12.969215],[80.22452299999999,12.969157000000001],[80.224993,12.969106],[80.225988,12.968883],[80.225929,12.968404],[80.225762,12.967649],[80.22588,12.967448000000001],[80.22577199999999,12.966983],[80.225878,12.966869],[80.225779,12.966362],[80.225627,12.965815000000001],[80.22564299999999,12.965535000000001],[80.226325,12.965191],[80.22646999999999,12.965246],[80.22664,12.965200000000001],[80.226891,12.965132],[80.22755,12.96507],[80.22762999999999,12.965065000000001],[80.227892,12.965025],[80.227998,12.965036],[80.228158,12.964970000000001],[80.228551,12.964942],[80.22905899999999,12.964905],[80.229522,12.964871],[80.229801,12.965411],[80.22989,12.965583],[80.230368,12.966507],[80.230987,12.966285000000001],[80.231591,12.966068],[80.233491,12.967012],[80.233654,12.967099000000001],[80.233734,12.967143],[80.233812,12.967188],[80.23388899999999,12.967235],[80.23396799999999,12.967282],[80.23404599999999,12.967329],[80.23412499999999,12.967375],[80.234195,12.968149],[80.234595,12.968659],[80.234895,12.970039],[80.235056,12.970702000000001],[80.23514399999999,12.971067],[80.235332,12.971841],[80.23545299999999,12.972339],[80.23545299999999,12.973802000000001],[80.235514,12.974129],[80.235501,12.974059],[80.235553,12.974337],[80.23544799999999,12.97525],[80.235148,12.976825],[80.235131,12.977212],[80.235216,12.977802],[80.235222,12.977842],[80.235231,12.977884],[80.235242,12.977927000000001],[80.235254,12.977973],[80.235266,12.97802],[80.23531299999999,12.978201],[80.23540899999999,12.978525],[80.235654,12.978747],[80.236963,12.978893000000001],[80.2371,12.980030000000001],[80.237109,12.980103],[80.23714199999999,12.980278],[80.23715,12.98032],[80.237205,12.98061],[80.237315,12.981192],[80.237364,12.981632000000001],[80.237428,12.98211],[80.237391,12.982538],[80.23730499999999,12.982682],[80.237262,12.982755000000001],[80.23725,12.982775],[80.23724,12.982793000000001],[80.237219,12.982831000000001],[80.237163,12.982938],[80.237094,12.983077],[80.236966,12.983805],[80.236991,12.984021],[80.236997,12.984204],[80.236893,12.98467],[80.236907,12.98517],[80.23684899999999,12.985356],[80.236841,12.985386],[80.23683299999999,12.985417],[80.23682,12.985489000000001],[80.236805,12.985719],[80.23679899999999,12.98582],[80.236794,12.985898],[80.236789,12.985946],[80.23679299999999,12.986058],[80.236809,12.986501],[80.237025,12.987083],[80.23716,12.987625],[80.237357,12.988157000000001],[80.237505,12.98869],[80.23815499999999,12.988722000000001],[80.238468,12.988738],[80.238614,12.988747],[80.23865099999999,12.988749],[80.238687,12.988751],[80.238727,12.988753],[80.238727,12.988754],[80.23799,12.98881],[80.236946,12.988798000000001],[80.235069,12.988798000000001],[80.233479,12.989076],[80.233549,12.988984],[80.233561,12.988887],[80.23361299999999,12.988471],[80.233614,12.988456000000001],[80.233627,12.988354000000001],[80.23370899999999,12.987692000000001],[80.233746,12.987396],[80.23374799999999,12.98738],[80.233775,12.987163],[80.233924,12.985959000000001],[80.233436,12.98563],[80.233216,12.985374],[80.232969,12.984909],[80.233002,12.984815000000001],[80.232733,12.984168],[80.232497,12.983614000000001],[80.232186,12.982757],[80.231945,12.982172],[80.231639,12.981514],[80.23145699999999,12.981253],[80.231112,12.980749],[80.230301,12.979996],[80.229299,12.979028],[80.228289,12.978219000000001],[80.22658,12.976898],[80.22545699999999,12.976307],[80.22371199999999,12.975569],[80.22135999999999,12.975273],[80.21693499999999,12.975638]]]}},{"type":"Feature","properties":{"pincode":"600038","officeName":"Icf Colony S.O"},"geometry":{"type":"Polygon","coordinates":[[[80.217804,13.089545000000001],[80.217107,13.090125],[80.216404,13.090569],[80.215321,13.090846],[80.212885,13.091217],[80.21064199999999,13.091475],[80.209656,13.091588],[80.207914,13.091893],[80.206615,13.092119],[80.206614,13.09211],[80.20661299999999,13.09211],[80.206485,13.091161],[80.206698,13.09094],[80.20766499999999,13.090245],[80.209289,13.090156],[80.209608,13.089654],[80.209553,13.088725],[80.20961799999999,13.087868],[80.209017,13.085475],[80.208787,13.084620000000001],[80.20876,13.08452],[80.20876,13.084519],[80.208705,13.084315],[80.20865599999999,13.083981],[80.208567,13.083519],[80.208555,13.083291000000001],[80.208439,13.0828],[80.206536,13.083513],[80.204723,13.084164],[80.20389399999999,13.082504],[80.201328,13.083624],[80.199742,13.082623],[80.199305,13.082434000000001],[80.199231,13.082401],[80.198364,13.082027],[80.197209,13.081519],[80.196652,13.081274],[80.195717,13.080862],[80.195717,13.08086],[80.195657,13.080632],[80.195638,13.080031],[80.196454,13.08001],[80.201813,13.077758000000001],[80.201588,13.075621],[80.20389399999999,13.074911],[80.20676999999999,13.074670000000001],[80.206941,13.075323000000001],[80.206971,13.076425],[80.207172,13.078179],[80.208191,13.07804],[80.208458,13.079891],[80.212108,13.078419],[80.21208299999999,13.07762],[80.212633,13.077481],[80.212726,13.077738],[80.212756,13.077821],[80.212769,13.077995],[80.21278,13.078147],[80.212841,13.078291],[80.21296,13.078571],[80.215186,13.077873],[80.215186,13.077874],[80.215187,13.077875],[80.215189,13.077881],[80.215323,13.078291],[80.21556199999999,13.07869],[80.216101,13.078626],[80.21662599999999,13.080765],[80.215873,13.080925],[80.216182,13.08286],[80.21621,13.083154],[80.216211,13.083164],[80.216219,13.083248000000001],[80.216369,13.084834],[80.216453,13.085785],[80.21624899999999,13.08581],[80.216048,13.085874],[80.215547,13.085952],[80.215541,13.085953],[80.215496,13.085958],[80.215485,13.085959],[80.21463899999999,13.08605],[80.214277,13.086331],[80.214006,13.086541],[80.21396299999999,13.086640000000001],[80.213981,13.086717],[80.214012,13.086849],[80.214081,13.087252],[80.214816,13.08722],[80.214884,13.087886000000001],[80.214894,13.088234],[80.214907,13.088459],[80.214827,13.088568],[80.214897,13.089232],[80.21830299999999,13.088918],[80.217804,13.089545000000001]]]}},{"type":"Feature","properties":{"pincode":"600039","officeName":"Vyasarpadi S.O"},"geometry":{"type":"Polygon","coordinates":[[[80.246331,13.090475],[80.246332,13.090475],[80.248655,13.090788],[80.24926599999999,13.090837],[80.249275,13.090838],[80.249425,13.090857],[80.253875,13.091433],[80.255188,13.091603000000001],[80.257385,13.091887],[80.257554,13.091909000000001],[80.258124,13.091982],[80.25823299999999,13.091997000000001],[80.258391,13.092017],[80.25842999999999,13.092026],[80.258505,13.092042000000001],[80.25865399999999,13.092075],[80.258691,13.092083],[80.259985,13.092367000000001],[80.261956,13.090196],[80.263053,13.089357],[80.26576399999999,13.089393000000001],[80.26404099999999,13.092816000000001],[80.264112,13.094116],[80.264625,13.096075],[80.264938,13.097268],[80.265625,13.099889000000001],[80.26564499999999,13.099961],[80.265766,13.100398],[80.26608,13.10153],[80.266402,13.10269],[80.266577,13.10332],[80.266618,13.103499000000001],[80.26679299999999,13.104261000000001],[80.267331,13.106608],[80.26733899999999,13.106641],[80.26735599999999,13.106715],[80.267265,13.106767],[80.267191,13.106810000000001],[80.26639,13.107098],[80.266038,13.107224],[80.265851,13.107473],[80.265461,13.107992000000001],[80.264904,13.108231],[80.264653,13.108332],[80.264325,13.10843],[80.263976,13.108534],[80.263972,13.108535],[80.263956,13.10854],[80.263669,13.108617],[80.263046,13.108781],[80.26157599999999,13.109153000000001],[80.26022499999999,13.109592000000001],[80.26007,13.109589],[80.259917,13.109587],[80.259736,13.109584],[80.259726,13.109583],[80.259694,13.109583],[80.259444,13.109569],[80.258866,13.109498],[80.25828299999999,13.109389],[80.257288,13.109193],[80.256479,13.109057],[80.256474,13.109056],[80.256472,13.109056],[80.255515,13.108922],[80.25492799999999,13.108843],[80.254646,13.108808],[80.254164,13.108703],[80.25381399999999,13.108657000000001],[80.252888,13.108494],[80.25250799999999,13.108471],[80.252123,13.108431],[80.252113,13.10843],[80.252096,13.108428],[80.252051,13.108422000000001],[80.251978,13.108413],[80.251742,13.108383],[80.251699,13.108377],[80.251684,13.108375],[80.250854,13.108258000000001],[80.250778,13.107933000000001],[80.25057,13.107768],[80.250292,13.107549],[80.25026199999999,13.107342000000001],[80.248886,13.107251],[80.248543,13.107241],[80.248538,13.107241],[80.2482,13.107201],[80.247511,13.107051],[80.247295,13.107000000000001],[80.247137,13.10692],[80.246782,13.106739000000001],[80.246072,13.106373],[80.24561,13.106488],[80.24512,13.106334],[80.245054,13.106314000000001],[80.24486999999999,13.106259],[80.244681,13.106215],[80.244619,13.106201],[80.244376,13.106145],[80.24437,13.106144],[80.244252,13.106112],[80.24425099999999,13.106112],[80.244247,13.106111],[80.244124,13.106063],[80.243635,13.105872],[80.243619,13.105633000000001],[80.243613,13.105537],[80.243589,13.105433],[80.24354199999999,13.105227000000001],[80.24332,13.105271],[80.24324,13.105002],[80.243346,13.104945],[80.243464,13.104905],[80.24319299999999,13.104148],[80.242723,13.104102000000001],[80.24253999999999,13.104126],[80.242254,13.104191],[80.241738,13.104293],[80.241027,13.104446000000001],[80.240343,13.104547],[80.24019299999999,13.104587],[80.24002999999999,13.104587],[80.239745,13.104584000000001],[80.239704,13.104369],[80.23969,13.104227],[80.23966,13.104061],[80.23964099999999,13.103984],[80.239632,13.103954],[80.239426,13.103999],[80.239413,13.103954],[80.239586,13.103913],[80.239623,13.103906],[80.239586,13.10375],[80.23947799999999,13.103452],[80.23939899999999,13.103167000000001],[80.23933699999999,13.102869],[80.239294,13.102601],[80.239366,13.102586],[80.23930399999999,13.102203000000001],[80.239888,13.102063000000001],[80.239867,13.101976],[80.23986,13.101889],[80.23987699999999,13.101773],[80.239998,13.101727],[80.23995599999999,13.101542],[80.24025999999999,13.101525],[80.24025,13.101259],[80.240264,13.101158],[80.24032199999999,13.101113],[80.240569,13.101062],[80.241005,13.101023],[80.240791,13.099357],[80.240523,13.097672000000001],[80.24144799999999,13.097462],[80.24229,13.097429],[80.24313,13.0975],[80.243572,13.097513000000001],[80.243875,13.0975],[80.244098,13.0975],[80.244536,13.097499000000001],[80.244669,13.097499000000001],[80.244709,13.097492],[80.24498,13.097446],[80.24511199999999,13.097434],[80.245211,13.097355],[80.245412,13.097222],[80.24584399999999,13.096983],[80.246651,13.096524],[80.24653599999999,13.096149],[80.24653099999999,13.09571],[80.24646899999999,13.095104000000001],[80.246462,13.095035000000001],[80.246445,13.094874],[80.246434,13.094545],[80.246397,13.094221000000001],[80.246403,13.093243000000001],[80.246403,13.093235],[80.246402,13.093199],[80.246399,13.093112],[80.246389,13.092821],[80.246389,13.092767],[80.246387,13.092587],[80.246385,13.092246000000001],[80.246374,13.091355],[80.246332,13.090846],[80.246331,13.090475]]]}},{"type":"Feature","properties":{"pincode":"600040","officeName":"Anna Nagar S.O (Chennai)"},"geometry":{"type":"Polygon","coordinates":[[[80.21185,13.064027000000001],[80.211756,13.064046000000001],[80.211807,13.0656],[80.21188099999999,13.067139000000001],[80.21190299999999,13.067662],[80.211904,13.067689],[80.211983,13.069592],[80.21204,13.071092],[80.212074,13.071978],[80.212082,13.072196],[80.212086,13.072304],[80.21208899999999,13.072363000000001],[80.21209,13.072392],[80.212091,13.072416],[80.212139,13.073516],[80.21218499999999,13.074578],[80.21218999999999,13.074702],[80.21219599999999,13.074842],[80.212217,13.075375000000001],[80.21222,13.075458000000001],[80.21223599999999,13.075872],[80.212274,13.076337],[80.212374,13.076849000000001],[80.212633,13.077481],[80.21208299999999,13.07762],[80.212108,13.078419],[80.208458,13.079891],[80.208191,13.07804],[80.207172,13.078179],[80.206971,13.076425],[80.206941,13.075323000000001],[80.20676999999999,13.074670000000001],[80.20389399999999,13.074911],[80.201588,13.075621],[80.201813,13.077758000000001],[80.196454,13.08001],[80.195638,13.080031],[80.195657,13.080632],[80.191485,13.080683],[80.192484,13.079498000000001],[80.192503,13.078308],[80.192433,13.074720000000001],[80.192525,13.074414],[80.192509,13.072546],[80.192454,13.07041],[80.192439,13.069858],[80.192425,13.069304],[80.19095399999999,13.069315],[80.189646,13.069325000000001],[80.188392,13.06936],[80.18715399999999,13.069394],[80.186127,13.069465000000001],[80.186015,13.069474],[80.18563999999999,13.068596],[80.18517899999999,13.067654000000001],[80.184697,13.066627],[80.184192,13.06533],[80.183626,13.063869],[80.182959,13.062094],[80.18573599999999,13.060395],[80.18709799999999,13.061388],[80.189813,13.061012],[80.19200099999999,13.060615],[80.196238,13.05941],[80.196659,13.059428],[80.19715599999999,13.059458000000001],[80.197368,13.059483],[80.197626,13.059524],[80.199258,13.059925],[80.200585,13.060252],[80.20091099999999,13.060474000000001],[80.20134,13.060544],[80.202094,13.060596],[80.203285,13.060636],[80.204399,13.060455000000001],[80.204635,13.060406],[80.20469,13.060395],[80.205186,13.060293],[80.205967,13.060027],[80.206929,13.059333],[80.207887,13.058626],[80.208186,13.058549000000001],[80.20847499999999,13.058586],[80.208979,13.058789],[80.209358,13.059192],[80.209605,13.059687],[80.209594,13.060685],[80.209626,13.061192],[80.209779,13.06166],[80.210079,13.061997],[80.210404,13.062188],[80.210715,13.062381],[80.211067,13.062548],[80.211351,13.06265],[80.211477,13.062694],[80.211483,13.062696],[80.21149299999999,13.0627],[80.211587,13.062728],[80.211606,13.062679000000001],[80.21173399999999,13.062464],[80.21185,13.064027000000001]]]}},{"type":"Feature","properties":{"pincode":"600041","officeName":"Tiruvanmiyur S.O"},"geometry":{"type":"Polygon","coordinates":[[[80.245334,12.969884],[80.245482,12.969447],[80.24567499999999,12.968799],[80.245752,12.967981],[80.245431,12.967208000000001],[80.245113,12.966813],[80.24481999999999,12.966464],[80.24467299999999,12.966285000000001],[80.24459999999999,12.966198],[80.24457699999999,12.966169],[80.244439,12.966003],[80.244163,12.965670000000001],[80.244153,12.965658],[80.243952,12.965416000000001],[80.24279,12.964019],[80.242704,12.963559],[80.24193199999999,12.963183],[80.241396,12.963141],[80.24079499999999,12.963288],[80.240298,12.963196],[80.24002399999999,12.963198],[80.23966,12.963208],[80.239497,12.963216000000001],[80.239333,12.963246],[80.23830699999999,12.96344],[80.237535,12.963669],[80.237168,12.96324],[80.236953,12.962842],[80.237297,12.962717],[80.237147,12.961923],[80.237161,12.961365],[80.237213,12.960233],[80.237449,12.959648],[80.237628,12.95836],[80.23777799999999,12.957363],[80.238008,12.9566],[80.238201,12.955789000000001],[80.238432,12.955308],[80.238888,12.955350000000001],[80.23938199999999,12.955141000000001],[80.239882,12.954895],[80.240391,12.954653],[80.240692,12.954504],[80.240976,12.95431],[80.241927,12.954064],[80.242059,12.954039],[80.24212,12.954028000000001],[80.242184,12.954016000000001],[80.242272,12.954001],[80.242367,12.953983000000001],[80.242479,12.953965],[80.242589,12.953945000000001],[80.24269,12.953928],[80.242792,12.95391],[80.24354,12.953777],[80.24364,12.954136],[80.24374999999999,12.954485],[80.243837,12.954718],[80.243949,12.954937000000001],[80.244249,12.955983],[80.246461,12.954791],[80.246257,12.953474],[80.246143,12.952896],[80.246042,12.952315],[80.245656,12.950347],[80.245302,12.948361],[80.244573,12.94444],[80.24404799999999,12.941599],[80.243684,12.939695],[80.243696,12.939689],[80.243932,12.939596],[80.244479,12.93959],[80.244885,12.939538],[80.245357,12.939517],[80.245682,12.93961],[80.24605,12.939555],[80.24631,12.939543],[80.246574,12.939523],[80.2466,12.939645],[80.246566,12.939777000000001],[80.246754,12.939825],[80.24707699999999,12.939667],[80.247571,12.939568],[80.24793,12.939536],[80.247984,12.93939],[80.248049,12.939136],[80.248519,12.93901],[80.24901799999999,12.938964],[80.249282,12.939053],[80.249543,12.939046000000001],[80.249889,12.938939],[80.250708,12.938868000000001],[80.2507,12.938705],[80.250738,12.938443],[80.250993,12.938429000000001],[80.251334,12.938410000000001],[80.25133,12.938155],[80.251497,12.938077],[80.252145,12.938017],[80.252327,12.93829],[80.252347,12.938603],[80.252358,12.938771000000001],[80.252229,12.93914],[80.251836,12.939215],[80.25189,12.939468],[80.251916,12.939684],[80.252091,12.939645],[80.252498,12.939555],[80.25313299999999,12.939551],[80.25335799999999,12.939546],[80.253592,12.939524],[80.254175,12.939469],[80.254708,12.939497000000001],[80.254725,12.939497000000001],[80.254752,12.939498],[80.25486,12.939504],[80.254939,12.93951],[80.255012,12.939519],[80.255308,12.939546],[80.255645,12.939517],[80.255923,12.939525],[80.256181,12.939532],[80.256584,12.939517],[80.256809,12.939593],[80.257041,12.939605],[80.257479,12.939629],[80.257953,12.939437],[80.258499,12.940049],[80.259121,12.941826],[80.26060199999999,12.943185],[80.260859,12.944754],[80.26105199999999,12.946636],[80.261911,12.948852],[80.262469,12.950169],[80.262576,12.95157],[80.26334899999999,12.952344],[80.26366999999999,12.952929000000001],[80.263971,12.95454],[80.26366999999999,12.955146000000001],[80.263907,12.956150000000001],[80.264422,12.956798000000001],[80.26414299999999,12.958241000000001],[80.26461499999999,12.961127000000001],[80.26455,12.962799],[80.26461499999999,12.964033],[80.264765,12.965768],[80.265044,12.967065],[80.264528,12.969323000000001],[80.264134,12.969582],[80.26360799999999,12.969922],[80.26303899999999,12.970173],[80.262396,12.970518],[80.261849,12.970769],[80.261411,12.971048],[80.26062499999999,12.971315],[80.259796,12.971357000000001],[80.259356,12.971367],[80.258691,12.971493],[80.258346,12.971444],[80.25784399999999,12.971482],[80.25766899999999,12.97198],[80.25770299999999,12.972537],[80.257232,12.973334],[80.256653,12.973574000000001],[80.25684799999999,12.974518],[80.25695,12.975027],[80.256995,12.975418],[80.25706199999999,12.975786000000001],[80.257054,12.976134],[80.25710099999999,12.976489],[80.257155,12.976844],[80.25695,12.976873],[80.25652099999999,12.976987000000001],[80.256169,12.97708],[80.255804,12.977147],[80.25580099999999,12.977501],[80.255816,12.977867],[80.255816,12.977868],[80.255841,12.978062],[80.255849,12.978229],[80.255838,12.978401],[80.255468,12.978464],[80.25486699999999,12.978530000000001],[80.254293,12.978568000000001],[80.253823,12.978618],[80.253569,12.978657],[80.253123,12.978704],[80.252656,12.978777000000001],[80.25226599999999,12.978787],[80.252162,12.978798000000001],[80.251884,12.978859],[80.251689,12.978848000000001],[80.25145599999999,12.978874000000001],[80.25130399999999,12.978903],[80.25120799999999,12.978901],[80.250733,12.978952],[80.250612,12.978976000000001],[80.250321,12.979033000000001],[80.250075,12.979039],[80.24980599999999,12.979052000000001],[80.24978899999999,12.978904],[80.2498,12.978693],[80.2498,12.978431],[80.249808,12.978139],[80.249797,12.977758],[80.249776,12.977654000000001],[80.24978399999999,12.977462000000001],[80.24977799999999,12.977277],[80.24978899999999,12.977049000000001],[80.249817,12.976963],[80.24983,12.976835],[80.249841,12.97673],[80.24987,12.976584],[80.24987,12.976402],[80.24989099999999,12.976325000000001],[80.249899,12.976067],[80.249899,12.97606],[80.24990199999999,12.975974],[80.249938,12.975735],[80.249933,12.975588],[80.25000299999999,12.975254],[80.249967,12.974554],[80.249926,12.974267000000001],[80.24994199999999,12.97406],[80.249877,12.973746],[80.249937,12.973529000000001],[80.24984599999999,12.973257],[80.249938,12.973034],[80.24991899999999,12.972857000000001],[80.249916,12.972683],[80.24987,12.972607],[80.249878,12.97244],[80.249865,12.972343],[80.249747,12.972349],[80.249594,12.972291],[80.249464,12.972169000000001],[80.249241,12.971984],[80.24900099999999,12.971795],[80.24877,12.971603],[80.248344,12.971245],[80.248086,12.970989],[80.24778599999999,12.970832],[80.247646,12.970701],[80.247518,12.970534],[80.2473,12.970647],[80.24723399999999,12.970793],[80.247198,12.970931],[80.24725,12.971153000000001],[80.247275,12.971268],[80.247322,12.971623000000001],[80.24703199999999,12.971671],[80.24671,12.971825],[80.246566,12.971851000000001],[80.246375,12.97189],[80.246149,12.971929000000001],[80.245967,12.971939],[80.246015,12.971743],[80.246045,12.971588],[80.246026,12.971368],[80.246059,12.971070000000001],[80.246071,12.970746],[80.245969,12.970908],[80.245819,12.970866000000001],[80.245785,12.970764],[80.245676,12.970302],[80.245684,12.970232000000001],[80.245646,12.970149000000001],[80.24555099999999,12.970079],[80.24543,12.970049],[80.245334,12.969884]]]}},{"type":"Feature","properties":{"pincode":"600042","officeName":"Velacheri S.O"},"geometry":{"type":"Polygon","coordinates":[[[80.210884,12.978868],[80.210619,12.978806],[80.21038,12.978793],[80.21040099999999,12.978603],[80.210409,12.978388],[80.210396,12.978212000000001],[80.210089,12.978273],[80.20974199999999,12.978343],[80.20768199999999,12.978829000000001],[80.207134,12.97896],[80.206625,12.979001],[80.205842,12.979143],[80.205219,12.979237],[80.205235,12.979738000000001],[80.20447399999999,12.979921000000001],[80.204345,12.979388],[80.204208,12.978192],[80.204206,12.978172],[80.20420399999999,12.978154],[80.204202,12.97814],[80.204196,12.97808],[80.204191,12.978041000000001],[80.204174,12.977891],[80.204173,12.977885],[80.204145,12.977589],[80.20405699999999,12.976767],[80.20405199999999,12.976726000000001],[80.204027,12.976495],[80.203998,12.976223000000001],[80.203853,12.974872],[80.203816,12.974532],[80.203791,12.974292],[80.203777,12.974164],[80.203756,12.973937000000001],[80.203666,12.973732],[80.203345,12.972038],[80.203193,12.971379],[80.203192,12.971373],[80.203138,12.971138],[80.203103,12.970775],[80.20309999999999,12.970746],[80.20309499999999,12.970692],[80.206668,12.970797000000001],[80.206862,12.969054],[80.206851,12.967842000000001],[80.20684,12.967236],[80.205558,12.967295],[80.205559,12.967258000000001],[80.205573,12.966874],[80.20557699999999,12.966763],[80.204291,12.966789],[80.204279,12.966405],[80.203904,12.966397],[80.203895,12.966252],[80.203887,12.966142],[80.20387699999999,12.96598],[80.203676,12.965818],[80.20390499999999,12.965837],[80.20406,12.96585],[80.20421499999999,12.965863],[80.204214,12.96571],[80.204214,12.965670000000001],[80.204211,12.964735000000001],[80.20412,12.964604],[80.20334199999999,12.964594],[80.203347,12.964369],[80.203352,12.964056000000001],[80.20383,12.964056000000001],[80.20389999999999,12.964176],[80.204152,12.964197],[80.20437,12.96418],[80.204332,12.963936],[80.204416,12.963567000000001],[80.204371,12.963064000000001],[80.204368,12.963031],[80.20434399999999,12.962763],[80.204342,12.962739000000001],[80.204313,12.962416000000001],[80.204308,12.96236],[80.204303,12.962306],[80.204297,12.962235],[80.204286,12.962106],[80.204272,12.96196],[80.20423199999999,12.961506],[80.201276,12.961715],[80.201173,12.961146000000001],[80.200981,12.960082],[80.20081499999999,12.959159],[80.200542,12.959127],[80.20024099999999,12.959091],[80.20089,12.958589],[80.201582,12.95851],[80.201483,12.958371],[80.201481,12.958368],[80.20117499999999,12.957938],[80.201623,12.957611],[80.201808,12.957459],[80.201869,12.957413],[80.201894,12.957394],[80.201914,12.957379],[80.201934,12.957364],[80.202017,12.957301000000001],[80.202089,12.957247],[80.202247,12.957127],[80.202561,12.95689],[80.202887,12.956625],[80.203182,12.956380000000001],[80.20338199999999,12.956214000000001],[80.206946,12.95343],[80.208027,12.952283],[80.209053,12.951401],[80.209001,12.951158],[80.209071,12.95109],[80.209169,12.950995],[80.20922999999999,12.950935000000001],[80.209261,12.950905],[80.2093,12.950867],[80.209316,12.950851],[80.209401,12.950768],[80.20951699999999,12.950656],[80.20962899999999,12.950547],[80.210037,12.950163],[80.210444,12.949724],[80.21061499999999,12.949449],[80.21071599999999,12.949286],[80.210785,12.949174000000001],[80.210898,12.948993],[80.21073799999999,12.948604],[80.210529,12.948093],[80.210413,12.947811],[80.210343,12.947638],[80.21030999999999,12.947559],[80.210255,12.947426],[80.21022599999999,12.947353],[80.210157,12.947187],[80.210084,12.947008],[80.21001,12.946828],[80.209901,12.946561],[80.209842,12.946417],[80.209773,12.946249],[80.209722,12.946125],[80.209662,12.945978],[80.20958399999999,12.945789],[80.209547,12.945699000000001],[80.20952199999999,12.945638],[80.209498,12.945578000000001],[80.209481,12.945536],[80.209464,12.945497],[80.209457,12.945478],[80.20943799999999,12.945431000000001],[80.209413,12.945371],[80.209396,12.945331],[80.209388,12.945311],[80.209378,12.945286000000001],[80.20937099999999,12.945269],[80.208816,12.943908],[80.208615,12.943354000000001],[80.208553,12.943079000000001],[80.209133,12.943095],[80.209339,12.943738],[80.209935,12.944985],[80.211589,12.944512],[80.212772,12.944157],[80.214062,12.943255],[80.214775,12.943344],[80.21509,12.943956],[80.21498,12.944355],[80.215079,12.945116],[80.215462,12.945955],[80.21592799999999,12.947007000000001],[80.217788,12.950268],[80.218786,12.9509],[80.220052,12.952137],[80.220891,12.952953],[80.22122,12.953269],[80.222054,12.954101],[80.22226599999999,12.954313],[80.2234,12.955438000000001],[80.22396599999999,12.955997],[80.224052,12.956083],[80.226409,12.958438000000001],[80.226856,12.958898],[80.227103,12.95907],[80.22757899999999,12.959402],[80.22812499999999,12.959783],[80.227176,12.960123000000001],[80.227154,12.961226],[80.22702,12.961243],[80.227149,12.962675],[80.227052,12.963684],[80.227144,12.963684],[80.22750599999999,12.963602],[80.227932,12.963506],[80.227998,12.964423],[80.228158,12.964970000000001],[80.227998,12.965036],[80.227892,12.965025],[80.22762999999999,12.965065000000001],[80.22755,12.96507],[80.226891,12.965132],[80.22664,12.965200000000001],[80.22646999999999,12.965246],[80.226325,12.965191],[80.22564299999999,12.965535000000001],[80.225627,12.965815000000001],[80.225779,12.966362],[80.225878,12.966869],[80.22577199999999,12.966983],[80.22588,12.967448000000001],[80.225762,12.967649],[80.225929,12.968404],[80.225988,12.968883],[80.224993,12.969106],[80.22452299999999,12.969157000000001],[80.224012,12.969215],[80.22394899999999,12.969222],[80.223852,12.969233000000001],[80.22375699999999,12.969244],[80.223747,12.969245],[80.223657,12.969251],[80.223524,12.969255],[80.22348099999999,12.969256],[80.223075,12.969267],[80.222411,12.969285000000001],[80.22046,12.969368000000001],[80.219489,12.969409],[80.21866899999999,12.969495],[80.217831,12.969582],[80.217112,12.970224],[80.217123,12.971092],[80.21702599999999,12.971729],[80.216726,12.972158],[80.216844,12.973161000000001],[80.216662,12.975022000000001],[80.21693499999999,12.975638],[80.216683,12.975924000000001],[80.21562999999999,12.976493],[80.215133,12.976285],[80.214124,12.973953],[80.21247199999999,12.975857],[80.211732,12.97708],[80.211624,12.977277],[80.211483,12.977534],[80.211152,12.978136000000001],[80.210884,12.978868]]]}},{"type":"Feature","properties":{"pincode":"600061","officeName":"Nanganallur S.O"},"geometry":{"type":"Polygon","coordinates":[[[80.160138,12.962553],[80.161275,12.963103],[80.16183099999999,12.962646],[80.162183,12.962356],[80.162657,12.961965000000001],[80.163453,12.961128],[80.164628,12.959893000000001],[80.168433,12.955178],[80.169017,12.954921],[80.169718,12.954613],[80.17008799999999,12.954377000000001],[80.17080299999999,12.953923],[80.17190599999999,12.954007],[80.17275,12.953857000000001],[80.172905,12.954281],[80.173498,12.95481],[80.17448499999999,12.955692],[80.174931,12.954467000000001],[80.175348,12.953732],[80.176467,12.95176],[80.178383,12.95189],[80.17988,12.951991],[80.182352,12.952159],[80.184348,12.952295],[80.184466,12.952581],[80.18486899999999,12.953559],[80.185797,12.955814],[80.186418,12.957323],[80.18668,12.95796],[80.186696,12.958],[80.18672,12.958058000000001],[80.18732899999999,12.959536],[80.187831,12.960755],[80.188155,12.961542],[80.189191,12.963166000000001],[80.19017099999999,12.964705],[80.189679,12.968467],[80.189356,12.971386],[80.189483,12.972556],[80.189649,12.973531],[80.18862,12.973447],[80.188451,12.974124],[80.18775699999999,12.974337],[80.187404,12.97465],[80.187097,12.974536],[80.185867,12.974082000000001],[80.184241,12.973483],[80.182322,12.972775],[80.18184099999999,12.972597],[80.181,12.972287],[80.179977,12.971801000000001],[80.17930199999999,12.97148],[80.178922,12.971471000000001],[80.160822,12.963479],[80.161277,12.963104],[80.160138,12.962553]]]}},{"type":"Feature","properties":{"pincode":"600078","officeName":"Kalaignar Karunanidhi Nagar S.O"},"geometry":{"type":"Polygon","coordinates":[[[80.198937,13.026674],[80.197726,13.025549],[80.197723,13.025348000000001],[80.197493,13.025117],[80.190242,13.026268],[80.190705,13.027842],[80.190764,13.028039],[80.19082399999999,13.028235],[80.19094799999999,13.028628],[80.191199,13.029411],[80.189208,13.02937],[80.187944,13.028726],[80.186966,13.028649],[80.186476,13.028607000000001],[80.185988,13.028572],[80.186036,13.027882],[80.18567999999999,13.027294],[80.18445,13.027188],[80.183945,13.027145],[80.183467,13.027242000000001],[80.18338299999999,13.027929],[80.1833,13.028461],[80.183002,13.02839],[80.18251099999999,13.028246000000001],[80.182266,13.028126],[80.182328,13.02783],[80.182367,13.027646],[80.18238699999999,13.027549],[80.182389,13.027457],[80.183084,13.025999],[80.182239,13.022898],[80.18207699999999,13.022886],[80.182137,13.021401000000001],[80.182125,13.021316],[80.182413,13.021331],[80.182571,13.019864],[80.182559,13.018537],[80.182116,13.018508],[80.182112,13.017887],[80.182267,13.017865],[80.182267,13.017359],[80.182146,13.016198000000001],[80.18212199999999,13.015970000000001],[80.181573,13.010719],[80.182474,13.01051],[80.182399,13.009736],[80.182007,13.009768000000001],[80.1816,13.009167],[80.181401,13.007865],[80.181348,13.007672],[80.181884,13.007463],[80.179985,13.004698],[80.17968499999999,13.002649],[80.180328,13.001855],[80.18071499999999,13.000935],[80.18236499999999,13.00287],[80.187994,13.009472],[80.18853899999999,13.010389],[80.191305,13.010864],[80.191313,13.011468],[80.191323,13.012271],[80.191333,13.013056],[80.191985,13.01331],[80.192807,13.013630000000001],[80.19462899999999,13.013538],[80.195076,13.013515],[80.196061,13.013465],[80.196362,13.013866],[80.196923,13.014614],[80.202579,13.013627],[80.203248,13.013844],[80.20391099999999,13.016179000000001],[80.202362,13.017466],[80.20193499999999,13.017708],[80.20223299999999,13.019816],[80.20238499999999,13.020877],[80.202555,13.021928],[80.203228,13.026141],[80.203705,13.026261],[80.206234,13.026488],[80.206317,13.027874],[80.206011,13.029084000000001],[80.20336499999999,13.028925000000001],[80.203181,13.027848],[80.201802,13.027584000000001],[80.20031,13.02729],[80.198937,13.026674]]]}},{"type":"Feature","properties":{"pincode":"600081","officeName":"Tondiarpet S.O"},"geometry":{"type":"Polygon","coordinates":[[[80.2922,13.1167],[80.292185,13.1167],[80.292,13.116745],[80.29190799999999,13.11683],[80.29182,13.117025],[80.291788,13.11721],[80.29177899999999,13.117355],[80.291806,13.117499],[80.291848,13.117612000000001],[80.29203199999999,13.11801],[80.292189,13.118354],[80.29221199999999,13.118458],[80.292216,13.118589],[80.292216,13.11876],[80.292226,13.119077],[80.292253,13.119325],[80.292304,13.119565],[80.29238699999999,13.119814],[80.29281999999999,13.120853],[80.293272,13.121712],[80.29357999999999,13.122322],[80.294009,13.123213],[80.29426699999999,13.123832],[80.294516,13.124402],[80.294797,13.124867],[80.29480099999999,13.124874],[80.293651,13.125178],[80.29360199999999,13.125191000000001],[80.291999,13.125614],[80.291223,13.125795],[80.291197,13.125802],[80.29042799999999,13.126026],[80.29053499999999,13.12634],[80.29041699999999,13.126382],[80.286941,13.126685],[80.28681999999999,13.126246],[80.28637599999999,13.126263],[80.28600999999999,13.126277],[80.285069,13.126486],[80.284492,13.126632],[80.28368499999999,13.126836],[80.28356099999999,13.126611],[80.281727,13.122965],[80.279742,13.123158],[80.27866399999999,13.121758],[80.278267,13.121435],[80.277639,13.121247],[80.276325,13.121408],[80.27692,13.122908],[80.277682,13.12494],[80.277418,13.125256],[80.277818,13.126321],[80.277492,13.126414],[80.277227,13.126469],[80.27693099999999,13.125723],[80.275997,13.126288],[80.274604,13.126892],[80.273982,13.12722],[80.273952,13.127155],[80.271395,13.121743],[80.27,13.11748],[80.26855499999999,13.112779],[80.268464,13.112336],[80.268391,13.111939],[80.267907,13.110232],[80.267781,13.109847],[80.26767699999999,13.109477],[80.267675,13.109468],[80.267674,13.109466000000001],[80.267614,13.109171],[80.26756999999999,13.108953],[80.267481,13.108519000000001],[80.267476,13.108495],[80.267464,13.108437],[80.26744099999999,13.108327000000001],[80.26768899999999,13.108287],[80.270727,13.108363],[80.271491,13.108382],[80.272211,13.108409],[80.273765,13.108485],[80.274027,13.108572],[80.27427,13.108690000000001],[80.274879,13.109096000000001],[80.275649,13.107837],[80.275607,13.107567],[80.278076,13.106998],[80.277852,13.106215],[80.27989699999999,13.105768000000001],[80.28082599999999,13.105611],[80.281858,13.105436000000001],[80.28259,13.105262],[80.282564,13.105025],[80.283698,13.104837],[80.283546,13.104032],[80.285101,13.103738],[80.285378,13.104405],[80.286417,13.104202],[80.286867,13.104048],[80.287671,13.10389],[80.287817,13.104592],[80.287836,13.104685],[80.287978,13.105448],[80.28804099999999,13.105793],[80.288044,13.105805],[80.288044,13.105806000000001],[80.28808099999999,13.105965000000001],[80.288124,13.106146],[80.288178,13.106347],[80.288192,13.106401],[80.288352,13.106998],[80.287392,13.107201],[80.287179,13.107216000000001],[80.287222,13.107365],[80.287322,13.107361000000001],[80.287796,13.107285000000001],[80.28786,13.107698000000001],[80.287851,13.107864000000001],[80.287786,13.108248],[80.28784999999999,13.108640000000001],[80.28765,13.108714],[80.287644,13.108716000000001],[80.287628,13.108722],[80.287615,13.108727],[80.28761399999999,13.108728000000001],[80.287521,13.108762],[80.287762,13.109634],[80.287942,13.110287],[80.287943,13.11029],[80.287967,13.110378],[80.288259,13.111599],[80.288332,13.111783],[80.28841299999999,13.111994000000001],[80.28872199999999,13.111930000000001],[80.28894799999999,13.111909],[80.289448,13.11187],[80.28971,13.111828000000001],[80.289841,13.112217000000001],[80.29003999999999,13.112807],[80.290131,13.113089],[80.290235,13.113408],[80.290719,13.11333],[80.291055,13.115542],[80.29128399999999,13.115544],[80.291395,13.115545000000001],[80.29151,13.115545000000001],[80.291585,13.115546],[80.292307,13.116186],[80.2922,13.1167]]]}},{"type":"Feature","properties":{"pincode":"600082","officeName":"Periyar Nagar S.O"},"geometry":{"type":"Polygon","coordinates":[[[80.227525,13.108437],[80.226818,13.108377],[80.226441,13.108374],[80.226112,13.108317],[80.224598,13.108053],[80.222962,13.108063],[80.22294099999999,13.108223],[80.221532,13.108223],[80.221004,13.108209],[80.219068,13.10816],[80.218852,13.107313],[80.217869,13.103469],[80.217952,13.102985],[80.218075,13.102541],[80.217716,13.102304],[80.218481,13.101326],[80.217698,13.101178],[80.217702,13.100714],[80.217502,13.10024],[80.217123,13.099599],[80.216512,13.099687000000001],[80.21466099999999,13.100232],[80.214145,13.100393],[80.21390099999999,13.100491],[80.213747,13.100587],[80.21363,13.100553],[80.212181,13.100123],[80.208815,13.099123],[80.205047,13.098005],[80.205984,13.095308000000001],[80.207486,13.094577000000001],[80.206667,13.092506],[80.20661299999999,13.09211],[80.206614,13.09211],[80.206615,13.092119],[80.207914,13.091893],[80.209656,13.091588],[80.21064199999999,13.091475],[80.212885,13.091217],[80.215321,13.090846],[80.216404,13.090569],[80.217107,13.090125],[80.217804,13.089545000000001],[80.217942,13.089718],[80.218077,13.0905],[80.21818499999999,13.090481],[80.21977,13.090366],[80.221345,13.090251],[80.221477,13.090243000000001],[80.223895,13.090106],[80.22438,13.090079000000001],[80.22614,13.089979],[80.226564,13.089958000000001],[80.22673,13.089949],[80.227846,13.089891],[80.22798,13.089884],[80.228214,13.089872],[80.228943,13.089834],[80.229101,13.089826],[80.229846,13.089785000000001],[80.23057399999999,13.089752],[80.230927,13.089772],[80.231037,13.089773000000001],[80.231264,13.089776],[80.231021,13.090027000000001],[80.230986,13.090131],[80.230974,13.09023],[80.22996599999999,13.090476],[80.229534,13.09059],[80.22927299999999,13.090508],[80.22851899999999,13.090575000000001],[80.22816499999999,13.090632000000001],[80.228044,13.090652],[80.227946,13.090668],[80.227881,13.090678],[80.22783,13.090687],[80.227766,13.090697],[80.22774199999999,13.090841000000001],[80.227755,13.090906],[80.227769,13.09094],[80.22778199999999,13.090972],[80.227788,13.090992],[80.227796,13.091016],[80.227801,13.09103],[80.227809,13.091055],[80.227824,13.091084],[80.227873,13.091097],[80.227975,13.091805],[80.228112,13.09252],[80.228427,13.093366],[80.228579,13.094361000000001],[80.228655,13.094863],[80.228692,13.095106],[80.228811,13.095351],[80.229016,13.095844],[80.229,13.096037],[80.226777,13.096791],[80.22661599999999,13.097134],[80.226451,13.097486],[80.225465,13.098129],[80.225599,13.098703],[80.22646399999999,13.102400000000001],[80.226632,13.103086000000001],[80.226848,13.103774],[80.227278,13.105151000000001],[80.227525,13.108437]]]}},{"type":"Feature","properties":{"pincode":"600083","officeName":"Ashoknagar S.O (Chennai)"},"geometry":{"type":"Polygon","coordinates":[[[80.211496,13.009603],[80.210369,13.009491],[80.210459,13.010029000000001],[80.210469,13.010088],[80.210477,13.010138],[80.21086799999999,13.012475],[80.212082,13.012462000000001],[80.21227499999999,13.013648],[80.213019,13.013704],[80.213042,13.014219],[80.212375,13.014283],[80.212394,13.014429],[80.213199,13.0144],[80.213093,13.015182000000001],[80.212467,13.015369],[80.212564,13.016069],[80.21149,13.016199],[80.211565,13.018192],[80.210847,13.018216],[80.210943,13.018914],[80.210431,13.018932],[80.210852,13.022308],[80.21217899999999,13.022071],[80.212976,13.021929],[80.213129,13.022599],[80.21177999999999,13.022807],[80.212064,13.025504],[80.212783,13.026575000000001],[80.212021,13.026789],[80.21176299999999,13.026516],[80.211347,13.026641],[80.21127,13.026664],[80.21097499999999,13.026715000000001],[80.209063,13.027048],[80.208888,13.027696],[80.208721,13.028318],[80.206317,13.027874],[80.206234,13.026488],[80.203705,13.026261],[80.203228,13.026141],[80.202555,13.021928],[80.20238499999999,13.020877],[80.20223299999999,13.019816],[80.20193499999999,13.017708],[80.202362,13.017466],[80.20391099999999,13.016179000000001],[80.203248,13.013844],[80.202579,13.013627],[80.196923,13.014614],[80.196362,13.013866],[80.196061,13.013465],[80.195076,13.013515],[80.19462899999999,13.013538],[80.192807,13.013630000000001],[80.191985,13.01331],[80.191333,13.013056],[80.191323,13.012271],[80.191313,13.011468],[80.191305,13.010864],[80.192152,13.01101],[80.194889,13.010496],[80.19672,13.01018],[80.19843999999999,13.009892],[80.20111899999999,13.009443000000001],[80.201837,13.008945],[80.204416,13.007181000000001],[80.204467,13.007146],[80.204622,13.00704],[80.20495799999999,13.00681],[80.20580799999999,13.007372],[80.20684,13.006337],[80.208814,13.006496],[80.20938699999999,13.006542],[80.210636,13.006642000000001],[80.213425,13.007017000000001],[80.213645,13.007095],[80.213567,13.007168],[80.211285,13.009308],[80.211496,13.009603]]]}},{"type":"Feature","properties":{"pincode":"600084","officeName":"Flowers Road S.O"},"geometry":{"type":"Polygon","coordinates":[[[80.245113,13.067738],[80.245111,13.067709],[80.24510699999999,13.067680000000001],[80.245099,13.067622],[80.245083,13.067507],[80.245051,13.067277],[80.244989,13.066815],[80.244753,13.065087],[80.24468999999999,13.064625],[80.244671,13.064485],[80.24459399999999,13.064168],[80.24392999999999,13.06432],[80.24378399999999,13.063463],[80.243937,13.063437],[80.24401499999999,13.060766000000001],[80.242448,13.060463],[80.243081,13.058347],[80.244085,13.058593],[80.246399,13.059076000000001],[80.24622,13.060286],[80.246944,13.06062],[80.247569,13.060714],[80.247883,13.060761000000001],[80.248156,13.060787],[80.248172,13.060077],[80.248426,13.060063],[80.248558,13.060056],[80.24868099999999,13.060068000000001],[80.248832,13.060082],[80.24891199999999,13.060134],[80.248929,13.060536],[80.248502,13.060897],[80.248673,13.061063],[80.24866399999999,13.061065000000001],[80.249236,13.061122000000001],[80.249984,13.061196],[80.25003,13.061198000000001],[80.250152,13.06121],[80.25024499999999,13.061209],[80.250708,13.061263],[80.25094299999999,13.061293000000001],[80.25142199999999,13.061342],[80.25241199999999,13.061434],[80.253433,13.061545],[80.253948,13.061615],[80.254424,13.061706000000001],[80.254639,13.061762],[80.254857,13.061819],[80.255681,13.062144],[80.255656,13.062240000000001],[80.255419,13.063204],[80.254244,13.063178],[80.254134,13.063171],[80.253238,13.063215],[80.252726,13.063049],[80.252601,13.062746],[80.252657,13.062087],[80.252265,13.062086],[80.25205,13.062084],[80.251905,13.062083],[80.251903,13.062151],[80.251892,13.062273000000001],[80.25191099999999,13.063145],[80.251239,13.063209],[80.250744,13.063243],[80.250726,13.064001000000001],[80.25072,13.064839000000001],[80.249972,13.064641],[80.249757,13.063790000000001],[80.24949699999999,13.063857],[80.249216,13.063884],[80.249398,13.064552],[80.24947,13.065286],[80.249932,13.065385000000001],[80.249924,13.065647],[80.249961,13.065897],[80.250447,13.066005],[80.25093,13.066148],[80.251058,13.066185],[80.25115199999999,13.066219],[80.251023,13.066679],[80.25088099999999,13.067279000000001],[80.250624,13.068048000000001],[80.250474,13.068421],[80.249985,13.068244],[80.249505,13.068079000000001],[80.248621,13.067762],[80.24855,13.06756],[80.247916,13.067501],[80.247858,13.066969],[80.247005,13.067039000000001],[80.246979,13.067319],[80.24698,13.067516],[80.24607999999999,13.067623000000001],[80.245597,13.067681],[80.245355,13.067709],[80.245234,13.067724],[80.245113,13.067738]]]}},{"type":"Feature","properties":{"pincode":"600085","officeName":"Kotturpuram S.O"},"geometry":{"type":"Polygon","coordinates":[[[80.23013,13.000717],[80.230791,13.000004],[80.231016,12.999761],[80.231379,12.999369],[80.232032,12.998664],[80.23374199999999,12.998489000000001],[80.234504,12.998371],[80.23459799999999,12.997705],[80.235131,12.997762],[80.235298,12.997786],[80.236462,12.996779],[80.238092,12.996883],[80.239066,12.995093],[80.238958,12.993693],[80.239023,12.992544],[80.24023799999999,12.991239],[80.241789,12.989537],[80.24240499999999,12.99492],[80.24370499999999,12.997771],[80.242826,12.999452],[80.242773,12.999553],[80.242717,12.999659000000001],[80.242682,12.999725],[80.242323,13.000398],[80.242156,13.00071],[80.24204499999999,13.000918],[80.241933,13.001128],[80.241282,13.003696],[80.240591,13.004727],[80.239868,13.005806],[80.23907,13.006444],[80.23737299999999,13.007872],[80.23541999999999,13.008102000000001],[80.23335,13.006563],[80.23197,13.004406],[80.230997,13.002886],[80.23013,13.000717]]]}},{"type":"Feature","properties":{"pincode":"600086","officeName":"Gopalapuram S.O (Chennai)"},"geometry":{"type":"Polygon","coordinates":[[[80.25237899999999,13.027782],[80.25237299999999,13.028006],[80.252163,13.027989],[80.25215899999999,13.028032],[80.252369,13.028042000000001],[80.252242,13.028951000000001],[80.252393,13.029315],[80.25175,13.029571],[80.25173699999999,13.02936],[80.251363,13.029372],[80.251351,13.029448],[80.25164,13.029458],[80.251663,13.029623],[80.251789,13.029848],[80.251831,13.029837],[80.251839,13.030108],[80.251913,13.030117],[80.252299,13.03008],[80.25367,13.029936000000001],[80.254031,13.029888],[80.255104,13.029709],[80.255241,13.029921],[80.25536199999999,13.03011],[80.25549099999999,13.030309],[80.255658,13.030692],[80.25515,13.03086],[80.254885,13.03095],[80.25500699999999,13.031317],[80.254424,13.031393],[80.2545,13.031751],[80.254435,13.03177],[80.25434899999999,13.03144],[80.253664,13.031596],[80.253522,13.030937],[80.253462,13.030946],[80.25380299999999,13.032587],[80.252692,13.032735],[80.252709,13.032807],[80.253861,13.03264],[80.253946,13.033267],[80.252865,13.033380000000001],[80.252889,13.033444000000001],[80.253934,13.033327],[80.254069,13.034270000000001],[80.251522,13.034576],[80.25155699999999,13.034675],[80.25168599999999,13.034661],[80.251874,13.036405],[80.251755,13.036626],[80.24901299999999,13.036859],[80.248113,13.035814],[80.244862,13.033809],[80.244755,13.032773],[80.244068,13.032418],[80.243603,13.030539000000001],[80.245023,13.028686],[80.24408,13.027348],[80.243672,13.027369],[80.24367099999999,13.027369],[80.243843,13.02736],[80.244295,13.027333],[80.244484,13.02732],[80.245373,13.027259],[80.245375,13.024731000000001],[80.245637,13.024683],[80.24583,13.024757000000001],[80.245857,13.024713],[80.24565199999999,13.02462],[80.245811,13.024387],[80.245914,13.024223000000001],[80.24812399999999,13.024202],[80.248151,13.024610000000001],[80.250221,13.024364],[80.250297,13.025274],[80.24932,13.025357],[80.249374,13.025493],[80.24940099999999,13.026747],[80.250168,13.026632000000001],[80.25013,13.027636000000001],[80.251364,13.027301],[80.252105,13.027093],[80.252337,13.027029],[80.25235599999999,13.027412],[80.25237899999999,13.027782]]]}},{"type":"Feature","properties":{"pincode":"600087","officeName":"Alwarthirunagar S.O"},"geometry":{"type":"Polygon","coordinates":[[[80.182389,13.027457],[80.182339,13.027562],[80.181918,13.028049000000001],[80.18192599999999,13.028208000000001],[80.182187,13.028323],[80.18169999999999,13.031354],[80.181998,13.031363],[80.18181,13.033483],[80.18153199999999,13.03348],[80.18159299999999,13.034411],[80.180849,13.034522],[80.180928,13.035263],[80.18098499999999,13.035691],[80.181186,13.035759],[80.180566,13.036027],[80.180589,13.036699],[80.180598,13.036785],[80.180539,13.036852],[80.180515,13.036879],[80.180492,13.036905],[80.18048399999999,13.036914],[80.18048399999999,13.037033000000001],[80.180492,13.037361],[80.180499,13.037368],[80.18055199999999,13.037370000000001],[80.180613,13.037371],[80.177118,13.037582],[80.175915,13.037475],[80.17264399999999,13.03584],[80.171549,13.034778000000001],[80.16993599999999,13.034715],[80.169827,13.031172],[80.165129,13.031776],[80.16572,13.029738],[80.166342,13.029487],[80.16613,13.029147],[80.166591,13.029366],[80.164047,13.027405],[80.163867,13.025817],[80.16358799999999,13.023654],[80.163438,13.022662],[80.16369399999999,13.02153],[80.163049,13.021212],[80.163076,13.020963],[80.16333399999999,13.020402],[80.163434,13.018764000000001],[80.164104,13.018495],[80.163097,13.018495],[80.166765,13.01791],[80.166761,13.018135000000001],[80.167762,13.018105],[80.168202,13.017987],[80.168958,13.018042],[80.169764,13.017895000000001],[80.169977,13.017857000000001],[80.170148,13.017817],[80.170532,13.017743000000001],[80.172101,13.017447],[80.172466,13.017396],[80.172564,13.01778],[80.17289,13.017906],[80.173129,13.017998],[80.175372,13.018715],[80.177196,13.019353],[80.17783899999999,13.01929],[80.177882,13.019603],[80.180232,13.019802],[80.182571,13.019864],[80.182413,13.021331],[80.182125,13.021316],[80.182137,13.021401000000001],[80.18207699999999,13.022886],[80.182239,13.022898],[80.183084,13.025999],[80.182389,13.027457]]]}},{"type":"Feature","properties":{"pincode":"600088","officeName":"Adambakkam S.O"},"geometry":{"type":"Polygon","coordinates":[[[80.187404,12.97465],[80.18775699999999,12.974337],[80.188451,12.974124],[80.18862,12.973447],[80.189649,12.973531],[80.189483,12.972556],[80.189356,12.971386],[80.189679,12.968467],[80.19017099999999,12.964705],[80.193377,12.962695],[80.196556,12.960729],[80.198976,12.959259000000001],[80.20117499999999,12.957938],[80.201481,12.958368],[80.201483,12.958371],[80.201582,12.95851],[80.20089,12.958589],[80.20024099999999,12.959091],[80.200542,12.959127],[80.20081499999999,12.959159],[80.200981,12.960082],[80.201173,12.961146000000001],[80.201276,12.961715],[80.20423199999999,12.961506],[80.204272,12.96196],[80.204286,12.962106],[80.204297,12.962235],[80.204303,12.962306],[80.204308,12.96236],[80.204313,12.962416000000001],[80.204342,12.962739000000001],[80.20434399999999,12.962763],[80.204368,12.963031],[80.204371,12.963064000000001],[80.204416,12.963567000000001],[80.204332,12.963936],[80.20437,12.96418],[80.204152,12.964197],[80.20389999999999,12.964176],[80.20383,12.964056000000001],[80.203352,12.964056000000001],[80.203347,12.964369],[80.20334199999999,12.964594],[80.20412,12.964604],[80.204211,12.964735000000001],[80.204214,12.965670000000001],[80.204214,12.96571],[80.20421499999999,12.965863],[80.20406,12.96585],[80.20390499999999,12.965837],[80.203676,12.965818],[80.20387699999999,12.96598],[80.203887,12.966142],[80.203895,12.966252],[80.203904,12.966397],[80.204279,12.966405],[80.204291,12.966789],[80.20557699999999,12.966763],[80.205573,12.966874],[80.205559,12.967258000000001],[80.205558,12.967295],[80.20684,12.967236],[80.206851,12.967842000000001],[80.206862,12.969054],[80.206668,12.970797000000001],[80.20309499999999,12.970692],[80.20309999999999,12.970746],[80.203103,12.970775],[80.203138,12.971138],[80.203192,12.971373],[80.203193,12.971379],[80.203345,12.972038],[80.203666,12.973732],[80.203756,12.973937000000001],[80.203777,12.974164],[80.203791,12.974292],[80.203816,12.974532],[80.203853,12.974872],[80.203998,12.976223000000001],[80.204027,12.976495],[80.20405199999999,12.976726000000001],[80.20405699999999,12.976767],[80.204145,12.977589],[80.204173,12.977885],[80.204174,12.977891],[80.204191,12.978041000000001],[80.204196,12.97808],[80.204202,12.97814],[80.20420399999999,12.978154],[80.204206,12.978172],[80.204208,12.978192],[80.204345,12.979388],[80.203912,12.979616],[80.203728,12.979713],[80.20344,12.979864000000001],[80.203159,12.980012],[80.20289,12.980253000000001],[80.202741,12.980046],[80.20192899999999,12.980002],[80.200077,12.980416],[80.19901899999999,12.979538],[80.19828199999999,12.978926],[80.19529299999999,12.977594],[80.193895,12.977072],[80.190894,12.975952],[80.188699,12.975133],[80.187404,12.97465]]]}},{"type":"Feature","properties":{"pincode":"600089","officeName":"Nandambakkam Kudiyiruppu S.O"},"geometry":{"type":"Polygon","coordinates":[[[80.192589,12.994255],[80.19261999999999,12.994584],[80.192632,12.994707],[80.19264199999999,12.994814],[80.192667,12.995076000000001],[80.192672,12.995124],[80.192694,12.995362],[80.192702,12.995446000000001],[80.19271499999999,12.995585],[80.192729,12.995731000000001],[80.192752,12.99597],[80.192773,12.996189000000001],[80.191732,12.996879],[80.191803,12.998532],[80.191814,12.998786],[80.19182599999999,12.999055],[80.191864,12.999929],[80.19205099999999,13.004278000000001],[80.192394,13.006829],[80.19285099999999,13.009029],[80.191333,13.010064],[80.187994,13.009472],[80.18236499999999,13.00287],[80.18071499999999,13.000935],[80.180328,13.001855],[80.17968499999999,13.002649],[80.179985,13.004698],[80.181884,13.007463],[80.181348,13.007672],[80.181401,13.007865],[80.1816,13.009167],[80.182007,13.009768000000001],[80.182399,13.009736],[80.182474,13.01051],[80.181573,13.010719],[80.18212199999999,13.015970000000001],[80.182146,13.016198000000001],[80.182267,13.017359],[80.182267,13.017865],[80.182112,13.017887],[80.182116,13.018508],[80.182559,13.018537],[80.182571,13.019864],[80.180232,13.019802],[80.177882,13.019603],[80.17783899999999,13.01929],[80.177196,13.019353],[80.175372,13.018715],[80.173129,13.017998],[80.17289,13.017906],[80.172564,13.01778],[80.172466,13.017396],[80.172101,13.017447],[80.170532,13.017743000000001],[80.170148,13.017817],[80.169977,13.017857000000001],[80.169764,13.017895000000001],[80.168958,13.018042],[80.168202,13.017987],[80.167762,13.018105],[80.166761,13.018135000000001],[80.166765,13.01791],[80.166507,13.017158],[80.166646,13.017035],[80.16745,13.016321],[80.165046,13.015318],[80.171058,13.012809],[80.169598,13.012642],[80.16933999999999,13.011722],[80.16760099999999,13.011394000000001],[80.16699799999999,13.011163],[80.164919,13.010384],[80.164299,13.010315],[80.166563,13.009067],[80.166192,13.00877],[80.165148,13.00768],[80.16478599999999,13.00662],[80.16587299999999,13.006375],[80.167883,13.006671],[80.166905,13.004594],[80.167542,13.00384],[80.166783,13.002],[80.16966599999999,13.00132],[80.17161399999999,12.999447],[80.174855,12.997347],[80.179164,12.997262000000001],[80.178603,12.994836000000001],[80.182548,12.994629],[80.182957,12.993177000000001],[80.184652,12.992821000000001],[80.186551,12.994390000000001],[80.18800999999999,12.99438],[80.18802099999999,12.995269],[80.18871299999999,12.994146],[80.189065,12.993578000000001],[80.189239,12.993295],[80.189346,12.993126],[80.189394,12.993064],[80.189444,12.993043],[80.18947899999999,12.993039],[80.189511,12.993046],[80.18956299999999,12.993074],[80.18960799999999,12.993129],[80.189691,12.993237],[80.189781,12.993354],[80.189866,12.995013],[80.192589,12.994255]]]}},{"type":"Feature","properties":{"pincode":"600090","officeName":"Besantnagar S.O"},"geometry":{"type":"Polygon","coordinates":[[[80.255838,12.978401],[80.255849,12.978229],[80.255841,12.978062],[80.255816,12.977868],[80.255816,12.977867],[80.25580099999999,12.977501],[80.255804,12.977147],[80.256169,12.97708],[80.25652099999999,12.976987000000001],[80.25695,12.976873],[80.257155,12.976844],[80.25710099999999,12.976489],[80.257054,12.976134],[80.25706199999999,12.975786000000001],[80.256995,12.975418],[80.25695,12.975027],[80.25684799999999,12.974518],[80.256653,12.973574000000001],[80.257232,12.973334],[80.25770299999999,12.972537],[80.25766899999999,12.97198],[80.25784399999999,12.971482],[80.258346,12.971444],[80.258691,12.971493],[80.259356,12.971367],[80.259796,12.971357000000001],[80.26062499999999,12.971315],[80.261411,12.971048],[80.261849,12.970769],[80.262396,12.970518],[80.26303899999999,12.970173],[80.26360799999999,12.969922],[80.264134,12.969582],[80.26471099999999,12.970347],[80.26499,12.971476000000001],[80.26619099999999,12.976902],[80.26686699999999,12.979578],[80.267661,12.982296],[80.268659,12.984899],[80.26911,12.987586],[80.270215,12.990231],[80.271384,12.992938],[80.27129599999999,12.993931],[80.269683,12.994299],[80.269464,12.994349],[80.269409,12.993955],[80.269374,12.993706],[80.26932599999999,12.993371],[80.269324,12.993353],[80.26897799999999,12.990893],[80.267862,12.988135],[80.26719299999999,12.986934],[80.266142,12.987143],[80.26547699999999,12.986035000000001],[80.263751,12.986930000000001],[80.263429,12.986491000000001],[80.262936,12.985614],[80.261777,12.984193],[80.258022,12.986011],[80.255838,12.978401]]]}},{"type":"Feature","properties":{"pincode":"600091","officeName":"Madipakkam S.O"},"geometry":{"type":"Polygon","coordinates":[[[80.20117499999999,12.957938],[80.198976,12.959259000000001],[80.196556,12.960729],[80.193377,12.962695],[80.19017099999999,12.964705],[80.189191,12.963166000000001],[80.188155,12.961542],[80.187831,12.960755],[80.18732899999999,12.959536],[80.18672,12.958058000000001],[80.186696,12.958],[80.18668,12.95796],[80.186418,12.957323],[80.185797,12.955814],[80.18486899999999,12.953559],[80.184466,12.952581],[80.184348,12.952295],[80.182352,12.952159],[80.17988,12.951991],[80.178383,12.95189],[80.176467,12.95176],[80.175348,12.953732],[80.174931,12.954467000000001],[80.17448499999999,12.955692],[80.173498,12.95481],[80.172905,12.954281],[80.17275,12.953857000000001],[80.173266,12.95364],[80.17446,12.953139],[80.175322,12.952208],[80.175694,12.951707],[80.174799,12.948874],[80.174566,12.948138],[80.17451,12.947649],[80.174382,12.946528],[80.174357,12.946309000000001],[80.174294,12.945756000000001],[80.174108,12.944131],[80.174093,12.943998],[80.17396099999999,12.942846000000001],[80.176288,12.942819],[80.17783399999999,12.942801000000001],[80.17901599999999,12.942728],[80.179324,12.942728],[80.179377,12.942729],[80.17989899999999,12.942729],[80.180399,12.942730000000001],[80.180555,12.942730000000001],[80.18109,12.942731],[80.182614,12.94201],[80.182756,12.941943],[80.182936,12.941858],[80.18267399999999,12.941211000000001],[80.182633,12.94111],[80.182576,12.940969],[80.182313,12.940321],[80.184907,12.940523],[80.18559499999999,12.940577000000001],[80.186521,12.940143],[80.18678299999999,12.940021],[80.187286,12.939785],[80.186892,12.939567],[80.186836,12.939536],[80.186486,12.939342],[80.186471,12.939334],[80.185647,12.938878],[80.185615,12.938787],[80.185301,12.9379],[80.185301,12.937899],[80.185272,12.937817],[80.18503,12.937134],[80.186028,12.936773],[80.186167,12.936722],[80.18677199999999,12.936503],[80.18689599999999,12.936458],[80.186998,12.936421000000001],[80.187157,12.936364000000001],[80.18729499999999,12.936314],[80.187377,12.936284],[80.18737899999999,12.936283],[80.18757599999999,12.936212000000001],[80.187863,12.936132],[80.188413,12.935978],[80.188543,12.935942],[80.188738,12.935887000000001],[80.188852,12.935855],[80.190541,12.935383],[80.190923,12.935276],[80.19102,12.935233],[80.19121299999999,12.935147],[80.191777,12.934896],[80.192652,12.934507],[80.19332,12.93421],[80.193493,12.934133000000001],[80.19471,12.933592],[80.194768,12.933588],[80.195675,12.933519],[80.197091,12.933413],[80.198923,12.936160000000001],[80.204606,12.938518],[80.206358,12.942425],[80.20937099999999,12.945269],[80.209378,12.945286000000001],[80.209388,12.945311],[80.209396,12.945331],[80.209413,12.945371],[80.20943799999999,12.945431000000001],[80.209457,12.945478],[80.209464,12.945497],[80.209481,12.945536],[80.209498,12.945578000000001],[80.20952199999999,12.945638],[80.209547,12.945699000000001],[80.20958399999999,12.945789],[80.209662,12.945978],[80.209722,12.946125],[80.209773,12.946249],[80.209842,12.946417],[80.209901,12.946561],[80.21001,12.946828],[80.210084,12.947008],[80.210157,12.947187],[80.21022599999999,12.947353],[80.210255,12.947426],[80.21030999999999,12.947559],[80.210343,12.947638],[80.210413,12.947811],[80.210529,12.948093],[80.21073799999999,12.948604],[80.210898,12.948993],[80.210785,12.949174000000001],[80.21071599999999,12.949286],[80.21061499999999,12.949449],[80.210444,12.949724],[80.210037,12.950163],[80.20962899999999,12.950547],[80.20951699999999,12.950656],[80.209401,12.950768],[80.209316,12.950851],[80.2093,12.950867],[80.209261,12.950905],[80.20922999999999,12.950935000000001],[80.209169,12.950995],[80.209071,12.95109],[80.209001,12.951158],[80.209053,12.951401],[80.208027,12.952283],[80.206946,12.95343],[80.20338199999999,12.956214000000001],[80.203182,12.956380000000001],[80.202887,12.956625],[80.202561,12.95689],[80.202247,12.957127],[80.202089,12.957247],[80.202017,12.957301000000001],[80.201934,12.957364],[80.201914,12.957379],[80.201894,12.957394],[80.201869,12.957413],[80.201808,12.957459],[80.201623,12.957611],[80.20117499999999,12.957938]]]}},{"type":"Feature","properties":{"pincode":"600092","officeName":"Virugambakkam S.O"},"geometry":{"type":"Polygon","coordinates":[[[80.191199,13.029411],[80.19299,13.029581],[80.194127,13.038731],[80.193006,13.038934000000001],[80.19301899999999,13.043187],[80.19657099999999,13.043979],[80.199626,13.043243],[80.19962699999999,13.043243],[80.199623,13.044043],[80.198937,13.044241],[80.198551,13.044252],[80.198229,13.044304],[80.197521,13.044366],[80.195955,13.045038],[80.195236,13.045142],[80.194346,13.045135],[80.19361599999999,13.04513],[80.193077,13.045144],[80.19182099999999,13.045191],[80.191413,13.045369],[80.19183199999999,13.046058],[80.191689,13.04622],[80.191542,13.046387000000001],[80.191155,13.046553000000001],[80.190784,13.046614],[80.190752,13.046749],[80.190782,13.046837],[80.19087499999999,13.046931],[80.190845,13.0471],[80.190868,13.047411],[80.190838,13.047632],[80.190845,13.047972],[80.19067799999999,13.047884],[80.19064,13.047337],[80.19064,13.047078],[80.190602,13.04679],[80.190489,13.046923],[80.190534,13.047994000000001],[80.185872,13.047889],[80.18543199999999,13.046249],[80.185197,13.046338],[80.18468899999999,13.046238],[80.184569,13.046105],[80.18451499999999,13.04575],[80.18440199999999,13.045531],[80.184274,13.045689],[80.18419,13.045755],[80.183925,13.045962000000001],[80.183492,13.046672000000001],[80.183318,13.046525],[80.183016,13.042703],[80.18384,13.042518000000001],[80.183695,13.04139],[80.183381,13.041008],[80.182187,13.040849],[80.18146399999999,13.040778],[80.181255,13.040759],[80.181135,13.040762],[80.180983,13.040651],[80.180869,13.039034000000001],[80.180499,13.038861],[80.180613,13.037371],[80.18055199999999,13.037370000000001],[80.180499,13.037368],[80.180492,13.037361],[80.18048399999999,13.037033000000001],[80.18048399999999,13.036914],[80.180492,13.036905],[80.180515,13.036879],[80.180539,13.036852],[80.180598,13.036785],[80.180589,13.036699],[80.180566,13.036027],[80.181186,13.035759],[80.18098499999999,13.035691],[80.180928,13.035263],[80.180849,13.034522],[80.18159299999999,13.034411],[80.18153199999999,13.03348],[80.18181,13.033483],[80.181998,13.031363],[80.18169999999999,13.031354],[80.182187,13.028323],[80.18192599999999,13.028208000000001],[80.181918,13.028049000000001],[80.182339,13.027562],[80.182389,13.027457],[80.18238699999999,13.027549],[80.182367,13.027646],[80.182328,13.02783],[80.182266,13.028126],[80.18251099999999,13.028246000000001],[80.183002,13.02839],[80.1833,13.028461],[80.18338299999999,13.027929],[80.183467,13.027242000000001],[80.183945,13.027145],[80.18445,13.027188],[80.18567999999999,13.027294],[80.186036,13.027882],[80.185988,13.028572],[80.186476,13.028607000000001],[80.186966,13.028649],[80.187944,13.028726],[80.189208,13.02937],[80.191199,13.029411]]]}},{"type":"Feature","properties":{"pincode":"600093","officeName":"Saligramam S.O"},"geometry":{"type":"Polygon","coordinates":[[[80.202461,13.04256],[80.19962699999999,13.043243],[80.199626,13.043243],[80.19657099999999,13.043979],[80.19301899999999,13.043187],[80.193006,13.038934000000001],[80.194127,13.038731],[80.19299,13.029581],[80.191199,13.029411],[80.19094799999999,13.028628],[80.19082399999999,13.028235],[80.190764,13.028039],[80.190705,13.027842],[80.190242,13.026268],[80.197493,13.025117],[80.197723,13.025348000000001],[80.197726,13.025549],[80.198937,13.026674],[80.197741,13.025563],[80.197743,13.02652],[80.197765,13.027824],[80.197788,13.02921],[80.197816,13.030482000000001],[80.197872,13.032071],[80.197917,13.03334],[80.197977,13.035065],[80.19802899999999,13.036533],[80.198076,13.037859000000001],[80.19814,13.039686],[80.19847399999999,13.039633],[80.199551,13.039463],[80.201021,13.039231000000001],[80.202466,13.039003000000001],[80.20246399999999,13.04029],[80.202462,13.041771],[80.202461,13.04256]]]}},{"type":"Feature","properties":{"pincode":"600094","officeName":"Choolaimedu S.O"},"geometry":{"type":"Polygon","coordinates":[[[80.234659,13.034589],[80.233811,13.034959],[80.22756799999999,13.036083],[80.22538399999999,13.036371],[80.225486,13.037278],[80.225757,13.037638000000001],[80.22585699999999,13.038411],[80.225993,13.039457],[80.226024,13.040502],[80.226101,13.041408],[80.226278,13.042803000000001],[80.226452,13.04396],[80.226621,13.045089],[80.226693,13.045568000000001],[80.226702,13.045631],[80.226905,13.046984],[80.22767999999999,13.046995],[80.226596,13.047151],[80.226745,13.048735],[80.22694899999999,13.050048],[80.225953,13.050057],[80.225499,13.050133],[80.225414,13.050144],[80.225251,13.050116000000001],[80.225093,13.050088],[80.22473099999999,13.050012],[80.224498,13.04996],[80.224333,13.049924],[80.224018,13.049861],[80.22363,13.049826],[80.22343,13.049755000000001],[80.222994,13.049752],[80.22278,13.049871],[80.222572,13.049984],[80.222471,13.050039],[80.222341,13.050037],[80.222182,13.049588],[80.222199,13.049555],[80.22209,13.049344],[80.22194,13.049189],[80.221732,13.049311],[80.221626,13.049097],[80.22122399999999,13.049426],[80.220975,13.048927],[80.220422,13.049223],[80.220331,13.049192],[80.220663,13.048821],[80.222611,13.048497000000001],[80.222664,13.048382],[80.222272,13.048261],[80.222123,13.048215],[80.221896,13.048256],[80.221103,13.048398],[80.22079099999999,13.048502000000001],[80.220463,13.048611000000001],[80.22001999999999,13.048758000000001],[80.219971,13.048774],[80.219965,13.048776],[80.219945,13.048782000000001],[80.219559,13.048907],[80.219503,13.048926],[80.219469,13.048937],[80.219376,13.048967000000001],[80.219324,13.048981],[80.219156,13.049024000000001],[80.21805599999999,13.049307],[80.217827,13.049402],[80.217711,13.04945],[80.21770699999999,13.049452],[80.217665,13.049469],[80.217652,13.049474],[80.217651,13.049474],[80.217593,13.049495],[80.21705899999999,13.049683],[80.216922,13.049192],[80.21682299999999,13.048777000000001],[80.215852,13.049059],[80.21578199999999,13.048507],[80.214907,13.048680000000001],[80.213531,13.048769],[80.213416,13.049432],[80.213126,13.049581],[80.21318,13.049582000000001],[80.213177,13.049585],[80.212451,13.049568],[80.211662,13.049511],[80.211542,13.049493],[80.211254,13.049448],[80.211067,13.048628],[80.210353,13.04874],[80.21027,13.048366],[80.21052999999999,13.048304],[80.210409,13.047497],[80.210587,13.047283],[80.210638,13.047247],[80.210696,13.047207],[80.211058,13.046958],[80.211061,13.046868],[80.211081,13.046341],[80.210732,13.046462],[80.21052999999999,13.047094],[80.210476,13.047093],[80.210296,13.04709],[80.21024299999999,13.047078],[80.210115,13.047087],[80.209755,13.047081],[80.209738,13.046721],[80.209743,13.046493],[80.20973599999999,13.046193],[80.20972499999999,13.046072],[80.20973,13.045905000000001],[80.20977599999999,13.04527],[80.20982,13.04493],[80.20982699999999,13.044876],[80.209704,13.044729],[80.208659,13.044758],[80.208494,13.044135],[80.207666,13.04442],[80.207337,13.044535],[80.20703999999999,13.044638],[80.206999,13.044652000000001],[80.206271,13.044837000000001],[80.205728,13.0446],[80.205674,13.043463000000001],[80.205356,13.043394000000001],[80.20479499999999,13.042989],[80.20465899999999,13.04289],[80.204549,13.042968],[80.204484,13.042989],[80.204456,13.042998],[80.203768,13.043217],[80.203176,13.043361],[80.202585,13.043505],[80.202004,13.043646],[80.201394,13.043794],[80.199623,13.044043],[80.19962699999999,13.043243],[80.202461,13.04256],[80.202676,13.042481],[80.202921,13.042398],[80.203341,13.042208],[80.20407399999999,13.042122],[80.204548,13.042376],[80.20486,13.042814],[80.205224,13.043138],[80.205413,13.043152000000001],[80.20566,13.043175],[80.205542,13.039811],[80.20608899999999,13.039826],[80.206199,13.040495],[80.20682099999999,13.040325000000001],[80.207318,13.040454],[80.208638,13.040572000000001],[80.210231,13.040536],[80.211769,13.04069],[80.213303,13.040957],[80.213425,13.041422],[80.214123,13.041541],[80.214665,13.041896],[80.215154,13.042269000000001],[80.216364,13.04185],[80.216088,13.04035],[80.216764,13.040282],[80.218239,13.04058],[80.219573,13.040722],[80.21990699999999,13.040758],[80.219948,13.040361],[80.219967,13.040171],[80.219991,13.039941],[80.220012,13.039731],[80.220122,13.038662],[80.220148,13.038412000000001],[80.22070099999999,13.038417],[80.22071,13.038438000000001],[80.220722,13.038439],[80.221192,13.038462],[80.221473,13.038475],[80.22177599999999,13.03849],[80.222138,13.038507000000001],[80.222062,13.038056000000001],[80.22202399999999,13.037794],[80.22185999999999,13.036206],[80.22277199999999,13.036198],[80.22362,13.036191],[80.225089,13.036178],[80.225736,13.036099],[80.228501,13.03576],[80.234659,13.034589]]]}},{"type":"Feature","properties":{"pincode":"600096","officeName":"Perungudi S.O"},"geometry":{"type":"Polygon","coordinates":[[[80.23777799999999,12.957363],[80.23687,12.95752],[80.236555,12.957585],[80.236324,12.957624000000001],[80.235766,12.957624000000001],[80.23463,12.957466],[80.23440699999999,12.957504],[80.234365,12.957655],[80.234246,12.957943],[80.234182,12.958048],[80.234027,12.958095],[80.233796,12.957849],[80.233184,12.957974],[80.232675,12.957985],[80.232322,12.95811],[80.232108,12.95863],[80.232089,12.958866],[80.232113,12.959302000000001],[80.231662,12.959422],[80.229212,12.959715000000001],[80.229124,12.95978],[80.22905899999999,12.959827],[80.22878,12.960032],[80.22812499999999,12.959783],[80.22757899999999,12.959402],[80.227103,12.95907],[80.226856,12.958898],[80.226409,12.958438000000001],[80.224052,12.956083],[80.22396599999999,12.955997],[80.2234,12.955438000000001],[80.22226599999999,12.954313],[80.222054,12.954101],[80.22122,12.953269],[80.220891,12.952953],[80.220052,12.952137],[80.218786,12.9509],[80.217788,12.950268],[80.21592799999999,12.947007000000001],[80.220893,12.948277000000001],[80.221805,12.947535],[80.223265,12.947127],[80.223863,12.944274],[80.22362,12.943209],[80.223742,12.9383],[80.224288,12.935757],[80.225685,12.935637],[80.225724,12.935653],[80.226091,12.935808],[80.226484,12.935974],[80.22675199999999,12.936086],[80.227036,12.936206],[80.227334,12.936372],[80.227705,12.936490000000001],[80.227707,12.936490000000001],[80.227722,12.936494],[80.22838999999999,12.936776],[80.22882,12.937006],[80.229153,12.937027],[80.229267,12.936999],[80.22939699999999,12.936984],[80.229518,12.936985],[80.229789,12.93695],[80.23006699999999,12.936914],[80.230221,12.936884000000001],[80.230451,12.936923],[80.230897,12.935927],[80.231663,12.935625],[80.23225099999999,12.935825],[80.232295,12.93584],[80.233113,12.936118],[80.23348899999999,12.935605],[80.23383299999999,12.935281],[80.234144,12.935030000000001],[80.234326,12.934831],[80.234676,12.934653],[80.234995,12.934488],[80.235389,12.934298],[80.235046,12.934173],[80.235185,12.934016],[80.235378,12.933911],[80.235655,12.933625000000001],[80.236226,12.933396],[80.236514,12.933281000000001],[80.236661,12.933222],[80.236831,12.933154],[80.236862,12.933142],[80.23691099999999,12.933122000000001],[80.238315,12.93256],[80.238362,12.932539],[80.238382,12.93253],[80.238385,12.932528],[80.238646,12.932409],[80.238991,12.932260000000001],[80.239154,12.93218],[80.239334,12.932134],[80.23955,12.932077],[80.239774,12.932047],[80.239994,12.932016],[80.24014,12.931987],[80.24016499999999,12.931982],[80.240175,12.931980000000001],[80.240298,12.931956],[80.240669,12.931901],[80.240766,12.931883000000001],[80.240771,12.931882],[80.24077799999999,12.931881],[80.240788,12.931879],[80.241199,12.93181],[80.241489,12.931757000000001],[80.241501,12.931755],[80.241682,12.931717],[80.241727,12.931707000000001],[80.24179,12.931693000000001],[80.241873,12.931673],[80.242075,12.931634],[80.242257,12.931598000000001],[80.24230299999999,12.931788000000001],[80.242334,12.931935000000001],[80.242667,12.934026000000001],[80.243027,12.936264],[80.243684,12.939695],[80.24404799999999,12.941599],[80.244573,12.94444],[80.245302,12.948361],[80.245656,12.950347],[80.246042,12.952315],[80.246143,12.952896],[80.246257,12.953474],[80.246461,12.954791],[80.244249,12.955983],[80.243949,12.954937000000001],[80.243837,12.954718],[80.24374999999999,12.954485],[80.24364,12.954136],[80.24354,12.953777],[80.242792,12.95391],[80.24269,12.953928],[80.242589,12.953945000000001],[80.242479,12.953965],[80.242367,12.953983000000001],[80.242272,12.954001],[80.242184,12.954016000000001],[80.24212,12.954028000000001],[80.242059,12.954039],[80.241927,12.954064],[80.240976,12.95431],[80.240692,12.954504],[80.240391,12.954653],[80.239882,12.954895],[80.23938199999999,12.955141000000001],[80.238888,12.955350000000001],[80.238432,12.955308],[80.238201,12.955789000000001],[80.238008,12.9566],[80.23777799999999,12.957363]]]}},{"type":"Feature","properties":{"pincode":"600097","officeName":"Oggiamthoraipakkam S.O"},"geometry":{"type":"Polygon","coordinates":[[[80.225724,12.935653],[80.225799,12.935648],[80.225939,12.935638],[80.22601,12.935633000000001],[80.226227,12.935617],[80.226613,12.935589],[80.226015,12.935266],[80.22595799999999,12.935244],[80.225711,12.93515],[80.225522,12.935],[80.225521,12.935],[80.22546,12.934951],[80.223195,12.933744],[80.223012,12.933463],[80.222884,12.933328],[80.222794,12.933228],[80.222551,12.932932000000001],[80.22238399999999,12.932799000000001],[80.222346,12.932489],[80.222217,12.931875],[80.222324,12.93172],[80.222718,12.931579000000001],[80.22304,12.931308],[80.223287,12.930952],[80.223545,12.930074000000001],[80.223888,12.929405000000001],[80.22425299999999,12.928087],[80.223844,12.927836000000001],[80.222578,12.927084],[80.22264299999999,12.924971000000001],[80.221075,12.922504],[80.218076,12.912737],[80.218081,12.907431],[80.21750899999999,12.907173],[80.216443,12.906662],[80.215098,12.904163],[80.216844,12.902713],[80.21791,12.901111],[80.216557,12.900360000000001],[80.21696399999999,12.899271],[80.217055,12.899027],[80.217117,12.897981],[80.218954,12.897074],[80.219568,12.8957],[80.22009299999999,12.894789000000001],[80.220979,12.894357000000001],[80.22171399999999,12.894143],[80.22245699999999,12.893849],[80.221598,12.893025],[80.221924,12.892908],[80.22235599999999,12.892809],[80.222627,12.892781000000001],[80.222681,12.892576],[80.222675,12.89244],[80.22266499999999,12.892257],[80.223035,12.891781],[80.223823,12.89175],[80.224559,12.891815000000001],[80.22502899999999,12.892542],[80.227145,12.89221],[80.228015,12.891454],[80.228785,12.891143],[80.229252,12.890662],[80.23132799999999,12.890688],[80.23398399999999,12.890474000000001],[80.234409,12.891954],[80.23468199999999,12.893581000000001],[80.234893,12.894558],[80.23500299999999,12.895073],[80.235021,12.895153],[80.235501,12.897382],[80.23632599999999,12.900983],[80.236341,12.901048000000001],[80.23673099999999,12.902750000000001],[80.23770999999999,12.907145],[80.237944,12.908193],[80.23931,12.916001],[80.240023,12.919979],[80.24037,12.921962],[80.24070499999999,12.923971],[80.241115,12.926323],[80.241265,12.927016],[80.241278,12.927089],[80.2413,12.927218],[80.241332,12.9274],[80.241407,12.927834],[80.241479,12.928274],[80.24157,12.928881],[80.24181,12.930111],[80.242075,12.931634],[80.241873,12.931673],[80.24179,12.931693000000001],[80.241727,12.931707000000001],[80.241682,12.931717],[80.241501,12.931755],[80.241489,12.931757000000001],[80.241199,12.93181],[80.240788,12.931879],[80.24077799999999,12.931881],[80.240771,12.931882],[80.240766,12.931883000000001],[80.240669,12.931901],[80.240298,12.931956],[80.240175,12.931980000000001],[80.24016499999999,12.931982],[80.24014,12.931987],[80.239994,12.932016],[80.239774,12.932047],[80.23955,12.932077],[80.239334,12.932134],[80.239154,12.93218],[80.238991,12.932260000000001],[80.238646,12.932409],[80.238385,12.932528],[80.238382,12.93253],[80.238362,12.932539],[80.238315,12.93256],[80.23691099999999,12.933122000000001],[80.236862,12.933142],[80.236831,12.933154],[80.236661,12.933222],[80.236514,12.933281000000001],[80.236226,12.933396],[80.235655,12.933625000000001],[80.235378,12.933911],[80.235185,12.934016],[80.235046,12.934173],[80.235389,12.934298],[80.234995,12.934488],[80.234676,12.934653],[80.234326,12.934831],[80.234144,12.935030000000001],[80.23383299999999,12.935281],[80.23348899999999,12.935605],[80.233113,12.936118],[80.232295,12.93584],[80.23225099999999,12.935825],[80.231663,12.935625],[80.230897,12.935927],[80.230451,12.936923],[80.230221,12.936884000000001],[80.23006699999999,12.936914],[80.229789,12.93695],[80.229518,12.936985],[80.22939699999999,12.936984],[80.229267,12.936999],[80.229153,12.937027],[80.22882,12.937006],[80.22838999999999,12.936776],[80.227722,12.936494],[80.227707,12.936490000000001],[80.227705,12.936490000000001],[80.227334,12.936372],[80.227036,12.936206],[80.22675199999999,12.936086],[80.226484,12.935974],[80.226091,12.935808],[80.225724,12.935653]]]}},{"type":"Feature","properties":{"pincode":"600101","officeName":"Anna Nagar Western Extn S.O"},"geometry":{"type":"Polygon","coordinates":[[[80.18285,13.062161],[80.182959,13.062094],[80.183626,13.063869],[80.184192,13.06533],[80.184697,13.066627],[80.18517899999999,13.067654000000001],[80.18563999999999,13.068596],[80.186015,13.069474],[80.186127,13.069465000000001],[80.18715399999999,13.069394],[80.188392,13.06936],[80.189646,13.069325000000001],[80.19095399999999,13.069315],[80.192425,13.069304],[80.192439,13.069858],[80.192454,13.07041],[80.192509,13.072546],[80.192525,13.074414],[80.192433,13.074720000000001],[80.192503,13.078308],[80.192484,13.079498000000001],[80.191485,13.080683],[80.19095399999999,13.080743],[80.189664,13.081422],[80.189163,13.081881000000001],[80.188647,13.082797000000001],[80.18824099999999,13.082643000000001],[80.18715499999999,13.082657000000001],[80.18709299999999,13.081050000000001],[80.185858,13.081078],[80.185261,13.080196],[80.18503,13.079366],[80.185266,13.079313],[80.185543,13.079289000000001],[80.185596,13.079266],[80.185645,13.079192],[80.185653,13.079145],[80.185647,13.078874],[80.185586,13.077933],[80.185577,13.077596],[80.18558,13.077434],[80.185583,13.077327],[80.18539,13.077332],[80.18543,13.076528],[80.185433,13.076274],[80.185476,13.076068000000001],[80.185586,13.076044],[80.185636,13.075681],[80.18579199999999,13.074907],[80.185124,13.074958],[80.18458799999999,13.075041],[80.184298,13.073871],[80.183799,13.073907],[80.182512,13.074054],[80.182195,13.074069],[80.181476,13.074137],[80.180758,13.074163],[80.180629,13.073346],[80.18052999999999,13.072306000000001],[80.17945399999999,13.072337000000001],[80.17943799999999,13.072183],[80.17938699999999,13.071712],[80.179315,13.070172],[80.179298,13.069918],[80.183125,13.069777],[80.18300099999999,13.068873],[80.182827,13.067608],[80.182687,13.066589],[80.18251699999999,13.065349],[80.182396,13.064464000000001],[80.182062,13.062034],[80.18285,13.062161]]]}},{"type":"Feature","properties":{"pincode":"600102","officeName":"Anna Nagar East S.O"},"geometry":{"type":"Polygon","coordinates":[[[80.225413,13.0709],[80.223911,13.071508],[80.222523,13.072756],[80.222065,13.073173],[80.22196699999999,13.073261],[80.22189,13.073331],[80.22113,13.074022000000001],[80.218394,13.076499],[80.216736,13.077536],[80.21596199999999,13.077693],[80.215199,13.077869],[80.2152,13.077871],[80.215187,13.077875],[80.215186,13.077874],[80.215186,13.077873],[80.21296,13.078571],[80.212841,13.078291],[80.21278,13.078147],[80.212769,13.077995],[80.212756,13.077821],[80.212726,13.077738],[80.212633,13.077481],[80.212374,13.076849000000001],[80.212274,13.076337],[80.21223599999999,13.075872],[80.21222,13.075458000000001],[80.212217,13.075375000000001],[80.21219599999999,13.074842],[80.21218999999999,13.074702],[80.21218499999999,13.074578],[80.212139,13.073516],[80.212091,13.072416],[80.21209,13.072392],[80.21208899999999,13.072363000000001],[80.212086,13.072304],[80.212082,13.072196],[80.212074,13.071978],[80.21204,13.071092],[80.211983,13.069592],[80.211904,13.067689],[80.21190299999999,13.067662],[80.21188099999999,13.067139000000001],[80.211807,13.0656],[80.211756,13.064046000000001],[80.21185,13.064027000000001],[80.212778,13.064053],[80.21289,13.064586],[80.213228,13.064847],[80.213255,13.065991],[80.21406499999999,13.065981],[80.21502,13.065944],[80.21678,13.065877],[80.216957,13.06654],[80.217885,13.067261],[80.21934399999999,13.065385000000001],[80.219836,13.065333],[80.220305,13.065284],[80.221267,13.065183000000001],[80.221661,13.068129],[80.22300299999999,13.068061],[80.223147,13.068835],[80.223554,13.068846],[80.223726,13.068854],[80.223946,13.068876],[80.224342,13.068781],[80.22435,13.068779000000001],[80.224397,13.068768],[80.224445,13.068758],[80.224463,13.068755],[80.224541,13.06874],[80.22473,13.068704],[80.22486099999999,13.068656],[80.22490499999999,13.068844],[80.22507,13.068772000000001],[80.225115,13.068953],[80.22518,13.069209],[80.22523699999999,13.069437],[80.225262,13.069589],[80.225262,13.06959],[80.225278,13.06969],[80.225296,13.069798],[80.225325,13.070182],[80.225478,13.070127000000001],[80.225668,13.070091],[80.225814,13.070573],[80.225481,13.070777],[80.225413,13.0709]]]}},{"type":"Feature","properties":{"pincode":"600104","officeName":"High Court Building S.O (Chennai)"},"geometry":{"type":"Polygon","coordinates":[[[80.277307,13.070383],[80.277337,13.069975],[80.277334,13.069596],[80.27734699999999,13.069436],[80.277361,13.069258],[80.277361,13.069256000000001],[80.277363,13.069230000000001],[80.277363,13.068981],[80.277361,13.068915],[80.27736,13.068892],[80.277362,13.068811],[80.277374,13.068465],[80.27739799999999,13.067768000000001],[80.27842799999999,13.06769],[80.278487,13.067246],[80.279639,13.067051000000001],[80.279624,13.067053],[80.279645,13.06705],[80.27976,13.067045],[80.280078,13.067013000000001],[80.280504,13.066969],[80.280946,13.066924],[80.281131,13.066912],[80.281139,13.066911000000001],[80.28179399999999,13.066867],[80.282495,13.067262],[80.282733,13.067396],[80.283011,13.067554],[80.283168,13.068236],[80.283243,13.068561],[80.28339799999999,13.068964000000001],[80.28367899999999,13.069695000000001],[80.2842,13.070987],[80.27784299999999,13.07043],[80.277307,13.070383]]]}},{"type":"Feature","properties":{"pincode":"600106","officeName":"Arumbakkam S.O"},"geometry":{"type":"Polygon","coordinates":[[[80.21173399999999,13.062464],[80.211606,13.062679000000001],[80.211587,13.062728],[80.21149299999999,13.0627],[80.211483,13.062696],[80.211477,13.062694],[80.211351,13.06265],[80.211067,13.062548],[80.210715,13.062381],[80.210404,13.062188],[80.210079,13.061997],[80.209779,13.06166],[80.209626,13.061192],[80.209594,13.060685],[80.209605,13.059687],[80.209358,13.059192],[80.208979,13.058789],[80.20847499999999,13.058586],[80.208186,13.058549000000001],[80.207887,13.058626],[80.206929,13.059333],[80.205967,13.060027],[80.205186,13.060293],[80.20469,13.060395],[80.204635,13.060406],[80.204399,13.060455000000001],[80.203285,13.060636],[80.202094,13.060596],[80.20134,13.060544],[80.20091099999999,13.060474000000001],[80.200585,13.060252],[80.199258,13.059925],[80.197626,13.059524],[80.197368,13.059483],[80.19715599999999,13.059458000000001],[80.196659,13.059428],[80.196238,13.05941],[80.196212,13.058422],[80.19670099999999,13.058478000000001],[80.19685799999999,13.057934],[80.19702099999999,13.057392],[80.196983,13.057156],[80.19709499999999,13.057017],[80.19725799999999,13.05694],[80.196904,13.055975],[80.196646,13.055493],[80.196553,13.055298],[80.196384,13.055055000000001],[80.196612,13.054924],[80.19684,13.055045],[80.196883,13.055149],[80.19706,13.055106],[80.197504,13.054953000000001],[80.197779,13.054901000000001],[80.197859,13.054851000000001],[80.197893,13.054748],[80.197841,13.054495000000001],[80.197946,13.054427],[80.197932,13.054261],[80.197814,13.053819],[80.199026,13.053399],[80.19892399999999,13.052873],[80.199855,13.05268],[80.199823,13.052432],[80.199595,13.052463],[80.199461,13.052192],[80.19942,13.052108],[80.19927299999999,13.051946000000001],[80.199705,13.051658],[80.200283,13.051318],[80.20129299999999,13.050689],[80.20127099999999,13.05054],[80.201692,13.05029],[80.202176,13.050002000000001],[80.203082,13.049404000000001],[80.202921,13.049174],[80.20295,13.048557],[80.202969,13.048165000000001],[80.20291399999999,13.047723],[80.202776,13.046903],[80.203036,13.046754],[80.20287499999999,13.045883],[80.202677,13.044999],[80.202489,13.044844],[80.20231,13.044659000000001],[80.201942,13.044319],[80.20174899999999,13.044058],[80.201394,13.043794],[80.202004,13.043646],[80.202585,13.043505],[80.203176,13.043361],[80.203768,13.043217],[80.204456,13.042998],[80.204484,13.042989],[80.204549,13.042968],[80.20465899999999,13.04289],[80.20479499999999,13.042989],[80.205356,13.043394000000001],[80.205674,13.043463000000001],[80.205728,13.0446],[80.206271,13.044837000000001],[80.206999,13.044652000000001],[80.20703999999999,13.044638],[80.207337,13.044535],[80.207666,13.04442],[80.208494,13.044135],[80.208659,13.044758],[80.209704,13.044729],[80.20982699999999,13.044876],[80.20982,13.04493],[80.20977599999999,13.04527],[80.20973,13.045905000000001],[80.20972499999999,13.046072],[80.20973599999999,13.046193],[80.209743,13.046493],[80.209738,13.046721],[80.209755,13.047081],[80.210115,13.047087],[80.21024299999999,13.047078],[80.210296,13.04709],[80.210476,13.047093],[80.21052999999999,13.047094],[80.210732,13.046462],[80.211081,13.046341],[80.211061,13.046868],[80.211058,13.046958],[80.210696,13.047207],[80.210638,13.047247],[80.210587,13.047283],[80.210409,13.047497],[80.21052999999999,13.048304],[80.21027,13.048366],[80.210353,13.04874],[80.211067,13.048628],[80.211254,13.049448],[80.211542,13.049493],[80.211662,13.049511],[80.212451,13.049568],[80.213177,13.049585],[80.214044,13.049605],[80.21578699999999,13.049422],[80.215841,13.049912],[80.214443,13.050098],[80.21378299999999,13.050087],[80.21313599999999,13.050165],[80.210487,13.050122],[80.210399,13.050812],[80.210465,13.051231],[80.210471,13.051273],[80.21047399999999,13.051291],[80.210477,13.051308],[80.21047899999999,13.05133],[80.21047899999999,13.051335],[80.210517,13.051757],[80.210567,13.051994],[80.210514,13.052212],[80.210514,13.05227],[80.210452,13.052858],[80.210756,13.052829000000001],[80.210775,13.053241],[80.211112,13.053393],[80.21121699999999,13.054313],[80.211255,13.055395],[80.211995,13.055271000000001],[80.212004,13.055419],[80.211593,13.055478],[80.211649,13.055813],[80.211694,13.056172],[80.21171799999999,13.056358],[80.211725,13.056415],[80.21173,13.056452],[80.211737,13.056508000000001],[80.211741,13.056537],[80.211754,13.056637],[80.211794,13.056847],[80.21184099999999,13.056984],[80.21201599999999,13.057182000000001],[80.212148,13.057218],[80.212218,13.057224],[80.212541,13.057087000000001],[80.21334,13.056978],[80.213461,13.057889000000001],[80.213563,13.058907],[80.213227,13.059554],[80.21319,13.059724000000001],[80.213178,13.059908],[80.21332,13.060195],[80.213438,13.060339],[80.213273,13.060529],[80.21326599999999,13.060536],[80.213006,13.06081],[80.212538,13.061061],[80.21239899999999,13.061157],[80.212394,13.061161],[80.21234,13.061198000000001],[80.21233,13.061207],[80.212329,13.061208],[80.212305,13.06123],[80.212165,13.06136],[80.211983,13.061508],[80.211744,13.061556],[80.211742,13.061897],[80.21173399999999,13.062464]]]}},{"type":"Feature","properties":{"pincode":"600107","officeName":"Koyambedu S.O"},"geometry":{"type":"Polygon","coordinates":[[[80.173937,13.056175],[80.173935,13.055670000000001],[80.17389899999999,13.055096],[80.17378,13.054218],[80.174358,13.053823],[80.174776,13.05263],[80.174774,13.052254],[80.174672,13.052043000000001],[80.174753,13.051853],[80.174894,13.05169],[80.17487799999999,13.050694],[80.177155,13.050937000000001],[80.17509,13.046963],[80.172988,13.043162],[80.172602,13.039859],[80.171958,13.038521000000001],[80.171101,13.038187],[80.169427,13.035846000000001],[80.167281,13.035302],[80.169195,13.034394],[80.16884,13.03367],[80.168492,13.033154],[80.167762,13.032074],[80.163851,13.033803],[80.165129,13.031776],[80.169827,13.031172],[80.16993599999999,13.034715],[80.171549,13.034778000000001],[80.17264399999999,13.03584],[80.175915,13.037475],[80.177118,13.037582],[80.180613,13.037371],[80.180499,13.038861],[80.180869,13.039034000000001],[80.180983,13.040651],[80.181135,13.040762],[80.181255,13.040759],[80.18146399999999,13.040778],[80.182187,13.040849],[80.183381,13.041008],[80.183695,13.04139],[80.18384,13.042518000000001],[80.183016,13.042703],[80.183318,13.046525],[80.183492,13.046672000000001],[80.183925,13.045962000000001],[80.18419,13.045755],[80.184274,13.045689],[80.18440199999999,13.045531],[80.18451499999999,13.04575],[80.184569,13.046105],[80.18468899999999,13.046238],[80.185197,13.046338],[80.18543199999999,13.046249],[80.185872,13.047889],[80.190534,13.047994000000001],[80.190489,13.046923],[80.190602,13.04679],[80.19064,13.047078],[80.19064,13.047337],[80.19067799999999,13.047884],[80.190845,13.047972],[80.190838,13.047632],[80.190868,13.047411],[80.190845,13.0471],[80.19087499999999,13.046931],[80.190782,13.046837],[80.190752,13.046749],[80.190784,13.046614],[80.191155,13.046553000000001],[80.191542,13.046387000000001],[80.191689,13.04622],[80.19183199999999,13.046058],[80.191413,13.045369],[80.19182099999999,13.045191],[80.193077,13.045144],[80.19361599999999,13.04513],[80.194346,13.045135],[80.195236,13.045142],[80.195955,13.045038],[80.197521,13.044366],[80.198229,13.044304],[80.198551,13.044252],[80.198937,13.044241],[80.199623,13.044043],[80.201394,13.043794],[80.20174899999999,13.044058],[80.201942,13.044319],[80.20231,13.044659000000001],[80.202489,13.044844],[80.202677,13.044999],[80.20287499999999,13.045883],[80.203036,13.046754],[80.202776,13.046903],[80.20291399999999,13.047723],[80.202969,13.048165000000001],[80.20295,13.048557],[80.202921,13.049174],[80.203082,13.049404000000001],[80.202176,13.050002000000001],[80.201692,13.05029],[80.20127099999999,13.05054],[80.20129299999999,13.050689],[80.200283,13.051318],[80.199705,13.051658],[80.19927299999999,13.051946000000001],[80.19942,13.052108],[80.199461,13.052192],[80.199595,13.052463],[80.199823,13.052432],[80.199855,13.05268],[80.19892399999999,13.052873],[80.199026,13.053399],[80.197814,13.053819],[80.197932,13.054261],[80.197946,13.054427],[80.197841,13.054495000000001],[80.197893,13.054748],[80.197859,13.054851000000001],[80.197779,13.054901000000001],[80.197504,13.054953000000001],[80.19706,13.055106],[80.196883,13.055149],[80.19684,13.055045],[80.196612,13.054924],[80.196384,13.055055000000001],[80.196553,13.055298],[80.196646,13.055493],[80.196904,13.055975],[80.19725799999999,13.05694],[80.19709499999999,13.057017],[80.196983,13.057156],[80.19702099999999,13.057392],[80.19685799999999,13.057934],[80.19670099999999,13.058478000000001],[80.196212,13.058422],[80.196238,13.05941],[80.19200099999999,13.060615],[80.189813,13.061012],[80.18709799999999,13.061388],[80.18573599999999,13.060395],[80.182959,13.062094],[80.18285,13.062161],[80.182059,13.062012000000001],[80.181846,13.059809],[80.180641,13.059658],[80.179437,13.060732],[80.178208,13.061353],[80.176759,13.061072000000001],[80.175314,13.060924],[80.175409,13.060424000000001],[80.176965,13.060939000000001],[80.177233,13.060364],[80.177104,13.060056],[80.17627,13.059888],[80.17626,13.059387000000001],[80.176001,13.059398],[80.176251,13.058885],[80.176271,13.058561000000001],[80.176285,13.05827],[80.176272,13.058118],[80.17531,13.05819],[80.17522799999999,13.056744],[80.175069,13.056427000000001],[80.175027,13.056099],[80.174562,13.056097000000001],[80.174256,13.056144],[80.174094,13.056169],[80.173937,13.056175]]]}},{"type":"Feature","properties":{"pincode":"600113","officeName":"TTTI Taramani S.O"},"geometry":{"type":"Polygon","coordinates":[[[80.241107,12.988741000000001],[80.23960699999999,12.988779000000001],[80.23873999999999,12.988753],[80.238047,12.988713],[80.237505,12.98869],[80.237357,12.988157000000001],[80.23716,12.987625],[80.237025,12.987083],[80.236809,12.986501],[80.23679299999999,12.986058],[80.236789,12.985946],[80.236794,12.985898],[80.23679899999999,12.98582],[80.236805,12.985719],[80.23682,12.985489000000001],[80.23683299999999,12.985417],[80.236841,12.985386],[80.23684899999999,12.985356],[80.236907,12.98517],[80.236893,12.98467],[80.236997,12.984204],[80.236991,12.984021],[80.236966,12.983805],[80.237094,12.983077],[80.237163,12.982938],[80.237219,12.982831000000001],[80.23724,12.982793000000001],[80.23725,12.982775],[80.237262,12.982755000000001],[80.23730499999999,12.982682],[80.237391,12.982538],[80.237428,12.98211],[80.237364,12.981632000000001],[80.237315,12.981192],[80.237205,12.98061],[80.23715,12.98032],[80.23714199999999,12.980278],[80.237109,12.980103],[80.2371,12.980030000000001],[80.236963,12.978893000000001],[80.235654,12.978747],[80.23540899999999,12.978525],[80.23531299999999,12.978201],[80.235266,12.97802],[80.235254,12.977973],[80.235242,12.977927000000001],[80.235231,12.977884],[80.235222,12.977842],[80.235216,12.977802],[80.235131,12.977212],[80.235148,12.976825],[80.23544799999999,12.97525],[80.235553,12.974337],[80.235501,12.974059],[80.235514,12.974129],[80.23545299999999,12.973802000000001],[80.23545299999999,12.972339],[80.235332,12.971841],[80.23514399999999,12.971067],[80.235056,12.970702000000001],[80.234895,12.970039],[80.234595,12.968659],[80.234195,12.968149],[80.23412499999999,12.967375],[80.23404599999999,12.967329],[80.23396799999999,12.967282],[80.23388899999999,12.967235],[80.233812,12.967188],[80.233734,12.967143],[80.233654,12.967099000000001],[80.233491,12.967012],[80.231591,12.966068],[80.230987,12.966285000000001],[80.230368,12.966507],[80.22989,12.965583],[80.229801,12.965411],[80.229522,12.964871],[80.22905899999999,12.964905],[80.228551,12.964942],[80.228158,12.964970000000001],[80.227998,12.964423],[80.227932,12.963506],[80.22750599999999,12.963602],[80.227144,12.963684],[80.227052,12.963684],[80.227149,12.962675],[80.22702,12.961243],[80.227154,12.961226],[80.227176,12.960123000000001],[80.22812499999999,12.959783],[80.22878,12.960032],[80.22905899999999,12.959827],[80.229124,12.95978],[80.229212,12.959715000000001],[80.231662,12.959422],[80.232113,12.959302000000001],[80.232089,12.958866],[80.232108,12.95863],[80.232322,12.95811],[80.232675,12.957985],[80.233184,12.957974],[80.233796,12.957849],[80.234027,12.958095],[80.234182,12.958048],[80.234246,12.957943],[80.234365,12.957655],[80.23440699999999,12.957504],[80.23463,12.957466],[80.235766,12.957624000000001],[80.236324,12.957624000000001],[80.236555,12.957585],[80.23687,12.95752],[80.23777799999999,12.957363],[80.237628,12.95836],[80.237449,12.959648],[80.237213,12.960233],[80.237161,12.961365],[80.237147,12.961923],[80.237297,12.962717],[80.236953,12.962842],[80.237168,12.96324],[80.237535,12.963669],[80.23830699999999,12.96344],[80.239333,12.963246],[80.239497,12.963216000000001],[80.23966,12.963208],[80.24002399999999,12.963198],[80.240298,12.963196],[80.24079499999999,12.963288],[80.241396,12.963141],[80.24193199999999,12.963183],[80.242704,12.963559],[80.24279,12.964019],[80.243952,12.965416000000001],[80.244153,12.965658],[80.244163,12.965670000000001],[80.244439,12.966003],[80.24457699999999,12.966169],[80.24459999999999,12.966198],[80.24467299999999,12.966285000000001],[80.24481999999999,12.966464],[80.245113,12.966813],[80.245431,12.967208000000001],[80.245752,12.967981],[80.24567499999999,12.968799],[80.245482,12.969447],[80.245334,12.969884],[80.245334,12.969885],[80.245241,12.970158],[80.24492,12.970994000000001],[80.244539,12.971843],[80.244647,12.972574],[80.24441999999999,12.973508],[80.244368,12.973787],[80.244163,12.974563],[80.24389599999999,12.975661],[80.24342899999999,12.976678],[80.243324,12.977318],[80.24314199999999,12.977731],[80.242988,12.978341],[80.242927,12.979183],[80.242715,12.979715],[80.242483,12.980194000000001],[80.242392,12.980903],[80.24233699999999,12.981126],[80.242105,12.982332],[80.242029,12.983085],[80.241756,12.983529],[80.241675,12.984096000000001],[80.24168999999999,12.984702],[80.241432,12.985041],[80.24137,12.985589000000001],[80.24125,12.986061000000001],[80.241326,12.986712],[80.241252,12.987011],[80.24127899999999,12.987394],[80.241188,12.987675000000001],[80.24116099999999,12.987879],[80.241156,12.988098],[80.241107,12.988741000000001]]]}},{"type":"Feature","properties":{"pincode":"600115","officeName":"Injambakkam S.O"},"geometry":{"type":"Polygon","coordinates":[[[80.243684,12.939695],[80.243027,12.936264],[80.242667,12.934026000000001],[80.242334,12.931935000000001],[80.24230299999999,12.931788000000001],[80.242257,12.931598000000001],[80.242075,12.931634],[80.24181,12.930111],[80.24157,12.928881],[80.241479,12.928274],[80.241407,12.927834],[80.241332,12.9274],[80.2413,12.927218],[80.241278,12.927089],[80.241265,12.927016],[80.241115,12.926323],[80.24070499999999,12.923971],[80.24037,12.921962],[80.240023,12.919979],[80.23931,12.916001],[80.237944,12.908193],[80.23770999999999,12.907145],[80.23673099999999,12.902750000000001],[80.236341,12.901048000000001],[80.23632599999999,12.900983],[80.235501,12.897382],[80.235021,12.895153],[80.23500299999999,12.895073],[80.234893,12.894558],[80.23468199999999,12.893581000000001],[80.234409,12.891954],[80.23398399999999,12.890474000000001],[80.233933,12.889959000000001],[80.233847,12.889217],[80.233493,12.888119],[80.233729,12.88744],[80.23415299999999,12.887223],[80.235333,12.887097],[80.236175,12.886932],[80.237246,12.886782],[80.23852099999999,12.88659],[80.23960699999999,12.886617000000001],[80.240916,12.886674000000001],[80.241815,12.886654],[80.242763,12.886557],[80.243071,12.886541000000001],[80.243372,12.886583],[80.244208,12.886551],[80.24541599999999,12.886433],[80.24657499999999,12.886171000000001],[80.24753199999999,12.886168],[80.24822999999999,12.886043],[80.24945699999999,12.886093],[80.25068999999999,12.886541000000001],[80.251023,12.887311],[80.251023,12.889056],[80.251752,12.894705],[80.252753,12.901064],[80.253421,12.90695],[80.25307099999999,12.909405],[80.255431,12.90893],[80.25809199999999,12.911357],[80.25637499999999,12.91554],[80.25706199999999,12.920224000000001],[80.257126,12.92472],[80.257834,12.927104],[80.258178,12.928986],[80.258285,12.929592],[80.258478,12.930303],[80.258521,12.931056],[80.258456,12.931725],[80.258714,12.934298],[80.25830599999999,12.935657],[80.258263,12.936703],[80.258456,12.937623],[80.2588,12.938460000000001],[80.258821,12.939087],[80.257953,12.939437],[80.257479,12.939629],[80.257041,12.939605],[80.256809,12.939593],[80.256584,12.939517],[80.256181,12.939532],[80.255923,12.939525],[80.255645,12.939517],[80.255308,12.939546],[80.255012,12.939519],[80.254939,12.93951],[80.25486,12.939504],[80.254752,12.939498],[80.254725,12.939497000000001],[80.254708,12.939497000000001],[80.254175,12.939469],[80.253592,12.939524],[80.25335799999999,12.939546],[80.25313299999999,12.939551],[80.252498,12.939555],[80.252091,12.939645],[80.251916,12.939684],[80.25189,12.939468],[80.251836,12.939215],[80.252229,12.93914],[80.252358,12.938771000000001],[80.252347,12.938603],[80.252327,12.93829],[80.252145,12.938017],[80.251497,12.938077],[80.25133,12.938155],[80.251334,12.938410000000001],[80.250993,12.938429000000001],[80.250738,12.938443],[80.2507,12.938705],[80.250708,12.938868000000001],[80.249889,12.938939],[80.249543,12.939046000000001],[80.249282,12.939053],[80.24901799999999,12.938964],[80.248519,12.93901],[80.248049,12.939136],[80.247984,12.93939],[80.24793,12.939536],[80.247571,12.939568],[80.24707699999999,12.939667],[80.246754,12.939825],[80.246566,12.939777000000001],[80.2466,12.939645],[80.246574,12.939523],[80.24631,12.939543],[80.24605,12.939555],[80.245682,12.93961],[80.245357,12.939517],[80.244885,12.939538],[80.244479,12.93959],[80.243932,12.939596],[80.243696,12.939689],[80.243684,12.939695]]]}},{"type":"Feature","properties":{"pincode":"600119","officeName":"Sholinganallur S.O"},"geometry":{"type":"Polygon","coordinates":[[[80.21696399999999,12.899271],[80.211653,12.902444000000001],[80.205552,12.867174],[80.204024,12.86175],[80.201537,12.857426],[80.20848099999999,12.841914000000001],[80.223413,12.834473000000001],[80.230593,12.840596],[80.235721,12.839958000000001],[80.235775,12.839738],[80.23751299999999,12.839362],[80.23792399999999,12.839284000000001],[80.243274,12.838326],[80.24565199999999,12.859203],[80.249658,12.871988],[80.251479,12.878791],[80.251297,12.882755],[80.24945699999999,12.886093],[80.24822999999999,12.886043],[80.24753199999999,12.886168],[80.24657499999999,12.886171000000001],[80.24541599999999,12.886433],[80.244208,12.886551],[80.243372,12.886583],[80.243071,12.886541000000001],[80.242763,12.886557],[80.241815,12.886654],[80.240916,12.886674000000001],[80.23960699999999,12.886617000000001],[80.23852099999999,12.88659],[80.237246,12.886782],[80.236175,12.886932],[80.235333,12.887097],[80.23415299999999,12.887223],[80.233729,12.88744],[80.233493,12.888119],[80.233847,12.889217],[80.233933,12.889959000000001],[80.23398399999999,12.890474000000001],[80.23132799999999,12.890688],[80.229252,12.890662],[80.228785,12.891143],[80.228015,12.891454],[80.227145,12.89221],[80.22502899999999,12.892542],[80.224559,12.891815000000001],[80.223823,12.89175],[80.223035,12.891781],[80.22266499999999,12.892257],[80.222675,12.89244],[80.222681,12.892576],[80.222627,12.892781000000001],[80.22235599999999,12.892809],[80.221924,12.892908],[80.221598,12.893025],[80.22245699999999,12.893849],[80.22171399999999,12.894143],[80.220979,12.894357000000001],[80.22009299999999,12.894789000000001],[80.219568,12.8957],[80.218954,12.897074],[80.217117,12.897981],[80.217055,12.899027],[80.21696399999999,12.899271]]]}}]}