{
  "type": "FeatureCollection",
  "features": [
    {
      "type": "Feature",
      "geometry": {
        "type": "Polygon",
        "coordinates": [
          [
            [
              80.20127792876563,
              13.117316217406161
            ],
            [
              80.20128799977826,
              13.117303203626447
            ],
            [
              80.20128812015251,
              13.11730328149042
            ],
            [
              80.20179602851248,
              13.117626864653307
            ],
            [
              80.20191095986826,
              13.117703283207046
            ],
            [
              80.20199220529918,
              13.117751846613453
            ],
            [
              80.20208421973373,
              13.117809504327386
            ],
            [
              80.20242213001102,
              13.118021246531686
            ],
            [
              80.20247082768257,
              13.118025715385041
            ],
            [
              80.20270810958002,
              13.118047490982974
            ],
            [
              80.20289523673853,
              13.118051972958956
            ],
            [
              80.20295406471155,
              13.118055120753084
            ],
            [
              80.20305392143852,
              13.11806046360424
            ],
            [
              80.20318443317457,
              13.118067445967736
            ],
            [
              80.203235609298,
              13.118063837990434
            ],
            [
              80.20336937742695,
              13.118054405106742
            ],
            [
              80.20343303114969,
              13.118048538206342
            ],
            [
              80.20351130854691,
              13.11803088588676
            ],
            [
              80.20353025760951,
              13.11802661213027
            ],
            [
              80.20357774075879,
              13.118018616662185
            ],
            [
              80.20361161443154,
              13.118012913362254
            ],
            [
              80.20368642073849,
              13.118001733354266
            ],
            [
              80.20378164575189,
              13.11798744317035
            ],
            [
              80.20386079271832,
              13.117981687377284
            ],
            [
              80.20416385554908,
              13.117959649311441
            ],
            [
              80.2041930391177,
              13.117958264386473
            ],
            [
              80.20448306919035,
              13.117944492125252
            ],
            [
              80.20457647960686,
              13.117940110757798
            ],
            [
              80.20461149144504,
              13.11793843887413
            ],
            [
              80.20465706747096,
              13.117936262188355
            ],
            [
              80.20505619434162,
              13.117917197814451
            ],
            [
              80.20505635873333,
              13.11791718994058
            ],
            [
              80.20505685909491,
              13.117938472119349
            ],
            [
              80.20506108477002,
              13.118117920899872
            ],
            [
              80.20506568953418,
              13.11827977673906
            ],
            [
              80.20506868541563,
              13.118344644151621
            ],
            [
              80.20507139832779,
              13.118403393566869
            ],
            [
              80.20507236940662,
              13.118424410617346
            ],
            [
              80.20507271705463,
              13.118445551022976
            ],
            [
              80.20507532396557,
              13.118603901911897
            ],
            [
              80.20523863139601,
              13.118629186567263
            ],
            [
              80.20542225602327,
              13.118657615506926
            ],
            [
              80.2054475543783,
              13.118661655661878
            ],
            [
              80.20562492134124,
              13.118690923599107
            ],
            [
              80.20565046134308,
              13.118695138727707
            ],
            [
              80.2056728311903,
              13.118697634734684
            ],
            [
              80.20610418152846,
              13.118745758759509
            ],
            [
              80.20613741470243,
              13.118749466462084
            ],
            [
              80.20642211776541,
              13.118777118502654
            ],
            [
              80.20651808838046,
              13.118779346798387
            ],
            [
              80.20665690324469,
              13.118764610475598
            ],
            [
              80.20669361649205,
              13.118760712926274
            ],
            [
              80.2069148526819,
              13.118766989249186
            ],
            [
              80.20697987094552,
              13.118768833476732
            ],
            [
              80.20698312913507,
              13.11876887459568
            ],
            [
              80.20710050121345,
              13.11877037499902
            ],
            [
              80.20726876464933,
              13.118777027516094
            ],
            [
              80.20726879429373,
              13.118777028390976
            ],
            [
              80.20734738160974,
              13.118779627631888
            ],
            [
              80.20763665889415,
              13.118789196092715
            ],
            [
              80.207710641446,
              13.118791391143242
            ],
            [
              80.20782306650214,
              13.118795362181215
            ],
            [
              80.20789612468755,
              13.118797942174783
            ],
            [
              80.20816944160434,
              13.118815528823964
            ],
            [
              80.20836389182905,
              13.118689333958438
            ],
            [
              80.20842930984297,
              13.118647012068338
            ],
            [
              80.20851081758198,
              13.118591067548989
            ],
            [
              80.20869901373568,
              13.118461897129103
            ],
            [
              80.2087927080198,
              13.118401975399276
            ],
            [
              80.20888757191045,
              13.118341650338717
            ],
            [
              80.20895307256939,
              13.11829999941593
            ],
            [
              80.20902802530176,
              13.118253422078611
            ],
            [
              80.2090426274167,
              13.118244249914222
            ],
            [
              80.20917438152277,
              13.118161485200567
            ],
            [
              80.20928366427204,
              13.118092836537913
            ],
            [
              80.20940859477524,
              13.118042113136609
            ],
            [
              80.2095291738392,
              13.117993157844213
            ],
            [
              80.20955633799507,
              13.11798298743939
            ],
            [
              80.20980985334803,
              13.117888065390556
            ],
            [
              80.2098346432566,
              13.117878783853264
            ],
            [
              80.20986504044919,
              13.117820889064678
            ],
            [
              80.20986697721696,
              13.117820105177461
            ],
            [
              80.20991287034818,
              13.117801528974365
            ],
            [
              80.21001105081884,
              13.117761787810773
            ],
            [
              80.21001107866662,
              13.117761776437403
            ],
            [
              80.21001355352523,
              13.117760774706273
            ],
            [
              80.21014338164333,
              13.117708224498454
            ],
            [
              80.21016429262653,
              13.11769843202766
            ],
            [
              80.21016686809645,
              13.117697367305315
            ],
            [
              80.2102426544654,
              13.117661738035995
            ],
            [
              80.21027930033911,
              13.117633695675794
            ],
            [
              80.21031115909067,
              13.117609315538717
            ],
            [
              80.21035463485545,
              13.117572580414617
            ],
            [
              80.21050328986531,
              13.117444832007157
            ],
            [
              80.21061102751226,
              13.117337507510832
            ],
            [
              80.2106145507048,
              13.117333686927967
            ],
            [
              80.21067593258817,
              13.117267133362457
            ],
            [
              80.21070273112973,
              13.117228658058384
            ],
            [
              80.21079731025442,
              13.117092864980929
            ],
            [
              80.21082410520272,
              13.117062279288968
            ],
            [
              80.21087958425636,
              13.116998951321701
            ],
            [
              80.21088411895191,
              13.116993775549002
            ],
            [
              80.21089849828465,
              13.116977362854616
            ],
            [
              80.21092627059998,
              13.116922585041701
            ],
            [
              80.21095689776129,
              13.116862175629906
            ],
            [
              80.21101932708027,
              13.116740676981657
            ],
            [
              80.21102334883777,
              13.116719696532138
            ],
            [
              80.21102576350928,
              13.11670709566333
            ],
            [
              80.21103421935105,
              13.11666297118286
            ],
            [
              80.21103688105921,
              13.116633000476897
            ],
            [
              80.21103895616756,
              13.116609621101516
            ],
            [
              80.21104824115432,
              13.116505032861575
            ],
            [
              80.21105440359716,
              13.11644114920259
            ],
            [
              80.21106068641427,
              13.116399896027884
            ],
            [
              80.21106378380536,
              13.116343916876936
            ],
            [
              80.21108632702742,
              13.116013612943085
            ],
            [
              80.21109068834814,
              13.11596448926972
            ],
            [
              80.21109167110505,
              13.115953423777972
            ],
            [
              80.21110005328497,
              13.115859006626874
            ],
            [
              80.21110145825007,
              13.115843188775944
            ],
            [
              80.21110278326512,
              13.115828258053543
            ],
            [
              80.21110479998293,
              13.115771484380126
            ],
            [
              80.21110574051903,
              13.115718883004012
            ],
            [
              80.21110888192757,
              13.115637523375538
            ],
            [
              80.21110895469111,
              13.115635652878048
            ],
            [
              80.21110931132229,
              13.11562639312781
            ],
            [
              80.2111093661195,
              13.11562497494419
            ],
            [
              80.21110952242638,
              13.115623525264821
            ],
            [
              80.2111097191574,
              13.115621708135015
            ],
            [
              80.21110991768509,
              13.115619882256356
            ],
            [
              80.21111031653707,
              13.115616208626987
            ],
            [
              80.21111076479639,
              13.11561207131011
            ],
            [
              80.21111316150157,
              13.115589952542717
            ],
            [
              80.21111429787041,
              13.115584211566546
            ],
            [
              80.21111430415861,
              13.115584182695441
            ],
            [
              80.21111866098775,
              13.115562173285811
            ],
            [
              80.21112132718753,
              13.115548703599638
            ],
            [
              80.2111261744968,
              13.115524219144833
            ],
            [
              80.21112657784037,
              13.1155221832937
            ],
            [
              80.21113687522846,
              13.115470172409967
            ],
            [
              80.21114368356,
              13.115439799987518
            ],
            [
              80.21116162201791,
              13.115359776212875
            ],
            [
              80.2111626263344,
              13.115355298562207
            ],
            [
              80.21119687819785,
              13.115286503010623
            ],
            [
              80.21121195282664,
              13.115256225927755
            ],
            [
              80.2112448284711,
              13.115215640090314
            ],
            [
              80.2112866180981,
              13.115164050835604
            ],
            [
              80.21130872743389,
              13.115133240933533
            ],
            [
              80.21132695425099,
              13.115107842183782
            ],
            [
              80.21133232348146,
              13.115100360177577
            ],
            [
              80.21143534856643,
              13.114962362966198
            ],
            [
              80.21145382960678,
              13.114910079874972
            ],
            [
              80.21149319468086,
              13.114806900351669
            ],
            [
              80.21151708357921,
              13.114729783614358
            ],
            [
              80.21153269719716,
              13.114679380602235
            ],
            [
              80.21153340506959,
              13.11467737886464
            ],
            [
              80.21156212510753,
              13.114630551498752
            ],
            [
              80.21156770813703,
              13.11462173527763
            ],
            [
              80.21157187991321,
              13.114615144764997
            ],
            [
              80.2116072555691,
              13.114564767975937
            ],
            [
              80.21163963444519,
              13.114500438495943
            ],
            [
              80.21166252441697,
              13.11445496192051
            ],
            [
              80.21180652884857,
              13.114184322754639
            ],
            [
              80.21180774426915,
              13.114182040174256
            ],
            [
              80.2118155811717,
              13.114051012676724
            ],
            [
              80.21179349159887,
              13.11393644962615
            ],
            [
              80.21178570140871,
              13.113896046422534
            ],
            [
              80.21178098345685,
              13.113868667673081
            ],
            [
              80.21177097263133,
              13.113810577715139
            ],
            [
              80.21175293446042,
              13.113707531588545
            ],
            [
              80.21173956932563,
              13.113631514242034
            ],
            [
              80.2117376289646,
              13.113631904442533
            ],
            [
              80.2117375346415,
              13.113631922815223
            ],
            [
              80.21173725346881,
              13.113630310394722
            ],
            [
              80.21176120704585,
              13.113581521327859
            ],
            [
              80.21195068240054,
              13.113482818931994
            ],
            [
              80.21197919223272,
              13.113424836494367
            ],
            [
              80.21201173011062,
              13.1133586641979
            ],
            [
              80.21206068200539,
              13.113319322141086
            ],
            [
              80.2121295477534,
              13.113258479648364
            ],
            [
              80.21227983859536,
              13.113207488408223
            ],
            [
              80.21228271859415,
              13.113206605643695
            ],
            [
              80.2123197902693,
              13.113196705382096
            ],
            [
              80.21243478271053,
              13.113165999345517
            ],
            [
              80.21243439374001,
              13.113162091208787
            ],
            [
              80.21243420599208,
              13.113160200569977
            ],
            [
              80.21243480157514,
              13.113160018592696
            ],
            [
              80.2124312954506,
              13.113124763119234
            ],
            [
              80.21238995228627,
              13.1129988706703
            ],
            [
              80.21233432141736,
              13.112831238818687
            ],
            [
              80.21232599223804,
              13.11280092906258
            ],
            [
              80.2122330094196,
              13.112462527608363
            ],
            [
              80.21212136949103,
              13.112147582481049
            ],
            [
              80.21210480815047,
              13.112100863120412
            ],
            [
              80.21210425299164,
              13.112099006594349
            ],
            [
              80.21208574320517,
              13.112037019437452
            ],
            [
              80.21199612188255,
              13.111736907623598
            ],
            [
              80.21197427036326,
              13.111599374844753
            ],
            [
              80.21195181966769,
              13.111458072058927
            ],
            [
              80.21222071866988,
              13.111339271548546
            ],
            [
              80.21222023627458,
              13.11133813155751
            ],
            [
              80.21219962712534,
              13.111289482019544
            ],
            [
              80.21212770620706,
              13.111256996203442
            ],
            [
              80.21211153293868,
              13.11120207538298
            ],
            [
              80.21203763932003,
              13.110951160726486
            ],
            [
              80.21203094956613,
              13.110809889939533
            ],
            [
              80.21202936853122,
              13.110769222002778
            ],
            [
              80.21202512039824,
              13.110659975938493
            ],
            [
              80.2120187935637,
              13.110524735670678
            ],
            [
              80.21201427773275,
              13.110449406762022
            ],
            [
              80.21201398847525,
              13.110444593060244
            ],
            [
              80.21201281976707,
              13.110418520152987
            ],
            [
              80.21200442860398,
              13.110231308881255
            ],
            [
              80.21234637052025,
              13.110165060484178
            ],
            [
              80.21234649808102,
              13.11016503598691
            ],
            [
              80.21258212438342,
              13.110119871824654
            ],
            [
              80.21277754119536,
              13.110080494253792
            ],
            [
              80.21297002051635,
              13.110042347663441
            ],
            [
              80.21297633028293,
              13.110041097428795
            ],
            [
              80.21296314031962,
              13.109994494904956
            ],
            [
              80.21293138217936,
              13.109882255455629
            ],
            [
              80.2129764524538,
              13.110041097428795
            ],
            [
              80.21295151611984,
              13.109950933532076
            ],
            [
              80.21294738746278,
              13.109936007701394
            ],
            [
              80.21292608301748,
              13.10986354391797
            ],
            [
              80.21292367643086,
              13.109855988260435
            ],
            [
              80.21289407514561,
              13.1097630561035
            ],
            [
              80.21286712568708,
              13.109624125000582
            ],
            [
              80.21285936873461,
              13.109584132293246
            ],
            [
              80.21283063701854,
              13.109440257882133
            ],
            [
              80.212798496196,
              13.1092778940304
            ],
            [
              80.212783084699,
              13.109196966224193
            ],
            [
              80.21276691502386,
              13.109112058448085
            ],
            [
              80.21280083990058,
              13.109075330803874
            ],
            [
              80.21280549766534,
              13.109070287850031
            ],
            [
              80.21282482312203,
              13.109050849204317
            ],
            [
              80.21283572507635,
              13.109039883140753
            ],
            [
              80.21286060481646,
              13.10900833142663
            ],
            [
              80.21294955060598,
              13.108895529837847
            ],
            [
              80.21308883349245,
              13.10883633282421
            ],
            [
              80.21309792534144,
              13.108832342377498
            ],
            [
              80.21315524683973,
              13.10880718620111
            ],
            [
              80.21317749631271,
              13.108796427479433
            ],
            [
              80.21322587598063,
              13.108773031610852
            ],
            [
              80.21325249665577,
              13.108746243727943
            ],
            [
              80.21329983248135,
              13.108698609443985
            ],
            [
              80.21332464664445,
              13.10867236574491
            ],
            [
              80.2133336549501,
              13.10866283801111
            ],
            [
              80.21336431984066,
              13.10863301768919
            ],
            [
              80.21344273108684,
              13.108556768674013
            ],
            [
              80.2134536141765,
              13.108546185797712
            ],
            [
              80.21352033025605,
              13.10848130792671
            ],
            [
              80.21352724458878,
              13.108474585138522
            ],
            [
              80.21353072915377,
              13.10847196479093
            ],
            [
              80.21355928659663,
              13.108450485813764
            ],
            [
              80.21364005142891,
              13.108389741856278
            ],
            [
              80.21374182516071,
              13.10831319879666
            ],
            [
              80.21383918277456,
              13.108295550152908
            ],
            [
              80.21393793277713,
              13.108278463198868
            ],
            [
              80.2140063808085,
              13.1082751289242
            ],
            [
              80.21425777523908,
              13.108263115561014
            ],
            [
              80.21458635561382,
              13.108246775776353
            ],
            [
              80.21478727460688,
              13.108235548079357
            ],
            [
              80.21481336707265,
              13.108234223468317
            ],
            [
              80.21493887519254,
              13.10822785326141
            ],
            [
              80.21518605472782,
              13.10821105502245
            ],
            [
              80.21528712507875,
              13.108204106500551
            ],
            [
              80.21549223740757,
              13.108190647785255
            ],
            [
              80.21550144424093,
              13.108187570732452
            ],
            [
              80.2155306942849,
              13.10817779625566
            ],
            [
              80.21557575018628,
              13.108162739956068
            ],
            [
              80.2155767518078,
              13.108161026885272
            ],
            [
              80.21557726474585,
              13.108160151976763
            ],
            [
              80.21571699499333,
              13.10792134033876
            ],
            [
              80.21577841280931,
              13.10781772742847
            ],
            [
              80.21583424939244,
              13.107730412298935
            ],
            [
              80.2158260711301,
              13.107626924420483
            ],
            [
              80.21580157676723,
              13.107081068099323
            ],
            [
              80.21579121829372,
              13.106922414071366
            ],
            [
              80.21579334640259,
              13.106787701071747
            ],
            [
              80.21579418632739,
              13.106634156351955
            ],
            [
              80.21579660549047,
              13.106346597351937
            ],
            [
              80.21581271767337,
              13.106238442093192
            ],
            [
              80.21582010092672,
              13.106197314945126
            ],
            [
              80.21584090141711,
              13.106017147036088
            ],
            [
              80.21586197230043,
              13.105849180583864
            ],
            [
              80.21587074524749,
              13.105804707688655
            ],
            [
              80.2158402133076,
              13.105554637073183
            ],
            [
              80.2158222227474,
              13.105455300641058
            ],
            [
              80.21579874078587,
              13.105263359281851
            ],
            [
              80.21573213519915,
              13.104977821494689
            ],
            [
              80.21568626272916,
              13.104781440416494
            ],
            [
              80.21563376159071,
              13.104578462275656
            ],
            [
              80.21562587887408,
              13.104538142402623
            ],
            [
              80.21559273643,
              13.104414535230482
            ],
            [
              80.21556130168325,
              13.104280465675838
            ],
            [
              80.21547752479985,
              13.103886827326235
            ],
            [
              80.21547738376434,
              13.103886165883912
            ],
            [
              80.2154692468245,
              13.103847932590801
            ],
            [
              80.21538525614208,
              13.103553004342986
            ],
            [
              80.21527961426466,
              13.103172369733729
            ],
            [
              80.21520883330848,
              13.102933387894488
            ],
            [
              80.2151691969432,
              13.102770528040368
            ],
            [
              80.21511640834386,
              13.102533193301369
            ],
            [
              80.21508262450266,
              13.102387724147084
            ],
            [
              80.21503236645744,
              13.102144514759866
            ],
            [
              80.21496094500246,
              13.10184645309333
            ],
            [
              80.21489195888022,
              13.101549295745599
            ],
            [
              80.21482015474291,
              13.101257509253108
            ],
            [
              80.21477913227716,
              13.101103084399996
            ],
            [
              80.21473043191065,
              13.100917223064869
            ],
            [
              80.21469727599185,
              13.100791863330231
            ],
            [
              80.21466982617171,
              13.100705292902713
            ],
            [
              80.21465725245267,
              13.1006372780719
            ],
            [
              80.21463603424566,
              13.100565893845767
            ],
            [
              80.21463826745745,
              13.100564917417756
            ],
            [
              80.21463614024685,
              13.100557399096944
            ],
            [
              80.21461801314275,
              13.100563273413965
            ],
            [
              80.21452828222566,
              13.100603663932906
            ],
            [
              80.21423702864759,
              13.100733575174699
            ],
            [
              80.21393988930781,
              13.10086996261252
            ],
            [
              80.21370113686824,
              13.100975144579555
            ],
            [
              80.2135947422026,
              13.101012901479898
            ],
            [
              80.21338178937798,
              13.1010884747587
            ],
            [
              80.21324084460822,
              13.10113849295933
            ],
            [
              80.21289280133455,
              13.101260931991089
            ],
            [
              80.21281543752396,
              13.101290290366729
            ],
            [
              80.2127298595184,
              13.101323386451758
            ],
            [
              80.2126128629358,
              13.101368631847226
            ],
            [
              80.21217205064274,
              13.101544145020899
            ],
            [
              80.21206330598433,
              13.101589330880442
            ],
            [
              80.2120609820427,
              13.101590296805192
            ],
            [
              80.21203016533688,
              13.10160252135264
            ],
            [
              80.21176907898271,
              13.101706088758215
            ],
            [
              80.21170784172811,
              13.10173038035337
            ],
            [
              80.21145620744733,
              13.10181931710885
            ],
            [
              80.21141539069578,
              13.10183339299891
            ],
            [
              80.21129461759571,
              13.10188015105602
            ],
            [
              80.21108122369827,
              13.101955807187013
            ],
            [
              80.21094540202058,
              13.101998197568358
            ],
            [
              80.21076930347881,
              13.102059165335625
            ],
            [
              80.2104822180837,
              13.102155175780169
            ],
            [
              80.21031714276877,
              13.10221018086313
            ],
            [
              80.2101838444587,
              13.102256582752387
            ],
            [
              80.21007329688153,
              13.102297302841867
            ],
            [
              80.20983350149788,
              13.1023804604863
            ],
            [
              80.20970720196222,
              13.102429190529179
            ],
            [
              80.20965556410472,
              13.102447551785659
            ],
            [
              80.20965201575936,
              13.102441715135553
            ],
            [
              80.20964473311736,
              13.102444250679254
            ],
            [
              80.2095288450558,
              13.1022046005618
            ],
            [
              80.20953490329406,
              13.10222347979335
            ],
            [
              80.2095244190564,
              13.102195083076738
            ],
            [
              80.20951065417131,
              13.102174362115878
            ],
            [
              80.209471898155,
              13.102082137501347
            ],
            [
              80.20942754204121,
              13.101966213610709
            ],
            [
              80.20940872413262,
              13.101916873649497
            ],
            [
              80.20938573624454,
              13.10185460307486
            ],
            [
              80.20935815527035,
              13.101778442952448
            ],
            [
              80.20931821707113,
              13.101677881842093
            ],
            [
              80.20925984095071,
              13.10151721461217
            ],
            [
              80.20925223671182,
              13.101501359966965
            ],
            [
              80.20924560894166,
              13.101480209355978
            ],
            [
              80.2092406682076,
              13.1014644422016
            ],
            [
              80.20922956503067,
              13.101433883439485
            ],
            [
              80.20919299371717,
              13.101333226820726
            ],
            [
              80.20910497768392,
              13.101055362893234
            ],
            [
              80.20903246118263,
              13.100899567766227
            ],
            [
              80.20898812034021,
              13.10081166310134
            ],
            [
              80.20898911926682,
              13.100811210760142
            ],
            [
              80.2089867504094,
              13.100806383745823
            ],
            [
              80.20898783377763,
              13.100805920905387
            ],
            [
              80.20898759931733,
              13.100805408193686
            ],
            [
              80.20896589961335,
              13.100758065476011
            ],
            [
              80.20894815069994,
              13.10071933910866
            ],
            [
              80.20894591030162,
              13.100717359130904
            ],
            [
              80.20881515961372,
              13.10060176094848
            ],
            [
              80.20881276470516,
              13.100599643604923
            ],
            [
              80.20880943554872,
              13.100601055750579
            ],
            [
              80.20867708496128,
              13.100657204721022
            ],
            [
              80.20854887291236,
              13.100711597684185
            ],
            [
              80.20824777829036,
              13.100838846443326
            ],
            [
              80.20787922647875,
              13.100991594213756
            ],
            [
              80.20778792979812,
              13.101029432480397
            ],
            [
              80.20773561191595,
              13.101051115089879
            ],
            [
              80.20772776603026,
              13.101053973498454
            ],
            [
              80.20716227835555,
              13.101259979189027
            ],
            [
              80.207010190883,
              13.101174171868012
            ],
            [
              80.2068212024152,
              13.101067544595521
            ],
            [
              80.20575390594131,
              13.100533161632082
            ],
            [
              80.2056036905578,
              13.100466535276892
            ],
            [
              80.2049935054095,
              13.100195892974652
            ],
            [
              80.2046725023242,
              13.100048601694711
            ],
            [
              80.20458407845584,
              13.100008028222797
            ],
            [
              80.20448993052248,
              13.099962380980925
            ],
            [
              80.20442889808378,
              13.09993278796363
            ],
            [
              80.20415454091788,
              13.099799763269175
            ],
            [
              80.20409148906641,
              13.099769192051308
            ],
            [
              80.20405771869993,
              13.099752817580141
            ],
            [
              80.20360448629977,
              13.099526539163453
            ],
            [
              80.20325841033655,
              13.099372360832614
            ],
            [
              80.20283922408564,
              13.09918446395455
            ],
            [
              80.20283940824025,
              13.099187314510324
            ],
            [
              80.20283555895925,
              13.099185589127867
            ],
            [
              80.2028332098648,
              13.099184527825203
            ],
            [
              80.20249436623794,
              13.099031425457543
            ],
            [
              80.20237984271732,
              13.098962665589402
            ],
            [
              80.20200806236058,
              13.09873945136833
            ],
            [
              80.20166562008268,
              13.098544518593403
            ],
            [
              80.20166272121928,
              13.098542867576576
            ],
            [
              80.20162356635097,
              13.098520578410916
            ],
            [
              80.20162793126495,
              13.098518580041654
            ],
            [
              80.20117165806751,
              13.098526111548818
            ],
            [
              80.20099021724474,
              13.098540366115445
            ],
            [
              80.20035139829675,
              13.098590555447561
            ],
            [
              80.19990055631354,
              13.098646525513306
            ],
            [
              80.19959938174149,
              13.098683915295009
            ],
            [
              80.19935525018998,
              13.098715050985266
            ],
            [
              80.19912498323656,
              13.09874441841387
            ],
            [
              80.19901338822378,
              13.098758650219393
            ],
            [
              80.19889613292636,
              13.098776236551101
            ],
            [
              80.1985593033224,
              13.09882675306333
            ],
            [
              80.19838828295691,
              13.098852401976936
            ],
            [
              80.19831267265775,
              13.098867695955207
            ],
            [
              80.19789538993693,
              13.098952105924026
            ],
            [
              80.19778260914794,
              13.09897491914037
            ],
            [
              80.1976793109751,
              13.098989642649428
            ],
            [
              80.19748759701875,
              13.099016967058084
            ],
            [
              80.19725536275486,
              13.099050066073552
            ],
            [
              80.19706353471247,
              13.099077407099397
            ],
            [
              80.19705984802656,
              13.099077932063853
            ],
            [
              80.19655395189282,
              13.099263260199027
            ],
            [
              80.1964508594342,
              13.099301026111293
            ],
            [
              80.19643983890226,
              13.099305063959275
            ],
            [
              80.19619191017208,
              13.099395887960778
            ],
            [
              80.1961657862653,
              13.099405457175475
            ],
            [
              80.19602378777171,
              13.099457476704528
            ],
            [
              80.19570718463464,
              13.09972573911084
            ],
            [
              80.19553418977218,
              13.099872320134294
            ],
            [
              80.19504483791106,
              13.10028695200547
            ],
            [
              80.19494136816002,
              13.100515788910151
            ],
            [
              80.19493517876768,
              13.100529479028102
            ],
            [
              80.19479003257732,
              13.100850490946529
            ],
            [
              80.19477122544855,
              13.100912095075245
            ],
            [
              80.1947228089497,
              13.101070689107228
            ],
            [
              80.19472000261274,
              13.101081703647228
            ],
            [
              80.19470315381128,
              13.101151381603698
            ],
            [
              80.19468734166563,
              13.101216776742595
            ],
            [
              80.19466700650253,
              13.101300877929653
            ],
            [
              80.19453732660644,
              13.10183719632387
            ],
            [
              80.19452201302579,
              13.10193129950622
            ],
            [
              80.19452207500956,
              13.101931239135997
            ],
            [
              80.19452008344456,
              13.101993738922994
            ],
            [
              80.19448945807991,
              13.102955051962761
            ],
            [
              80.1944971458621,
              13.103057279286645
            ],
            [
              80.19451753222917,
              13.103328342782122
            ],
            [
              80.19454520842474,
              13.10361444243461
            ],
            [
              80.19456475846027,
              13.103816524573425
            ],
            [
              80.19466039400373,
              13.104429258414246
            ],
            [
              80.19473718738409,
              13.104831408871211
            ],
            [
              80.19475103132098,
              13.105391944313027
            ],
            [
              80.19485721578081,
              13.105914388992371
            ],
            [
              80.19489199944692,
              13.10608552959486
            ],
            [
              80.19493608965941,
              13.10629410070014
            ],
            [
              80.19496639073223,
              13.1064014895091
            ],
            [
              80.19497524991756,
              13.10640151663147
            ],
            [
              80.19497522206979,
              13.106410041800569
            ],
            [
              80.19522812836499,
              13.106898857915514
            ],
            [
              80.19532029820809,
              13.107096630164422
            ],
            [
              80.19532799407511,
              13.10711080549267
            ],
            [
              80.19540250483637,
              13.107238684379675
            ],
            [
              80.19551991374567,
              13.107421425382896
            ],
            [
              80.19563633001661,
              13.107617891845461
            ],
            [
              80.19578988533632,
              13.1079054686079
            ],
            [
              80.19577182201259,
              13.107876052402396
            ],
            [
              80.19598874628909,
              13.108269561009108
            ],
            [
              80.19601710610263,
              13.108321006475025
            ],
            [
              80.19603652139085,
              13.10835622676571
            ],
            [
              80.19605382114659,
              13.108386468826652
            ],
            [
              80.19611583185066,
              13.108494870740058
            ],
            [
              80.1961620250192,
              13.108579628245147
            ],
            [
              80.19619985217749,
              13.108649033732734
            ],
            [
              80.19623020086107,
              13.108704718916538
            ],
            [
              80.1962700995344,
              13.108777927586557
            ],
            [
              80.1962945507781,
              13.108822424441737
            ],
            [
              80.19631670053806,
              13.10886273311395
            ],
            [
              80.19636504786666,
              13.108949634011264
            ],
            [
              80.19669665736053,
              13.109545676784995
            ],
            [
              80.19670496228537,
              13.10956876286428
            ],
            [
              80.19670534676429,
              13.109569830246523
            ],
            [
              80.19671474943037,
              13.10959597061126
            ],
            [
              80.19673399583532,
              13.109632030626548
            ],
            [
              80.19674821616627,
              13.109672833486401
            ],
            [
              80.19677589595514,
              13.109752265052222
            ],
            [
              80.19678516926379,
              13.109778873470527
            ],
            [
              80.19679678987032,
              13.109812218636232
            ],
            [
              80.1968240842819,
              13.109890540780917
            ],
            [
              80.19685480127475,
              13.109978687175671
            ],
            [
              80.19685671378797,
              13.109984173686197
            ],
            [
              80.19688042122664,
              13.110052202557112
            ],
            [
              80.19689095487166,
              13.110078782071223
            ],
            [
              80.19691933624476,
              13.110150396262007
            ],
            [
              80.19695071799087,
              13.110229580076624
            ],
            [
              80.19695307966175,
              13.110244269666175
            ],
            [
              80.1969649841359,
              13.110318312533474
            ],
            [
              80.19696501108538,
              13.110318479639526
            ],
            [
              80.19697863673159,
              13.110403895316463
            ],
            [
              80.19699448750477,
              13.110503259497401
            ],
            [
              80.19699972917446,
              13.110536121620067
            ],
            [
              80.19700665788025,
              13.110582429200038
            ],
            [
              80.19702073987065,
              13.110676545661482
            ],
            [
              80.19703456853614,
              13.110768967407099
            ],
            [
              80.19704315732855,
              13.110826374787234
            ],
            [
              80.1970581520073,
              13.110926587449208
            ],
            [
              80.19706808288274,
              13.110992959001932
            ],
            [
              80.19707868479973,
              13.111063816139634
            ],
            [
              80.19708147047541,
              13.111092245953913
            ],
            [
              80.19709164030276,
              13.111196015841612
            ],
            [
              80.19710593519387,
              13.111341876992366
            ],
            [
              80.19711559926972,
              13.111440482258848
            ],
            [
              80.19714129557843,
              13.111646092550853
            ],
            [
              80.19717111066268,
              13.111884659102243
            ],
            [
              80.19720338623253,
              13.112142904421138
            ],
            [
              80.19720365752376,
              13.112145118778674
            ],
            [
              80.19724145054609,
              13.112453293985453
            ],
            [
              80.19726862548174,
              13.112674885966394
            ],
            [
              80.19728042844625,
              13.1127711293648
            ],
            [
              80.1973085016972,
              13.113001824303257
            ],
            [
              80.19732845327962,
              13.113165772748845
            ],
            [
              80.19733897614489,
              13.113246569765593
            ],
            [
              80.19737854154326,
              13.11355036302153
            ],
            [
              80.19740061225149,
              13.113719821150681
            ],
            [
              80.19740623929843,
              13.113768509577923
            ],
            [
              80.19744276479788,
              13.114084529616107
            ],
            [
              80.19745759238992,
              13.11421281607495
            ],
            [
              80.19746699415772,
              13.114317084206402
            ],
            [
              80.19749346301757,
              13.11461059273552
            ],
            [
              80.19750052377569,
              13.114688363049476
            ],
            [
              80.19750124691947,
              13.114723973502176
            ],
            [
              80.19750717580037,
              13.11478660039765
            ],
            [
              80.19752227468368,
              13.114847550123143
            ],
            [
              80.1975234119508,
              13.114847719850772
            ],
            [
              80.19751918807235,
              13.11491348842488
            ],
            [
              80.19752444321676,
              13.114968986715093
            ],
            [
              80.19753607460305,
              13.114991868437365
            ],
            [
              80.19753591560126,
              13.115040672097466
            ],
            [
              80.19753570000559,
              13.115087895707669
            ],
            [
              80.19753764126493,
              13.115108398609866
            ],
            [
              80.19754198911087,
              13.115154330878863
            ],
            [
              80.19754566411869,
              13.115193144212505
            ],
            [
              80.19754933912655,
              13.115231961039553
            ],
            [
              80.19755276530103,
              13.115268149711307
            ],
            [
              80.19755663973486,
              13.115309072370085
            ],
            [
              80.19755793420718,
              13.115318638341316
            ],
            [
              80.19756827651103,
              13.115395034865452
            ],
            [
              80.19759556822768,
              13.115596634891844
            ],
            [
              80.197608724055,
              13.115693812395435
            ],
            [
              80.19761248260616,
              13.115721575889602
            ],
            [
              80.19761473917418,
              13.115738245882998
            ],
            [
              80.19761850940343,
              13.11576609423565
            ],
            [
              80.19762481467839,
              13.115812663295317
            ],
            [
              80.19763108132581,
              13.115858955883796
            ],
            [
              80.19763636701296,
              13.115898000074793
            ],
            [
              80.19764268127109,
              13.11594463735021
            ],
            [
              80.19764854726988,
              13.115987976316736
            ],
            [
              80.19765492800336,
              13.116035105257932
            ],
            [
              80.19766097456352,
              13.116079767027594
            ],
            [
              80.19766730409303,
              13.116126530251286
            ],
            [
              80.19766908635054,
              13.116139693697777
            ],
            [
              80.19767300210685,
              13.11616862160688
            ],
            [
              80.19767644894262,
              13.116194081488622
            ],
            [
              80.19767890224166,
              13.116212211624472
            ],
            [
              80.19768500090412,
              13.116257261808522
            ],
            [
              80.19768886725309,
              13.116285818754877
            ],
            [
              80.19769012758945,
              13.116295125723768
            ],
            [
              80.19769467575973,
              13.116325896110755
            ],
            [
              80.19770599543062,
              13.116402459423892
            ],
            [
              80.19772107275436,
              13.116504445817895
            ],
            [
              80.19773162885726,
              13.116575838543195
            ],
            [
              80.1977351763043,
              13.116599841710144
            ],
            [
              80.19774422323754,
              13.116661035952164
            ],
            [
              80.1977497110456,
              13.116698152659318
            ],
            [
              80.19775850914552,
              13.116757669735899
            ],
            [
              80.19776655715214,
              13.116812105508375
            ],
            [
              80.19777249771111,
              13.116845726181882
            ],
            [
              80.19779035172739,
              13.116946763150237
            ],
            [
              80.19780347611368,
              13.117021029718009
            ],
            [
              80.19781902954449,
              13.117109051074598
            ],
            [
              80.19783522437247,
              13.117200701386727
            ],
            [
              80.19785284213181,
              13.117300402273575
            ],
            [
              80.19786468552051,
              13.117367429137873
            ],
            [
              80.19788109684245,
              13.117460298930034
            ],
            [
              80.19788160528887,
              13.117463176395233
            ],
            [
              80.19792648062891,
              13.117564754657522
            ],
            [
              80.19796583761814,
              13.117653842291721
            ],
            [
              80.19802891552077,
              13.117796623554664
            ],
            [
              80.19803901348287,
              13.11781948051735
            ],
            [
              80.19812561197456,
              13.118015501237899
            ],
            [
              80.1981287165522,
              13.118022527346362
            ],
            [
              80.1981617368254,
              13.118097271269908
            ],
            [
              80.1982255962623,
              13.118241820392951
            ],
            [
              80.19824990736885,
              13.118296851624942
            ],
            [
              80.19863881320819,
              13.119002037164726
            ],
            [
              80.19875115292434,
              13.119205740043878
            ],
            [
              80.19884199236249,
              13.119370454237533
            ],
            [
              80.19904272181105,
              13.119726076698448
            ],
            [
              80.19909893119501,
              13.11982566107874
            ],
            [
              80.19914692638402,
              13.119910692886634
            ],
            [
              80.19917198578719,
              13.119955088867737
            ],
            [
              80.19917205316084,
              13.11995520872442
            ],
            [
              80.19918217088588,
              13.119951937598445
            ],
            [
              80.19918364052967,
              13.119951463420794
            ],
            [
              80.19918768294848,
              13.119944334133178
            ],
            [
              80.19919057013378,
              13.11994258877437
            ],
            [
              80.19919380137387,
              13.119940634322436
            ],
            [
              80.19921248004354,
              13.119929339794556
            ],
            [
              80.19921794808867,
              13.119926032798706
            ],
            [
              80.19921829663502,
              13.119925640858467
            ],
            [
              80.19925859236372,
              13.119880269395559
            ],
            [
              80.19928286753766,
              13.119852935930641
            ],
            [
              80.19935759030128,
              13.119768184060298
            ],
            [
              80.19949800596335,
              13.119607848846352
            ],
            [
              80.1994982565933,
              13.119607482276738
            ],
            [
              80.1996368855063,
              13.119405068411783
            ],
            [
              80.1996728324907,
              13.119352309461819
            ],
            [
              80.19968003518262,
              13.119342062999655
            ],
            [
              80.19969154978796,
              13.11932524977209
            ],
            [
              80.19973402123625,
              13.11926912955844
            ],
            [
              80.19977120520082,
              13.119219631216623
            ],
            [
              80.19979940421591,
              13.119182734482319
            ],
            [
              80.19984329949393,
              13.11912473064208
            ],
            [
              80.19987720550603,
              13.119078785116885
            ],
            [
              80.19989278049643,
              13.119059349011952
            ],
            [
              80.20004007545693,
              13.118875538814933
            ],
            [
              80.2002500332984,
              13.11861394718446
            ],
            [
              80.2002729565078,
              13.118585387009029
            ],
            [
              80.20037701465539,
              13.118458681100195
            ],
            [
              80.20050552584331,
              13.118294091402406
            ],
            [
              80.20053249775971,
              13.11826032394835
            ],
            [
              80.20066498309443,
              13.118095942337627
            ],
            [
              80.20084192335766,
              13.11787543921027
            ],
            [
              80.20095341147093,
              13.117733211788599
            ],
            [
              80.20109559322081,
              13.117551828378465
            ],
            [
              80.20127792876563,
              13.117316217406161
            ]
          ]
        ]
      },
      "properties": {
        "pincode": "600053",
        "name": "Villivakkam",
        "risk_score": 50,
        "risk_level": "MEDIUM",
        "source": "datameet:600049"
      }
    },
    {
      "type": "Feature",
      "geometry": {
        "type": "Polygon",
        "coordinates": [
          [
            [
              80.27426428400408,
              13.005439672534902
            ],
            [
              80.27425283587407,
              13.005181263999049
            ],
            [
              80.2742145209306,
              13.004933305967256
            ],
            [
              80.2741860506243,
              13.0047911193964
            ],
            [
              80.27417041454845,
              13.004713030883558
            ],
            [
              80.274145020972,
              13.004586215772541
            ],
            [
              80.27411133414884,
              13.004432066607517
            ],
            [
              80.27410258276134,
              13.004392022732436
            ],
            [
              80.27407387350318,
              13.004260652518507
            ],
            [
              80.27406727178415,
              13.004211753441894
            ],
            [
              80.27405769753985,
              13.004140849894961
            ],
            [
              80.2740573939093,
              13.004138595181631
            ],
            [
              80.27404248546883,
              13.004145762824256
            ],
            [
              80.27403760402356,
              13.004148109441608
            ],
            [
              80.27402435297482,
              13.004103305764133
            ],
            [
              80.27393987810046,
              13.003817687819488
            ],
            [
              80.27383966294568,
              13.003504005471832
            ],
            [
              80.27373219838657,
              13.003082645725616
            ],
            [
              80.27372830418977,
              13.003073687228028
            ],
            [
              80.27370985638713,
              13.003031236111422
            ],
            [
              80.2737092967367,
              13.003029948573294
            ],
            [
              80.27340100481265,
              13.003150366180115
            ],
            [
              80.27337280130598,
              13.003161382459103
            ],
            [
              80.2733504916459,
              13.00317009587503
            ],
            [
              80.27335040989924,
              13.00316988143136
            ],
            [
              80.27332933003278,
              13.00311446567626
            ],
            [
              80.27330107172888,
              13.003040179730782
            ],
            [
              80.27329674005259,
              13.003028794953174
            ],
            [
              80.27320622760116,
              13.00276259127267
            ],
            [
              80.27318556545133,
              13.002701825703163
            ],
            [
              80.27318437698021,
              13.002698331577417
            ],
            [
              80.27316790457286,
              13.002675162861674
            ],
            [
              80.27312472615041,
              13.002614431406746
            ],
            [
              80.27305815290302,
              13.002561612490755
            ],
            [
              80.27299212762794,
              13.002530327266847
            ],
            [
              80.27290675264167,
              13.002525303144724
            ],
            [
              80.27283112886778,
              13.002522698303645
            ],
            [
              80.27280676206568,
              13.002520552110624
            ],
            [
              80.2727712166282,
              13.002517421224656
            ],
            [
              80.27271892928877,
              13.002512815487352
            ],
            [
              80.27269496493194,
              13.002490439760466
            ],
            [
              80.27268045175023,
              13.002476888632755
            ],
            [
              80.27265725006306,
              13.002455225382864
            ],
            [
              80.2726107029583,
              13.002466666204898
            ],
            [
              80.27258774201962,
              13.002472309153156
            ],
            [
              80.27254313976748,
              13.002483271194729
            ],
            [
              80.27250143997198,
              13.002493520755657
            ],
            [
              80.27248962353272,
              13.002496424068447
            ],
            [
              80.27241687616441,
              13.002514303467851
            ],
            [
              80.27241664350073,
              13.002514361236507
            ],
            [
              80.27241050351577,
              13.002508746298224
            ],
            [
              80.27239528425824,
              13.002494831053907
            ],
            [
              80.27237990060898,
              13.002480764384897
            ],
            [
              80.27236308145191,
              13.002485989822976
            ],
            [
              80.2723188520006,
              13.002499732637121
            ],
            [
              80.27231882774608,
              13.002499693249385
            ],
            [
              80.27225723026704,
              13.002400509694617
            ],
            [
              80.27221900425675,
              13.002338958907314
            ],
            [
              80.27218638732711,
              13.0022864392796
            ],
            [
              80.27200656347183,
              13.00201345047322
            ],
            [
              80.27197358901272,
              13.001963392952193
            ],
            [
              80.27190382045784,
              13.001857477366457
            ],
            [
              80.27190219720215,
              13.001855013439242
            ],
            [
              80.2719279842407,
              13.001838339259841
            ],
            [
              80.27187973303184,
              13.00176465162746
            ],
            [
              80.27184395043912,
              13.001710004934438
            ],
            [
              80.27182597065872,
              13.001682548977683
            ],
            [
              80.27159275363789,
              13.001362741300234
            ],
            [
              80.27158297098447,
              13.001349325780408
            ],
            [
              80.27155439288032,
              13.001303644560059
            ],
            [
              80.27137046821579,
              13.001009646011761
            ],
            [
              80.27134608254909,
              13.000970665059338
            ],
            [
              80.27131419415315,
              13.000914451425471
            ],
            [
              80.27131210107851,
              13.000910760334678
            ],
            [
              80.27135022018928,
              13.000848665623671
            ],
            [
              80.2713501617988,
              13.00084816845981
            ],
            [
              80.27134965784393,
              13.000843802520565
            ],
            [
              80.271343084871,
              13.0007869551489
            ],
            [
              80.27133991561467,
              13.000759541979143
            ],
            [
              80.27133832200336,
              13.000745759680651
            ],
            [
              80.27133780367544,
              13.000745336040831
            ],
            [
              80.27131612822593,
              13.00072762194358
            ],
            [
              80.2712548882764,
              13.00067757466665
            ],
            [
              80.27125313476498,
              13.000676140943042
            ],
            [
              80.27124890729323,
              13.000631068800137
            ],
            [
              80.27124129676616,
              13.000549919840969
            ],
            [
              80.27124002385341,
              13.000536344974474
            ],
            [
              80.2712381140351,
              13.000515981360396
            ],
            [
              80.27123787418492,
              13.000513415886275
            ],
            [
              80.27124473551704,
              13.000504978968612
            ],
            [
              80.2712471313239,
              13.000502032743308
            ],
            [
              80.27125136957541,
              13.000496821268092
            ],
            [
              80.27125146210192,
              13.000496707480428
            ],
            [
              80.2712501864942,
              13.000495193229106
            ],
            [
              80.27124592129321,
              13.000490133178879
            ],
            [
              80.27123529422342,
              13.000477523753792
            ],
            [
              80.27122844277275,
              13.000400948135281
            ],
            [
              80.27117592276966,
              13.00038166111699
            ],
            [
              80.2711556370139,
              13.000185428859707
            ],
            [
              80.27119110699289,
              13.000195098197718
            ],
            [
              80.27118980713068,
              13.00015479192686
            ],
            [
              80.27118890432384,
              13.000126811498637
            ],
            [
              80.27118886928952,
              13.000125713883632
            ],
            [
              80.27117419530937,
              13.000123272696822
            ],
            [
              80.27114497580811,
              13.000118413080648
            ],
            [
              80.27113968652773,
              13.000070893522084
            ],
            [
              80.27107017039948,
              12.999446411802257
            ],
            [
              80.27105833868885,
              12.999340122267064
            ],
            [
              80.27105095094396,
              12.99927375747858
            ],
            [
              80.27104131561421,
              12.999196167022472
            ],
            [
              80.27100458799381,
              12.998900415386707
            ],
            [
              80.27092873245462,
              12.998141818462322
            ],
            [
              80.27088909339439,
              12.997843331135792
            ],
            [
              80.27084864135882,
              12.997538712847762
            ],
            [
              80.27085011369758,
              12.997538325965065
            ],
            [
              80.27107358220093,
              12.997479714105948
            ],
            [
              80.27121738900317,
              12.99744199653315
            ],
            [
              80.27121821275827,
              12.997441780333903
            ],
            [
              80.27121865742434,
              12.997441663918947
            ],
            [
              80.2712350229322,
              12.997506647973404
            ],
            [
              80.27127895054959,
              12.997681071631698
            ],
            [
              80.271280125546,
              12.99768068474923
            ],
            [
              80.27142480820565,
              12.997633080695135
            ],
            [
              80.27147814747227,
              12.997615531807472
            ],
            [
              80.27173316660502,
              12.997531624666626
            ],
            [
              80.27176976217307,
              12.99753172707676
            ],
            [
              80.27187718361304,
              12.997505712277372
            ],
            [
              80.2719871769297,
              12.997434249247933
            ],
            [
              80.27194385567512,
              12.997230775043462
            ],
            [
              80.27211491736311,
              12.997133166676514
            ],
            [
              80.27209097456583,
              12.99697759489227
            ],
            [
              80.2720284428389,
              12.99666880209589
            ],
            [
              80.27199120497544,
              12.996472727083807
            ],
            [
              80.27197798357108,
              12.996403106272338
            ],
            [
              80.27196469479308,
              12.996306105916597
            ],
            [
              80.27196126143208,
              12.996281047696751
            ],
            [
              80.27196021758972,
              12.996277533348605
            ],
            [
              80.27191323839531,
              12.996119422643076
            ],
            [
              80.27186592592592,
              12.995960195821992
            ],
            [
              80.2718452952171,
              12.995890764808202
            ],
            [
              80.27180102264661,
              12.995732635474889
            ],
            [
              80.27176141772239,
              12.995591176264535
            ],
            [
              80.2717054589684,
              12.99539130506682
            ],
            [
              80.27164754637865,
              12.99518445749953
            ],
            [
              80.27156466511559,
              12.994868430664832
            ],
            [
              80.27151994338749,
              12.994736023419103
            ],
            [
              80.2714332918952,
              12.99447947340234
            ],
            [
              80.27141179880371,
              12.994415841786601
            ],
            [
              80.27124094821983,
              12.993771274902954
            ],
            [
              80.27119920620352,
              12.993613797204
            ],
            [
              80.27106147380921,
              12.993158858442293
            ],
            [
              80.27100496618456,
              12.992961921097564
            ],
            [
              80.27100247156302,
              12.992953227455551
            ],
            [
              80.27099148965867,
              12.992914952493777
            ],
            [
              80.27099071171766,
              12.992912243389167
            ],
            [
              80.27099182203533,
              12.992894375552568
            ],
            [
              80.27099189390057,
              12.992893211381503
            ],
            [
              80.27099285419959,
              12.99287776029275
            ],
            [
              80.27099921876336,
              12.992775288703871
            ],
            [
              80.27101992942225,
              12.992441868857327
            ],
            [
              80.27102027886689,
              12.992436242312055
            ],
            [
              80.27098700437047,
              12.992276133433618
            ],
            [
              80.27093222420613,
              12.992012543305108
            ],
            [
              80.27079582850494,
              12.99139253434184
            ],
            [
              80.27073670857946,
              12.991002409205457
            ],
            [
              80.2706347426082,
              12.990581064126433
            ],
            [
              80.2704810175069,
              12.990341007953988
            ],
            [
              80.27040986824144,
              12.99022990285385
            ],
            [
              80.2704091307246,
              12.990228750049516
            ],
            [
              80.26999748942376,
              12.990129334007127
            ],
            [
              80.26984217699932,
              12.990091824520771
            ],
            [
              80.26977771838612,
              12.990076256839307
            ],
            [
              80.26977736355157,
              12.990075651113356
            ],
            [
              80.26974917801124,
              12.990027467885584
            ],
            [
              80.26973443216585,
              12.99000226022656
            ],
            [
              80.26970421373798,
              12.989950603687229
            ],
            [
              80.26965015492083,
              12.98985819190246
            ],
            [
              80.26964880026138,
              12.98985250752707
            ],
            [
              80.2695868416596,
              12.989592922954142
            ],
            [
              80.26957587143335,
              12.989546963842114
            ],
            [
              80.2695647880194,
              12.989500532919545
            ],
            [
              80.26954598987376,
              12.989421762967277
            ],
            [
              80.26953189620527,
              12.989362713278371
            ],
            [
              80.2695171943773,
              12.98930111636739
            ],
            [
              80.26950293362218,
              12.989241367261558
            ],
            [
              80.26949170557943,
              12.989194325301776
            ],
            [
              80.26948274847774,
              12.989156797292276
            ],
            [
              80.26948011371901,
              12.989145757633235
            ],
            [
              80.26946592752405,
              12.989086317481574
            ],
            [
              80.26946550980743,
              12.989084570322904
            ],
            [
              80.26946228844885,
              12.98907107273385
            ],
            [
              80.2694621680746,
              12.989070569419086
            ],
            [
              80.269488094352,
              12.989062052457523
            ],
            [
              80.27003980815849,
              12.988880801292488
            ],
            [
              80.27002765934257,
              12.988864020326638
            ],
            [
              80.26955352584068,
              12.989009634185308
            ],
            [
              80.2695487090741,
              12.98901111349345
            ],
            [
              80.26944871220994,
              12.98904182270317
            ],
            [
              80.26943781205229,
              12.988992768321152
            ],
            [
              80.26943039106973,
              12.988959371840924
            ],
            [
              80.26942163519067,
              12.988919970588505
            ],
            [
              80.26941660911663,
              12.988897352920551
            ],
            [
              80.26936732394688,
              12.988675559787403
            ],
            [
              80.2693291455473,
              12.988675452996997
            ],
            [
              80.26862499302703,
              12.988788306828553
            ],
            [
              80.26739629444938,
              12.98895555364953
            ],
            [
              80.26738518678091,
              12.988957066220527
            ],
            [
              80.26737531968581,
              12.988962612314216
            ],
            [
              80.26734349507024,
              12.988980497940332
            ],
            [
              80.26733877711838,
              12.988983149315992
            ],
            [
              80.26729624009303,
              12.989007055462332
            ],
            [
              80.26717856707906,
              12.989044739303223
            ],
            [
              80.26714562316262,
              12.989055289657221
            ],
            [
              80.26693337551549,
              12.989123259030707
            ],
            [
              80.26685967323803,
              12.98914075687412
            ],
            [
              80.26681075098762,
              12.989152370749702
            ],
            [
              80.26669586634426,
              12.989179645148347
            ],
            [
              80.26665205910112,
              12.989190044064571
            ],
            [
              80.26663155595307,
              12.9891949117726
            ],
            [
              80.26655275573634,
              12.98921362019175
            ],
            [
              80.26630596337498,
              12.989272209492873
            ],
            [
              80.26585210215408,
              12.989336732636268
            ],
            [
              80.26582402530987,
              12.989340490424159
            ],
            [
              80.26579219260947,
              12.989344751526186
            ],
            [
              80.26574681870447,
              12.989351699888383
            ],
            [
              80.26557193648159,
              12.98937656098315
            ],
            [
              80.26554691660431,
              12.989380001901333
            ],
            [
              80.26523150014174,
              12.98942259277898
            ],
            [
              80.265203267889,
              12.989426403960584
            ],
            [
              80.26512559595628,
              12.989436892150056
            ],
            [
              80.26485478803407,
              12.98947021853975
            ],
            [
              80.2644891063398,
              12.989515220056608
            ],
            [
              80.26447507824832,
              12.989516946204382
            ],
            [
              80.26425620552598,
              12.98954388181089
            ],
            [
              80.2642081061324,
              12.989549417387554
            ],
            [
              80.26420130049583,
              12.989550638470611
            ],
            [
              80.26402382034512,
              12.989582478537702
            ],
            [
              80.26344275857831,
              12.989686515654906
            ],
            [
              80.2633563011221,
              12.989701538906894
            ],
            [
              80.26297276271661,
              12.9897681837329
            ],
            [
              80.26280839347751,
              12.989786864973714
            ],
            [
              80.26257035699521,
              12.98981391872017
            ],
            [
              80.26257038394465,
              12.989814161185864
            ],
            [
              80.26258484682074,
              12.989946557050702
            ],
            [
              80.26259833502473,
              12.990069551838145
            ],
            [
              80.26261638128047,
              12.990234108795086
            ],
            [
              80.26264317533045,
              12.990444189560748
            ],
            [
              80.26269859868854,
              12.990878743506707
            ],
            [
              80.26270647511696,
              12.990940489706755
            ],
            [
              80.2627277023071,
              12.991063812248145
            ],
            [
              80.26273727744973,
              12.991119435519055
            ],
            [
              80.2627422711844,
              12.991160416380026
            ],
            [
              80.26275060036372,
              12.991228780823148
            ],
            [
              80.26280178816523,
              12.991555906112469
            ],
            [
              80.2628499702038,
              12.99186387984079
            ],
            [
              80.26287056587833,
              12.991990765350396
            ],
            [
              80.26289542855044,
              12.992143936632802
            ],
            [
              80.26292297449032,
              12.992313646966645
            ],
            [
              80.26301436279911,
              12.99279249393414
            ],
            [
              80.26301440771486,
              12.99279248955757
            ],
            [
              80.26307505208138,
              12.993113678145923
            ],
            [
              80.26307728888646,
              12.993125768007504
            ],
            [
              80.26314511438534,
              12.993492394618249
            ],
            [
              80.26315373641545,
              12.993538998106786
            ],
            [
              80.26317894853221,
              12.993784420360484
            ],
            [
              80.26318729388117,
              12.993865657312103
            ],
            [
              80.26319989993958,
              12.994001471738915
            ],
            [
              80.26321112259242,
              12.994122388277441
            ],
            [
              80.26322288962433,
              12.994259764119995
            ],
            [
              80.26322449042216,
              12.994278456401977
            ],
            [
              80.26323339272663,
              12.994382390015764
            ],
            [
              80.26323484170919,
              12.994405412453295
            ],
            [
              80.2632388688566,
              12.99446940382455
            ],
            [
              80.26324004295468,
              12.994488060203006
            ],
            [
              80.26324996125372,
              12.994645694027998
            ],
            [
              80.26326326350646,
              12.994801381063816
            ],
            [
              80.26307245774686,
              12.99484586518188
            ],
            [
              80.26302415982559,
              12.994857125165565
            ],
            [
              80.26295918557942,
              12.994872273274018
            ],
            [
              80.26297875358127,
              12.995005932139104
            ],
            [
              80.26300048742124,
              12.995152001058154
            ],
            [
              80.26300812040621,
              12.995203295013107
            ],
            [
              80.26301871423834,
              12.995247500711125
            ],
            [
              80.26303835141046,
              12.99532944093164
            ],
            [
              80.2631141674238,
              12.995514586884234
            ],
            [
              80.26290413681879,
              12.995563951587286
            ],
            [
              80.26278994567483,
              12.995594289731777
            ],
            [
              80.26274453134566,
              12.995606546656193
            ],
            [
              80.26204207304798,
              12.995796132831247
            ],
            [
              80.26199680155092,
              12.995804244295012
            ],
            [
              80.26197211494858,
              12.995808668093126
            ],
            [
              80.2619234909389,
              12.995817380016584
            ],
            [
              80.26190318182694,
              12.995821018664724
            ],
            [
              80.26185486234614,
              12.995829676318785
            ],
            [
              80.26183362527448,
              12.995843816890476
            ],
            [
              80.26184090611987,
              12.995891401155644
            ],
            [
              80.26189247121381,
              12.99622840687036
            ],
            [
              80.26187771997854,
              12.996266643683263
            ],
            [
              80.2618790638582,
              12.996275333708017
            ],
            [
              80.26188332097435,
              12.996302864663841
            ],
            [
              80.26192492914168,
              12.99629668851479
            ],
            [
              80.26192823943347,
              12.996296196593637
            ],
            [
              80.26224758961867,
              12.996248788342287
            ],
            [
              80.2628134420094,
              12.996164785331242
            ],
            [
              80.26311524450385,
              12.996136648648932
            ],
            [
              80.26318408330235,
              12.996130230036195
            ],
            [
              80.26321453259725,
              12.996127391421535
            ],
            [
              80.26334817765702,
              12.996114931452011
            ],
            [
              80.26339911482857,
              12.99613758785136
            ],
            [
              80.26352371115846,
              12.997235864045097
            ],
            [
              80.26352891240398,
              12.997281705318933
            ],
            [
              80.26357560862907,
              12.997693304820015
            ],
            [
              80.26360252754485,
              12.998526223695425
            ],
            [
              80.2635985992121,
              12.998569396827065
            ],
            [
              80.26359674868266,
              12.998589736967837
            ],
            [
              80.26355182034202,
              12.999083478975548
            ],
            [
              80.2635632801501,
              12.999591199305316
            ],
            [
              80.26362291660688,
              12.999584256481432
            ],
            [
              80.26362384905812,
              12.99958414794508
            ],
            [
              80.26374480002463,
              12.999570066231117
            ],
            [
              80.2637498593363,
              12.999569477158905
            ],
            [
              80.2640832807321,
              12.999501827501188
            ],
            [
              80.26430810209828,
              12.999456873309635
            ],
            [
              80.26430988166082,
              12.999456517940486
            ],
            [
              80.2643808925857,
              12.99962618038614
            ],
            [
              80.26446934160693,
              12.999837508373572
            ],
            [
              80.26446974315385,
              12.999838466818396
            ],
            [
              80.26443128447988,
              12.999849243414408
            ],
            [
              80.26394755786909,
              12.999984791104753
            ],
            [
              80.26343426680396,
              13.000128622475875
            ],
            [
              80.26327963709915,
              13.000171914368334
            ],
            [
              80.26328009613827,
              13.000173194043633
            ],
            [
              80.26338630664925,
              13.000469098213674
            ],
            [
              80.26348291686479,
              13.000738254078303
            ],
            [
              80.26349117956877,
              13.000869840602874
            ],
            [
              80.26351094789493,
              13.001184665029474
            ],
            [
              80.2635169710989,
              13.001277909372595
            ],
            [
              80.263524829561,
              13.001399554106163
            ],
            [
              80.26352489603632,
              13.001399782555993
            ],
            [
              80.26369020221827,
              13.00196602318242
            ],
            [
              80.26371861772735,
              13.00206905115919
            ],
            [
              80.26375977134715,
              13.00221827131934
            ],
            [
              80.26375990339949,
              13.002218750099532
            ],
            [
              80.26369098914246,
              13.0022373314964
            ],
            [
              80.2636090538054,
              13.002259423654241
            ],
            [
              80.26352112490878,
              13.002279842268113
            ],
            [
              80.26357284181798,
              13.002534357067898
            ],
            [
              80.26359478137218,
              13.002642326652069
            ],
            [
              80.26368408648783,
              13.002635589604884
            ],
            [
              80.26372886840306,
              13.00263221101547
            ],
            [
              80.26409259985485,
              13.002601768697394
            ],
            [
              80.26409300589337,
              13.002601734561392
            ],
            [
              80.26417284546086,
              13.002907017975591
            ],
            [
              80.26417933039892,
              13.002931815567925
            ],
            [
              80.2641797472172,
              13.002933406829113
            ],
            [
              80.26410529843972,
              13.002940849344816
            ],
            [
              80.26367664843727,
              13.002983375751056
            ],
            [
              80.263676413977,
              13.002983398508368
            ],
            [
              80.26367683798179,
              13.002986988035692
            ],
            [
              80.26368040698843,
              13.003017256125629
            ],
            [
              80.26373727932906,
              13.003499552926682
            ],
            [
              80.26397745470005,
              13.003586861133984
            ],
            [
              80.26397825150572,
              13.003587151726558
            ],
            [
              80.26400635350275,
              13.003627894203989
            ],
            [
              80.26405007001604,
              13.003691273128346
            ],
            [
              80.26417416418771,
              13.003871183057887
            ],
            [
              80.26430632433231,
              13.003848466970378
            ],
            [
              80.26449583651792,
              13.003815894374739
            ],
            [
              80.26475425397739,
              13.003688771582384
            ],
            [
              80.26516981193286,
              13.003484347576348
            ],
            [
              80.26546018156864,
              13.003341051195669
            ],
            [
              80.26546023995917,
              13.003341022311435
            ],
            [
              80.26560636531319,
              13.003268909754018
            ],
            [
              80.26590393853924,
              13.003118587372276
            ],
            [
              80.26597680807845,
              13.003081776571928
            ],
            [
              80.26597683143467,
              13.003081765193278
            ],
            [
              80.26630270698207,
              13.00292081678438
            ],
            [
              80.26651086549802,
              13.002818008856918
            ],
            [
              80.26657179642712,
              13.002788007703607
            ],
            [
              80.26713708826911,
              13.002508869713084
            ],
            [
              80.26718910162236,
              13.002483162659674
            ],
            [
              80.26787693175396,
              13.002143213105082
            ],
            [
              80.26787782378103,
              13.002142771086694
            ],
            [
              80.26810558084154,
              13.002508894220988
            ],
            [
              80.26819892568103,
              13.002658945634687
            ],
            [
              80.26833890835513,
              13.00288396656705
            ],
            [
              80.26841668539072,
              13.00300644203014
            ],
            [
              80.26851504642278,
              13.003161331692832
            ],
            [
              80.2685571199174,
              13.003231038136475
            ],
            [
              80.26864647174547,
              13.003379075970368
            ],
            [
              80.26864651755955,
              13.003379150369113
            ],
            [
              80.26870082700667,
              13.00346961312533
            ],
            [
              80.26874445997666,
              13.003539971565251
            ],
            [
              80.2688360674744,
              13.003687687112306
            ],
            [
              80.26893491090172,
              13.003847071777308
            ],
            [
              80.26894835508827,
              13.003868228995046
            ],
            [
              80.2691605380567,
              13.004202148155573
            ],
            [
              80.26924388913864,
              13.004333318837517
            ],
            [
              80.26940054544274,
              13.004579853395981
            ],
            [
              80.26943757579537,
              13.004638129223034
            ],
            [
              80.26948913639772,
              13.004719271593494
            ],
            [
              80.26958515372519,
              13.004697977905444
            ],
            [
              80.26960504332388,
              13.00469356739495
            ],
            [
              80.26960814879982,
              13.004692649231496
            ],
            [
              80.26969592138961,
              13.004666690325152
            ],
            [
              80.27005871050868,
              13.00455939383346
            ],
            [
              80.27038086253924,
              13.004464115707343
            ],
            [
              80.27060083390118,
              13.004399057325779
            ],
            [
              80.27081429068069,
              13.004335926285403
            ],
            [
              80.27099455560874,
              13.004282611454173
            ],
            [
              80.27141920900647,
              13.004157016259077
            ],
            [
              80.27176852519294,
              13.004053701183102
            ],
            [
              80.27193266715827,
              13.004591996966127
            ],
            [
              80.27208284121924,
              13.005084485017573
            ],
            [
              80.27209260410977,
              13.005116501648006
            ],
            [
              80.27211168791968,
              13.005179082818145
            ],
            [
              80.2721118837524,
              13.005179028551192
            ],
            [
              80.27212564055266,
              13.005175192228473
            ],
            [
              80.27232885204633,
              13.00511853053189
            ],
            [
              80.27250069706524,
              13.005070613681426
            ],
            [
              80.27271322947828,
              13.005011351522368
            ],
            [
              80.27280102991587,
              13.004986869236474
            ],
            [
              80.27292814691847,
              13.004951424140861
            ],
            [
              80.2730991654873,
              13.004903737455217
            ],
            [
              80.27313527327017,
              13.004893669175628
            ],
            [
              80.27316783719921,
              13.004884589080294
            ],
            [
              80.2731802923406,
              13.004881115991884
            ],
            [
              80.27331722523432,
              13.004842933022717
            ],
            [
              80.27331790525899,
              13.004842743963472
            ],
            [
              80.2733344091074,
              13.004869682283363
            ],
            [
              80.27338062383551,
              13.004945116915922
            ],
            [
              80.27340300985237,
              13.004981655229614
            ],
            [
              80.273444171557,
              13.005048842124054
            ],
            [
              80.27346835959436,
              13.00505257604169
            ],
            [
              80.273481781323,
              13.005054647814514
            ],
            [
              80.27352434619613,
              13.005061220244574
            ],
            [
              80.27365099697307,
              13.005080775608096
            ],
            [
              80.2736768415038,
              13.005113220247718
            ],
            [
              80.2737385836116,
              13.00519072920373
            ],
            [
              80.27375063181617,
              13.005205854799645
            ],
            [
              80.27375546475243,
              13.00521192044255
            ],
            [
              80.27375795578071,
              13.005215046918172
            ],
            [
              80.27381089709365,
              13.00521047799243
            ],
            [
              80.27381164449196,
              13.005210413222189
            ],
            [
              80.27380092938725,
              13.005239914301685
            ],
            [
              80.27379834134092,
              13.005247039899386
            ],
            [
              80.27379328652081,
              13.005260956739884
            ],
            [
              80.27378213124163,
              13.005291670941507
            ],
            [
              80.27378249056774,
              13.005291902013537
            ],
            [
              80.27379037687761,
              13.005296959340052
            ],
            [
              80.27379998795283,
              13.00530312388653
            ],
            [
              80.27381600311773,
              13.005313395212807
            ],
            [
              80.2738286900245,
              13.005321532623679
            ],
            [
              80.27384618651126,
              13.005332753620086
            ],
            [
              80.27386660970924,
              13.005345853826388
            ],
            [
              80.27387953916113,
              13.005354146159457
            ],
            [
              80.27389734377007,
              13.005385162318591
            ],
            [
              80.27391904796563,
              13.005422971462956
            ],
            [
              80.27395792615282,
              13.005490696530275
            ],
            [
              80.27397355504215,
              13.005517921869055
            ],
            [
              80.2740124673653,
              13.005585707304196
            ],
            [
              80.27401619627204,
              13.00559220444681
            ],
            [
              80.2740446054929,
              13.005641694059683
            ],
            [
              80.27405271548332,
              13.005668241046491
            ],
            [
              80.27406268768127,
              13.00570088954752
            ],
            [
              80.27407831118067,
              13.005752036027124
            ],
            [
              80.27409267524207,
              13.005799061720072
            ],
            [
              80.27411107633237,
              13.005859303994304
            ],
            [
              80.27412065057668,
              13.005890647441522
            ],
            [
              80.27414170888353,
              13.005959591632946
            ],
            [
              80.27414533448405,
              13.00597145942535
            ],
            [
              80.27416981537215,
              13.006051606177502
            ],
            [
              80.27417184646302,
              13.00605825823074
            ],
            [
              80.27419521523682,
              13.006134763832202
            ],
            [
              80.27419826771215,
              13.006144756788215
            ],
            [
              80.27422114870076,
              13.006219661494946
            ],
            [
              80.27422523783194,
              13.0062330513686
            ],
            [
              80.27424306489874,
              13.006291415209489
            ],
            [
              80.27424839460332,
              13.00630886457818
            ],
            [
              80.27426694750888,
              13.006369599505065
            ],
            [
              80.27426749098962,
              13.006371329036709
            ],
            [
              80.27427050304078,
              13.006380912357304
            ],
            [
              80.27428367863104,
              13.006422830737248
            ],
            [
              80.27428795101855,
              13.006436425412861
            ],
            [
              80.27428879273997,
              13.006439104610678
            ],
            [
              80.27429283695535,
              13.006451971937071
            ],
            [
              80.27430316758115,
              13.006484840027372
            ],
            [
              80.27432508377913,
              13.006554569169412
            ],
            [
              80.27433985657396,
              13.006601571077969
            ],
            [
              80.27436085379541,
              13.006668377667369
            ],
            [
              80.27436506419916,
              13.006681775394217
            ],
            [
              80.27438482983035,
              13.006744661637883
            ],
            [
              80.2743995092004,
              13.006791364168931
            ],
            [
              80.27442009768839,
              13.006856870935197
            ],
            [
              80.2745860461658,
              13.007384860511578
            ],
            [
              80.2745955153072,
              13.007394853417226
            ],
            [
              80.2745996125232,
              13.007399177228445
            ],
            [
              80.2746104021881,
              13.00741056268075
            ],
            [
              80.27463469263338,
              13.00743619395074
            ],
            [
              80.27463509867188,
              13.007435652161519
            ],
            [
              80.27463750256358,
              13.007432452191612
            ],
            [
              80.2746383838109,
              13.007431279336119
            ],
            [
              80.27463921654913,
              13.00743017212547
            ],
            [
              80.2746397133175,
              13.007429509549635
            ],
            [
              80.27463521814782,
              13.007414132012926
            ],
            [
              80.27463194378859,
              13.007402925990188
            ],
            [
              80.27462983813757,
              13.007395724306328
            ],
            [
              80.27461233356597,
              13.00733583688784
            ],
            [
              80.27460611452923,
              13.00731456180498
            ],
            [
              80.27457758493415,
              13.007216958279919
            ],
            [
              80.27457191476806,
              13.007197559757461
            ],
            [
              80.27453391423491,
              13.007067551193547
            ],
            [
              80.27453352167115,
              13.007066208534589
            ],
            [
              80.27450095055555,
              13.006954778319614
            ],
            [
              80.27449192158862,
              13.00692388751993
            ],
            [
              80.27446389325345,
              13.006827997614781
            ],
            [
              80.27445783321853,
              13.006807265154205
            ],
            [
              80.27442872600672,
              13.006707682448894
            ],
            [
              80.27441898826905,
              13.006674375003588
            ],
            [
              80.27440752037614,
              13.006635133236076
            ],
            [
              80.2744017127678,
              13.00661526377381
            ],
            [
              80.27438855155059,
              13.006570236473253
            ],
            [
              80.27438412734782,
              13.006555097831518
            ],
            [
              80.27437360717751,
              13.006524729517364
            ],
            [
              80.27415852085409,
              13.005903814138923
            ],
            [
              80.27415485662605,
              13.00589323561708
            ],
            [
              80.27415185984626,
              13.005884580939929
            ],
            [
              80.27415272492387,
              13.005877828225916
            ],
            [
              80.2741581211038,
              13.005835714568438
            ],
            [
              80.27418069307194,
              13.005659538221545
            ],
            [
              80.27426428400408,
              13.005439672534902
            ]
          ]
        ]
      },
      "properties": {
        "pincode": "600029",
        "name": "Besant Nagar",
        "risk_score": 50,
        "risk_level": "MEDIUM",
        "source": "datameet:600090"
      }
    },
    {
      "type": "Feature",
      "geometry": {
        "type": "Polygon",
        "coordinates": [
          [
            [
              80.29813948484319,
              13.128789482812646
            ],
            [
              80.29743263288547,
              13.126244076591478
            ],
            [
              80.29713041267445,
              13.12608296349108
            ],
            [
              80.29661470154794,
              13.12645173388444
            ],
            [
              80.29658448132344,
              13.12647334251562
            ],
            [
              80.29658404653885,
              13.126470802845418
            ],
            [
              80.29658393424944,
              13.126470881581321
            ],
            [
              80.29658241070673,
              13.126461249555975
            ],
            [
              80.29657743134511,
              13.126432176759312
            ],
            [
              80.29655224168621,
              13.126285092780993
            ],
            [
              80.29654563817058,
              13.126246532278994
            ],
            [
              80.29652325574698,
              13.126121659619665
            ],
            [
              80.29651548711637,
              13.126078312816482
            ],
            [
              80.2965090057716,
              13.12603779787858
            ],
            [
              80.29649648774813,
              13.125959542991557
            ],
            [
              80.29648440450923,
              13.12588898584451
            ],
            [
              80.29640248174857,
              13.12541063215639
            ],
            [
              80.29624683425254,
              13.124008277976923
            ],
            [
              80.29660779170676,
              13.123942277375487
            ],
            [
              80.29670402552821,
              13.123793322346197
            ],
            [
              80.29673267549757,
              13.123748976925013
            ],
            [
              80.2967771753418,
              13.123678598488167
            ],
            [
              80.29678168578282,
              13.123673116657445
            ],
            [
              80.2967867675524,
              13.12366525172617
            ],
            [
              80.29679595641944,
              13.1236541122185
            ],
            [
              80.29697898905687,
              13.123432230932627
            ],
            [
              80.29722714056928,
              13.123131408647334
            ],
            [
              80.29727563522158,
              13.123072620993565
            ],
            [
              80.29731855942083,
              13.123016723848792
            ],
            [
              80.29735173420427,
              13.122971885743668
            ],
            [
              80.29767946836598,
              13.122528919609646
            ],
            [
              80.29798298843926,
              13.122249321158478
            ],
            [
              80.2980456513202,
              13.122191597121722
            ],
            [
              80.29811011622162,
              13.122131886267175
            ],
            [
              80.29811387746771,
              13.122128747273818
            ],
            [
              80.29811655804052,
              13.122126278422304
            ],
            [
              80.29823924545046,
              13.12202379831534
            ],
            [
              80.29889020782447,
              13.121480053492741
            ],
            [
              80.29916465931342,
              13.121102326671048
            ],
            [
              80.299155341089,
              13.12094488374955
            ],
            [
              80.29829193703173,
              13.11898604979121
            ],
            [
              80.29807919351461,
              13.11826201682677
            ],
            [
              80.29757012363297,
              13.117024250140116
            ],
            [
              80.29747501719723,
              13.116774381653219
            ],
            [
              80.29744090547095,
              13.116684761774414
            ],
            [
              80.29740148829457,
              13.116584868164628
            ],
            [
              80.29733195150506,
              13.116400766532673
            ],
            [
              80.2972753477607,
              13.116250906682382
            ],
            [
              80.29722074815773,
              13.116106352014539
            ],
            [
              80.29720186018056,
              13.116056727053198
            ],
            [
              80.2972018458075,
              13.11605630623574
            ],
            [
              80.29720048935145,
              13.116052717476292
            ],
            [
              80.29718722842121,
              13.115681829140563
            ],
            [
              80.29718364953312,
              13.115576907175884
            ],
            [
              80.29718059346455,
              13.115487334979216
            ],
            [
              80.29716714748135,
              13.115093184380479
            ],
            [
              80.29716306733334,
              13.114957269389743
            ],
            [
              80.29715667941333,
              13.114776205889623
            ],
            [
              80.29715739716725,
              13.114768350297435
            ],
            [
              80.29715718516483,
              13.114761288225715
            ],
            [
              80.29717490353552,
              13.11456369799069
            ],
            [
              80.2971882084832,
              13.114423795850879
            ],
            [
              80.29720468448383,
              13.114250554321265
            ],
            [
              80.29721714052356,
              13.114114162051251
            ],
            [
              80.29726979078234,
              13.114080762350815
            ],
            [
              80.29754955041635,
              13.113902252878596
            ],
            [
              80.2976387683954,
              13.113845323905295
            ],
            [
              80.29768030739244,
              13.113764457969058
            ],
            [
              80.29774500405925,
              13.113636998046443
            ],
            [
              80.29770661186062,
              13.113429078834827
            ],
            [
              80.29768801673424,
              13.113310879451062
            ],
            [
              80.29768421865721,
              13.113288153302886
            ],
            [
              80.2976575530663,
              13.113223485781276
            ],
            [
              80.29756469780867,
              13.113223232937916
            ],
            [
              80.29751110521713,
              13.11322308683121
            ],
            [
              80.29751130733807,
              13.113216274058885
            ],
            [
              80.29751122289642,
              13.113216274933793
            ],
            [
              80.29751207719426,
              13.11319034142793
            ],
            [
              80.29751556535251,
              13.113072840092485
            ],
            [
              80.29751750661184,
              13.113007465602118
            ],
            [
              80.29753019082366,
              13.112580224336465
            ],
            [
              80.29753201260704,
              13.112518861974445
            ],
            [
              80.29753379576287,
              13.112449472451793
            ],
            [
              80.29753904821234,
              13.112273004672812
            ],
            [
              80.29754816880744,
              13.111966582529632
            ],
            [
              80.29754760466543,
              13.111960104807318
            ],
            [
              80.29753031568949,
              13.111761818529642
            ],
            [
              80.29750378394755,
              13.11145752524845
            ],
            [
              80.29746449253533,
              13.111006869011462
            ],
            [
              80.29745946646133,
              13.110949234199824
            ],
            [
              80.297417758581,
              13.110769804685638
            ],
            [
              80.29737143066517,
              13.110576304025951
            ],
            [
              80.29732704400868,
              13.110412639946926
            ],
            [
              80.29728346942917,
              13.110252665216805
            ],
            [
              80.2972412881367,
              13.110097808557075
            ],
            [
              80.29721448959515,
              13.110000687460978
            ],
            [
              80.2971472480012,
              13.109756998276488
            ],
            [
              80.2971500579314,
              13.109691986864565
            ],
            [
              80.29715544692479,
              13.109511509173725
            ],
            [
              80.29716046221901,
              13.109307187581692
            ],
            [
              80.29701609756297,
              13.108882481491227
            ],
            [
              80.29698852916522,
              13.108801377698823
            ],
            [
              80.29694438954542,
              13.108671521459991
            ],
            [
              80.29692109084019,
              13.108603256857355
            ],
            [
              80.2968449729929,
              13.108379856274288
            ],
            [
              80.29677500141882,
              13.108177090204581
            ],
            [
              80.29669358261302,
              13.107941148285423
            ],
            [
              80.29667544203417,
              13.107888581981031
            ],
            [
              80.29660491709784,
              13.107688581097548
            ],
            [
              80.2964913197403,
              13.107366426714071
            ],
            [
              80.29646524434254,
              13.10729042053179
            ],
            [
              80.296449327094,
              13.107245160476484
            ],
            [
              80.29632781647712,
              13.106943721698999
            ],
            [
              80.29616664883366,
              13.106541363839334
            ],
            [
              80.29605727355793,
              13.106264299339326
            ],
            [
              80.29584796609673,
              13.105740183436277
            ],
            [
              80.29583399729407,
              13.105574527452594
            ],
            [
              80.2958108665738,
              13.105313564741683
            ],
            [
              80.29573087249608,
              13.104973269286898
            ],
            [
              80.29570685244371,
              13.104873960617605
            ],
            [
              80.29566685495568,
              13.10482878673499
            ],
            [
              80.29559917857712,
              13.104752350182949
            ],
            [
              80.29533084551353,
              13.104779043134304
            ],
            [
              80.29529880530228,
              13.104666929919421
            ],
            [
              80.29525707226914,
              13.104520907325977
            ],
            [
              80.29488417979809,
              13.103173280531934
            ],
            [
              80.2947150692509,
              13.102547143160908
            ],
            [
              80.29471266356256,
              13.102537119105493
            ],
            [
              80.29462708196377,
              13.102180542619696
            ],
            [
              80.29457364298412,
              13.10195788252225
            ],
            [
              80.2945231414955,
              13.101742177927395
            ],
            [
              80.29440217435932,
              13.101225484077352
            ],
            [
              80.29439765044359,
              13.101206159428303
            ],
            [
              80.29439340590386,
              13.10119970679577
            ],
            [
              80.29439305735752,
              13.101199175711303
            ],
            [
              80.29438340046822,
              13.101206691387663
            ],
            [
              80.2942639981973,
              13.10129962065112
            ],
            [
              80.29421724088674,
              13.101339250732694
            ],
            [
              80.29417922508223,
              13.10137147012869
            ],
            [
              80.29412117145701,
              13.101420673709752
            ],
            [
              80.29405918770237,
              13.101473208148104
            ],
            [
              80.29397853965114,
              13.101541561346666
            ],
            [
              80.29390085693863,
              13.101607400847257
            ],
            [
              80.29381842393488,
              13.101628108731878
            ],
            [
              80.29354715877024,
              13.101718965998728
            ],
            [
              80.29332507996062,
              13.101792749826641
            ],
            [
              80.29327213056284,
              13.101810341191236
            ],
            [
              80.29321440302607,
              13.101829521429286
            ],
            [
              80.29317716695923,
              13.101841892953273
            ],
            [
              80.29271717024496,
              13.101976329557054
            ],
            [
              80.29260223619424,
              13.102013002265148
            ],
            [
              80.29253026676692,
              13.102035966560802
            ],
            [
              80.2923584918166,
              13.102090775686074
            ],
            [
              80.2923530552125,
              13.10209251067238
            ],
            [
              80.2923445796078,
              13.102095214206262
            ],
            [
              80.29215922931691,
              13.10215435509601
            ],
            [
              80.29213879713579,
              13.102160874198166
            ],
            [
              80.2918081227881,
              13.102264756343429
            ],
            [
              80.29175887265266,
              13.102280228595314
            ],
            [
              80.29162249940937,
              13.1023230703843
            ],
            [
              80.29155815667883,
              13.102343282998836
            ],
            [
              80.29153940255067,
              13.102349069780276
            ],
            [
              80.29151356340982,
              13.102357043009476
            ],
            [
              80.29146400874549,
              13.10237233327034
            ],
            [
              80.29124781030777,
              13.102439043977872
            ],
            [
              80.29119770048456,
              13.10245450571964
            ],
            [
              80.29116999194963,
              13.102463055523483
            ],
            [
              80.29116944487564,
              13.102463224384728
            ],
            [
              80.29087911476569,
              13.102552808322491
            ],
            [
              80.2908694354185,
              13.10255579532813
            ],
            [
              80.2908432513246,
              13.10256387441698
            ],
            [
              80.29082556708991,
              13.102569331345268
            ],
            [
              80.29080143295148,
              13.102576777860492
            ],
            [
              80.2904352508956,
              13.102737445273796
            ],
            [
              80.29033520462409,
              13.102783038630557
            ],
            [
              80.29027445335804,
              13.102810723088346
            ],
            [
              80.29011292189693,
              13.102884336853123
            ],
            [
              80.29007557443897,
              13.102901356812252
            ],
            [
              80.28994794809162,
              13.102959517590104
            ],
            [
              80.28993869185092,
              13.102963643745703
            ],
            [
              80.28955662937744,
              13.103133942096068
            ],
            [
              80.28953701196829,
              13.103142685235015
            ],
            [
              80.28949858832864,
              13.10315981191734
            ],
            [
              80.28946843278284,
              13.103173253409219
            ],
            [
              80.289466267843,
              13.103174218452804
            ],
            [
              80.28943656774311,
              13.10318745696106
            ],
            [
              80.28943470643382,
              13.103188286391058
            ],
            [
              80.28943389795006,
              13.103188646860648
            ],
            [
              80.28942435784175,
              13.103192899001744
            ],
            [
              80.2894232609988,
              13.103193387210565
            ],
            [
              80.28930246544087,
              13.103246883689165
            ],
            [
              80.28929835295348,
              13.103248699160515
            ],
            [
              80.28927384331928,
              13.1032595176197
            ],
            [
              80.28926186697991,
              13.103264803921993
            ],
            [
              80.28887799080785,
              13.103434246387078
            ],
            [
              80.28877906024394,
              13.103480473935464
            ],
            [
              80.28872423606215,
              13.103506092616819
            ],
            [
              80.288505386696,
              13.10360835645866
            ],
            [
              80.28845570357258,
              13.103631571708856
            ],
            [
              80.28792906354231,
              13.103882524451501
            ],
            [
              80.2876365532212,
              13.10400015354012
            ],
            [
              80.28760461811282,
              13.104012996538604
            ],
            [
              80.28757389752674,
              13.104025349579471
            ],
            [
              80.2874132527028,
              13.104089951274654
            ],
            [
              80.2873771062924,
              13.104104487244317
            ],
            [
              80.2868697647694,
              13.104308506933444
            ],
            [
              80.28685355197516,
              13.104315025978542
            ],
            [
              80.28680446533306,
              13.104334765971558
            ],
            [
              80.28680541305569,
              13.104343932530131
            ],
            [
              80.28680452641849,
              13.104344328869864
            ],
            [
              80.28680453989325,
              13.104344467107532
            ],
            [
              80.28680220607012,
              13.10434567449997
            ],
            [
              80.28680384010565,
              13.104400185637507
            ],
            [
              80.28680437100996,
              13.104417872182236
            ],
            [
              80.28680860476989,
              13.104559065271328
            ],
            [
              80.28680897577412,
              13.104571400786334
            ],
            [
              80.28680987229275,
              13.104601315217
            ],
            [
              80.28681367935296,
              13.104728239994598
            ],
            [
              80.28675428184803,
              13.104904307221991
            ],
            [
              80.28674876349723,
              13.104920664726999
            ],
            [
              80.28674185185946,
              13.104941153602924
            ],
            [
              80.28669218041414,
              13.105088392959964
            ],
            [
              80.2866342094339,
              13.105257666185203
            ],
            [
              80.28691355584284,
              13.105107838918041
            ],
            [
              80.28721511219888,
              13.105456776627914
            ],
            [
              80.28723931460928,
              13.105484031200229
            ],
            [
              80.28771115740722,
              13.106015368331645
            ],
            [
              80.28807022390774,
              13.106414080406882
            ],
            [
              80.28815562404687,
              13.106509592201316
            ],
            [
              80.28840719544554,
              13.106790952249831
            ],
            [
              80.28868274916736,
              13.107097197982489
            ],
            [
              80.28871230913012,
              13.107448838096524
            ],
            [
              80.28871275738945,
              13.107450549422468
            ],
            [
              80.28877162488833,
              13.107675626302338
            ],
            [
              80.28882095048226,
              13.107864214001637
            ],
            [
              80.28889190391497,
              13.10813757408723
            ],
            [
              80.28889195871223,
              13.108137787564916
            ],
            [
              80.28896820861185,
              13.108431552815622
            ],
            [
              80.2889544715745,
              13.108965013977828
            ],
            [
              80.28993146310785,
              13.1089737402864
            ],
            [
              80.28993197963915,
              13.108973749910351
            ],
            [
              80.29000881703698,
              13.109415353740223
            ],
            [
              80.2897374045486,
              13.10946617865977
            ],
            [
              80.28946050604878,
              13.109518029830806
            ],
            [
              80.2890937355964,
              13.10958979991761
            ],
            [
              80.28905150579487,
              13.109598064255053
            ],
            [
              80.28888289021943,
              13.109668173752375
            ],
            [
              80.28884112305028,
              13.109685559826731
            ],
            [
              80.28856032047224,
              13.109802452098117
            ],
            [
              80.28856061601799,
              13.109803779325444
            ],
            [
              80.28864340475455,
              13.110175666913136
            ],
            [
              80.28864345506024,
              13.11017589176278
            ],
            [
              80.28883577088781,
              13.110150340268316
            ],
            [
              80.28912856417826,
              13.110111439523655
            ],
            [
              80.28937097276103,
              13.110119285640653
            ],
            [
              80.28954300642614,
              13.110125369705777
            ],
            [
              80.28983606292299,
              13.110135732913852
            ],
            [
              80.28988635510416,
              13.110137511588537
            ],
            [
              80.28995966571618,
              13.110140989321806
            ],
            [
              80.2900466810262,
              13.110145116231907
            ],
            [
              80.29004699813147,
              13.110145131105224
            ],
            [
              80.29004757934146,
              13.110146387463686
            ],
            [
              80.29005486557675,
              13.110162136563785
            ],
            [
              80.29011343573328,
              13.11028873126016
            ],
            [
              80.29018447720087,
              13.110442284198161
            ],
            [
              80.29021437762512,
              13.110738406300763
            ],
            [
              80.29022567573645,
              13.110850299774391
            ],
            [
              80.29024381541697,
              13.111029947954446
            ],
            [
              80.29024214365224,
              13.111075476782117
            ],
            [
              80.29024202597292,
              13.111078693782495
            ],
            [
              80.29029139019441,
              13.111148229799767
            ],
            [
              80.2902930763322,
              13.111150605147438
            ],
            [
              80.29034902610306,
              13.11149340651196
            ],
            [
              80.290348282298,
              13.111493515874034
            ],
            [
              80.28985742306381,
              13.111565677338078
            ],
            [
              80.28981031002044,
              13.111822727009779
            ],
            [
              80.29004859084449,
              13.112108509698036
            ],
            [
              80.29020162603966,
              13.112292052861305
            ],
            [
              80.29020162693799,
              13.11229208960684
            ],
            [
              80.29020354843438,
              13.112424528369472
            ],
            [
              80.29020525972498,
              13.112542477084906
            ],
            [
              80.29020526062328,
              13.112542554950393
            ],
            [
              80.29020758546324,
              13.11275857641274
            ],
            [
              80.2902782756896,
              13.113035793704343
            ],
            [
              80.29027831791039,
              13.113035962558325
            ],
            [
              80.29033955965659,
              13.113256717619162
            ],
            [
              80.29035612009883,
              13.113316413131338
            ],
            [
              80.29040843079449,
              13.113498089253934
            ],
            [
              80.2904084676254,
              13.113498216987809
            ],
            [
              80.29046366640468,
              13.113689919202267
            ],
            [
              80.29055731217977,
              13.11401129277916
            ],
            [
              80.29058035486511,
              13.11410003699512
            ],
            [
              80.29060608710643,
              13.114199138091758
            ],
            [
              80.29062431122861,
              13.114269324142626
            ],
            [
              80.29063477300842,
              13.11431984097404
            ],
            [
              80.29063720834114,
              13.114331605573666
            ],
            [
              80.29068100570284,
              13.114543090056793
            ],
            [
              80.2907254372751,
              13.114757637330543
            ],
            [
              80.29075076707116,
              13.114881031083712
            ],
            [
              80.29081269243527,
              13.115182691104488
            ],
            [
              80.2908258545508,
              13.115246806934461
            ],
            [
              80.29083255867779,
              13.115279468950035
            ],
            [
              80.29083158939558,
              13.115279762910767
            ],
            [
              80.29046489260502,
              13.115390897544861
            ],
            [
              80.29053341070498,
              13.11561559795937
            ],
            [
              80.29055901089397,
              13.115699549869523
            ],
            [
              80.29058896162387,
              13.115797716823206
            ],
            [
              80.2905945940607,
              13.115816290553052
            ],
            [
              80.29073664645323,
              13.116282821417396
            ],
            [
              80.29077263026855,
              13.116399563573802
            ],
            [
              80.29083134774876,
              13.11659005531935
            ],
            [
              80.2908447263583,
              13.116633588395153
            ],
            [
              80.29097755125619,
              13.117065771797236
            ],
            [
              80.2911263140639,
              13.117537477802037
            ],
            [
              80.29145236298613,
              13.117896034616647
            ],
            [
              80.29144663173466,
              13.118469708859713
            ],
            [
              80.29151705066975,
              13.11871982233732
            ],
            [
              80.29153899471552,
              13.118797764576046
            ],
            [
              80.29154842433105,
              13.118835320145637
            ],
            [
              80.29155196548992,
              13.118849420433351
            ],
            [
              80.29160643483715,
              13.119066366341867
            ],
            [
              80.29165684829091,
              13.119276001654141
            ],
            [
              80.29170171464779,
              13.11946256563713
            ],
            [
              80.2917403017808,
              13.11972803465155
            ],
            [
              80.29180547365632,
              13.120175856088967
            ],
            [
              80.29180576920207,
              13.120177891026692
            ],
            [
              80.29182619150176,
              13.120318180082403
            ],
            [
              80.29185636501383,
              13.120397812053474
            ],
            [
              80.29190951473592,
              13.120538080861786
            ],
            [
              80.29200924659709,
              13.120808316720856
            ],
            [
              80.29204710519642,
              13.120910899693587
            ],
            [
              80.29205551342747,
              13.120933606765114
            ],
            [
              80.29205554936007,
              13.12093370387489
            ],
            [
              80.29225371681345,
              13.12146888938993
            ],
            [
              80.292328111692,
              13.12176643998367
            ],
            [
              80.29238825839185,
              13.122007003643283
            ],
            [
              80.29244561043285,
              13.122464612335229
            ],
            [
              80.29244569307788,
              13.12246527722698
            ],
            [
              80.29249083431922,
              13.122677786169834
            ],
            [
              80.29251698787039,
              13.122800905617261
            ],
            [
              80.29254182359304,
              13.12291782227415
            ],
            [
              80.29255527855938,
              13.12298116446407
            ],
            [
              80.29258809042345,
              13.123140018972336
            ],
            [
              80.29270239745007,
              13.12359035377173
            ],
            [
              80.2927072708105,
              13.123609551558225
            ],
            [
              80.29279534164095,
              13.123969864967664
            ],
            [
              80.29279615641293,
              13.123974222606615
            ],
            [
              80.29280278508142,
              13.124009652369573
            ],
            [
              80.29280306176253,
              13.124011131744483
            ],
            [
              80.292821833857,
              13.124111471135405
            ],
            [
              80.29286744132398,
              13.12435525719996
            ],
            [
              80.29290936929156,
              13.124600232818683
            ],
            [
              80.29297309128624,
              13.12497037195094
            ],
            [
              80.29300073873574,
              13.125118774237585
            ],
            [
              80.2932814011766,
              13.125133922232873
            ],
            [
              80.29328153592385,
              13.125134561746838
            ],
            [
              80.2933257483072,
              13.125346211031067
            ],
            [
              80.29337039996673,
              13.12553919090607
            ],
            [
              80.29341898714551,
              13.125761974880177
            ],
            [
              80.2934848794699,
              13.126087755890367
            ],
            [
              80.2935131386721,
              13.126227472049047
            ],
            [
              80.29352367860534,
              13.126276162373289
            ],
            [
              80.2935304878352,
              13.126305544883168
            ],
            [
              80.29355402369562,
              13.126401478499812
            ],
            [
              80.29363688699239,
              13.126739237879134
            ],
            [
              80.2936373469298,
              13.126741110916665
            ],
            [
              80.29384362706851,
              13.126731570760356
            ],
            [
              80.29398618341587,
              13.126726656770511
            ],
            [
              80.2942288579,
              13.12671426550205
            ],
            [
              80.2943617717311,
              13.126942066502503
            ],
            [
              80.2944462528937,
              13.127086858003722
            ],
            [
              80.29456126689449,
              13.127279430585618
            ],
            [
              80.29497295221279,
              13.12763402678861
            ],
            [
              80.29518612422633,
              13.127817636220898
            ],
            [
              80.29518823706387,
              13.127819456759928
            ],
            [
              80.29519180247722,
              13.127832030813849
            ],
            [
              80.29560271883766,
              13.129281206998874
            ],
            [
              80.29622262645229,
              13.129283821000879
            ],
            [
              80.29714831250482,
              13.129046959764858
            ],
            [
              80.29794360090729,
              13.128840367589927
            ],
            [
              80.29813948484319,
              13.128789482812646
            ]
          ]
        ]
      },
      "properties": {
        "pincode": "600058",
        "name": "Royapuram",
        "risk_score": 50,
        "risk_level": "MEDIUM",
        "source": "datameet:600013"
      }
    },
    {
      "type": "Feature",
      "geometry": {
        "type": "Polygon",
        "coordinates": [
          [
            [
              80.23765760469784,
              12.97603726513839
            ],
            [
              80.23766378061542,
              12.97602758610624
            ],
            [
              80.23795108340286,
              12.975577329928681
            ],
            [
              80.23810861646265,
              12.975330444441514
            ],
            [
              80.23868162573127,
              12.975255566308585
            ],
            [
              80.23914862750813,
              12.975385640548016
            ],
            [
              80.23959689941132,
              12.975578341865166
            ],
            [
              80.23972345676347,
              12.975876700126582
            ],
            [
              80.2396564136972,
              12.97663645488377
            ],
            [
              80.23996820815252,
              12.976694749523078
            ],
            [
              80.24065142453681,
              12.9766393287361
            ],
            [
              80.24072014924933,
              12.976642942279284
            ],
            [
              80.24100839257285,
              12.976658097625878
            ],
            [
              80.24142216916913,
              12.976679854164718
            ],
            [
              80.24201713146664,
              12.976767714531796
            ],
            [
              80.24233641158321,
              12.976702135925795
            ],
            [
              80.24260288603247,
              12.97667372567339
            ],
            [
              80.24291507574654,
              12.976693772606117
            ],
            [
              80.24312742041171,
              12.976694546436406
            ],
            [
              80.24352750937803,
              12.976696003933515
            ],
            [
              80.24375549640725,
              12.97668069627419
            ],
            [
              80.24399676053636,
              12.975678986630736
            ],
            [
              80.24407184352444,
              12.975302072549043
            ],
            [
              80.24408685976272,
              12.97522669369087
            ],
            [
              80.24409058058461,
              12.975225840196526
            ],
            [
              80.24443744886192,
              12.975146304139981
            ],
            [
              80.24447251010743,
              12.975137911005046
            ],
            [
              80.2447739137499,
              12.975065762247063
            ],
            [
              80.24490588345165,
              12.975034172429398
            ],
            [
              80.24516625295021,
              12.974973449097478
            ],
            [
              80.24516636344303,
              12.97497342283607
            ],
            [
              80.24529036149495,
              12.974944504665839
            ],
            [
              80.24529042707196,
              12.974944489784393
            ],
            [
              80.24561826633658,
              12.974868529565466
            ],
            [
              80.24566293236913,
              12.97485818082202
            ],
            [
              80.24577972503415,
              12.97483112019521
            ],
            [
              80.24577978162804,
              12.974831106189116
            ],
            [
              80.24621717313649,
              12.974729467523463
            ],
            [
              80.24656750262257,
              12.974649013909003
            ],
            [
              80.24693123137942,
              12.9745624623635
            ],
            [
              80.24751900356141,
              12.974422595674584
            ],
            [
              80.24754233640259,
              12.974417045754905
            ],
            [
              80.2480554082788,
              12.974295048159531
            ],
            [
              80.24824959529715,
              12.974248874376006
            ],
            [
              80.2482496339247,
              12.97424886562219
            ],
            [
              80.2487946795368,
              12.974126827676685
            ],
            [
              80.24898351708765,
              12.974084546689397
            ],
            [
              80.2489837793957,
              12.974084488914139
            ],
            [
              80.24952339289528,
              12.973966119619188
            ],
            [
              80.24964499064879,
              12.973939445814734
            ],
            [
              80.24968818074935,
              12.973929971540626
            ],
            [
              80.25013993991247,
              12.973832628014613
            ],
            [
              80.25030359499091,
              12.973805726596051
            ],
            [
              80.25030341712448,
              12.973805018410554
            ],
            [
              80.25032315580624,
              12.973801825010375
            ],
            [
              80.25035670967873,
              12.97379639675517
            ],
            [
              80.25048402161573,
              12.973775800723137
            ],
            [
              80.25048660786544,
              12.973775382289656
            ],
            [
              80.25048677495207,
              12.9737758086016
            ],
            [
              80.25048679022342,
              12.973775844492366
            ],
            [
              80.25049515892862,
              12.973797169719113
            ],
            [
              80.25055108354665,
              12.973939672539048
            ],
            [
              80.25076753710593,
              12.974484801161791
            ],
            [
              80.2508687395092,
              12.97507027832925
            ],
            [
              80.25088227173065,
              12.975148567870285
            ],
            [
              80.25090373966928,
              12.975272763122776
            ],
            [
              80.25090958500687,
              12.97527103687606
            ],
            [
              80.25103242423205,
              12.975238587462501
            ],
            [
              80.25149181817677,
              12.975117331716344
            ],
            [
              80.2515244665475,
              12.97510871185722
            ],
            [
              80.25161733527985,
              12.975084189857686
            ],
            [
              80.25173870306463,
              12.975052143094322
            ],
            [
              80.2517707154281,
              12.975043616898528
            ],
            [
              80.25195797463898,
              12.974994123814474
            ],
            [
              80.25200507600427,
              12.974981674165022
            ],
            [
              80.25209185056575,
              12.97495873921646
            ],
            [
              80.25213224061757,
              12.97494806308473
            ],
            [
              80.25218064543833,
              12.974934822965
            ],
            [
              80.25223129694562,
              12.974920967452494
            ],
            [
              80.25267933888011,
              12.974798413362453
            ],
            [
              80.25274987998613,
              12.974779118228671
            ],
            [
              80.2527939073165,
              12.974767074744971
            ],
            [
              80.25280371871604,
              12.974764390828597
            ],
            [
              80.25280636335621,
              12.974763667764337
            ],
            [
              80.25282603735927,
              12.974758286800682
            ],
            [
              80.25283102570403,
              12.97475610272643
            ],
            [
              80.25284222410238,
              12.974749855135949
            ],
            [
              80.2528508955398,
              12.974745017783299
            ],
            [
              80.25299066800811,
              12.974667033623094
            ],
            [
              80.25299089168861,
              12.97465589090085
            ],
            [
              80.25299233887455,
              12.974584011620363
            ],
            [
              80.2529950266339,
              12.97445052122286
            ],
            [
              80.2529965393968,
              12.974375418727202
            ],
            [
              80.25292866359224,
              12.974231680992538
            ],
            [
              80.25294384242561,
              12.974049904286758
            ],
            [
              80.2529006190874,
              12.973820111777869
            ],
            [
              80.25288976115058,
              12.97376275662701
            ],
            [
              80.2528525870675,
              12.973566381664359
            ],
            [
              80.25283939530755,
              12.973485651927398
            ],
            [
              80.25281425685264,
              12.973331818733245
            ],
            [
              80.25280152143687,
              12.973256796435274
            ],
            [
              80.25276365385434,
              12.973033728788396
            ],
            [
              80.25271836618761,
              12.97276694234421
            ],
            [
              80.25266535660272,
              12.972546691257389
            ],
            [
              80.25266112463939,
              12.972524764531633
            ],
            [
              80.25264788706536,
              12.972456175220827
            ],
            [
              80.25264133385538,
              12.972422218896108
            ],
            [
              80.25260492783187,
              12.972300408530817
            ],
            [
              80.25260268923017,
              12.972292919576853
            ],
            [
              80.25258791194376,
              12.972231254532042
            ],
            [
              80.25255450090337,
              12.97209182160084
            ],
            [
              80.25255852625416,
              12.972006787091917
            ],
            [
              80.25256364934624,
              12.971898531945905
            ],
            [
              80.25256491686912,
              12.971871752872815
            ],
            [
              80.25254590582274,
              12.971848668821057
            ],
            [
              80.25252962116326,
              12.971828894619675
            ],
            [
              80.25251226840693,
              12.971807823962894
            ],
            [
              80.25250172038888,
              12.971795015243666
            ],
            [
              80.25245229059036,
              12.971650617723379
            ],
            [
              80.25241775036768,
              12.971549720965502
            ],
            [
              80.25240498710413,
              12.971512436277086
            ],
            [
              80.2523995837377,
              12.971466218207363
            ],
            [
              80.25238595898979,
              12.971349699996752
            ],
            [
              80.2523281272484,
              12.971110296676436
            ],
            [
              80.25223008511828,
              12.970600373427807
            ],
            [
              80.25220780150937,
              12.970484475467085
            ],
            [
              80.25220321920311,
              12.97046064544951
            ],
            [
              80.25215846064408,
              12.97026627516344
            ],
            [
              80.25211170872342,
              12.97006324792485
            ],
            [
              80.25201091325695,
              12.969507927846644
            ],
            [
              80.25200997272087,
              12.969485683083155
            ],
            [
              80.25200461876176,
              12.969359225534994
            ],
            [
              80.25200179895012,
              12.969292586617275
            ],
            [
              80.25200102100906,
              12.969289398411567
            ],
            [
              80.25197360352827,
              12.969177029453332
            ],
            [
              80.25189431822129,
              12.968852080722233
            ],
            [
              80.25182706764419,
              12.968505240378155
            ],
            [
              80.2517942665599,
              12.968336078423043
            ],
            [
              80.25177901136976,
              12.968257403311048
            ],
            [
              80.25177828463268,
              12.968253652207705
            ],
            [
              80.25177523575063,
              12.968118172121615
            ],
            [
              80.2517729010292,
              12.968014399103716
            ],
            [
              80.25151484828572,
              12.966942110692504
            ],
            [
              80.25149602229233,
              12.966819011668983
            ],
            [
              80.2514918837538,
              12.96679194491518
            ],
            [
              80.25143983536623,
              12.96645162000001
            ],
            [
              80.25143481827537,
              12.96641881577041
            ],
            [
              80.25142937089149,
              12.96638319796895
            ],
            [
              80.25141494394803,
              12.966288866402788
            ],
            [
              80.25139876528978,
              12.966183079177508
            ],
            [
              80.25139242767546,
              12.966141641611491
            ],
            [
              80.25138014501056,
              12.966061328786969
            ],
            [
              80.25142904929463,
              12.965987659433146
            ],
            [
              80.25143086838308,
              12.96598491852028
            ],
            [
              80.25142452358222,
              12.96596130780004
            ],
            [
              80.25141089973263,
              12.965910603965495
            ],
            [
              80.25140614225487,
              12.965892900516158
            ],
            [
              80.25140414799495,
              12.965885477025171
            ],
            [
              80.2514035452254,
              12.965883231594201
            ],
            [
              80.25139998789685,
              12.965869995369037
            ],
            [
              80.25136999764109,
              12.965849454707115
            ],
            [
              80.25136102436973,
              12.965843308440736
            ],
            [
              80.25132281812239,
              12.965817141504234
            ],
            [
              80.2512811183269,
              12.965568214497054
            ],
            [
              80.25119328285504,
              12.965084700776432
            ],
            [
              80.25111199520329,
              12.964613688810353
            ],
            [
              80.25111008718162,
              12.964602632304015
            ],
            [
              80.25110984104325,
              12.964601207126417
            ],
            [
              80.25109888429172,
              12.964582932812538
            ],
            [
              80.25109836416716,
              12.964582065275003
            ],
            [
              80.25109753232722,
              12.964580677740225
            ],
            [
              80.25105522706724,
              12.964510133185108
            ],
            [
              80.25105707400344,
              12.96440668256683
            ],
            [
              80.25105727792102,
              12.964395304773289
            ],
            [
              80.25105405656242,
              12.96436376262397
            ],
            [
              80.25105405207084,
              12.964363718853138
            ],
            [
              80.25105284114186,
              12.964351863079896
            ],
            [
              80.2510522096262,
              12.964345675631886
            ],
            [
              80.2510421718512,
              12.964247390783667
            ],
            [
              80.251041635557,
              12.964242147033099
            ],
            [
              80.25103921100403,
              12.964230398054998
            ],
            [
              80.25103687358768,
              12.9642190745293
            ],
            [
              80.2510323730281,
              12.964197267001815
            ],
            [
              80.25102141627656,
              12.96414418167146
            ],
            [
              80.25101384617369,
              12.964107502537919
            ],
            [
              80.25096950083966,
              12.963892652997407
            ],
            [
              80.25095453760198,
              12.963811963016973
            ],
            [
              80.25094001453877,
              12.963733650649045
            ],
            [
              80.25092283964887,
              12.963641035651795
            ],
            [
              80.2509224479834,
              12.963638925890603
            ],
            [
              80.25092339031612,
              12.963611899060215
            ],
            [
              80.2509238870845,
              12.96359764897822
            ],
            [
              80.25092452578664,
              12.96357935007887
            ],
            [
              80.25092500189375,
              12.963565680398373
            ],
            [
              80.25092511687811,
              12.963562376563829
            ],
            [
              80.25090040512295,
              12.963465661034698
            ],
            [
              80.25089208402848,
              12.963433093650423
            ],
            [
              80.25089139322404,
              12.963420310762691
            ],
            [
              80.25089011761632,
              12.963396736566786
            ],
            [
              80.25088848627576,
              12.963366581832528
            ],
            [
              80.25088561256518,
              12.963313456055618
            ],
            [
              80.25086106789666,
              12.963232352688669
            ],
            [
              80.25085936918248,
              12.96322673773821
            ],
            [
              80.25081749601213,
              12.963088376529399
            ],
            [
              80.25080807448143,
              12.963047656293892
            ],
            [
              80.25077872382616,
              12.962920798032366
            ],
            [
              80.25076576742482,
              12.962782481300023
            ],
            [
              80.25076572340735,
              12.962782003319282
            ],
            [
              80.25070284493073,
              12.96251866030389
            ],
            [
              80.25069872525684,
              12.962427738799711
            ],
            [
              80.25067279269122,
              12.962305897278812
            ],
            [
              80.25065185026699,
              12.962207500446228
            ],
            [
              80.25062535715264,
              12.962083024663523
            ],
            [
              80.25058111871817,
              12.961867583338561
            ],
            [
              80.25047874042016,
              12.961373558174017
            ],
            [
              80.25047618920478,
              12.961361249662291
            ],
            [
              80.25046305224205,
              12.961297857315559
            ],
            [
              80.25046176046467,
              12.961289115293201
            ],
            [
              80.25044922806815,
              12.961204353727894
            ],
            [
              80.2504457282318,
              12.961180682149598
            ],
            [
              80.25039228116732,
              12.960819178175502
            ],
            [
              80.2504127268232,
              12.960752246328354
            ],
            [
              80.25040844006269,
              12.960718319921916
            ],
            [
              80.2504052564333,
              12.960693128551036
            ],
            [
              80.25040486476783,
              12.960690026027269
            ],
            [
              80.25036813624914,
              12.960716267038876
            ],
            [
              80.25035817393263,
              12.96072338428359
            ],
            [
              80.2502880200005,
              12.960364326475398
            ],
            [
              80.25019609899074,
              12.959861662182623
            ],
            [
              80.25019570552864,
              12.959859756365251
            ],
            [
              80.25013670867237,
              12.959574405353516
            ],
            [
              80.25006006980223,
              12.959263175282755
            ],
            [
              80.25004683941471,
              12.959038254050121
            ],
            [
              80.24997304281412,
              12.958586990140477
            ],
            [
              80.24997090392543,
              12.958573912856929
            ],
            [
              80.2499628145963,
              12.958555266915095
            ],
            [
              80.24994455004995,
              12.958513165372997
            ],
            [
              80.249931606225,
              12.958483326955642
            ],
            [
              80.2499314157822,
              12.958482889236778
            ],
            [
              80.24992701493562,
              12.958429196884799
            ],
            [
              80.24992363188025,
              12.95838791035423
            ],
            [
              80.24992144538085,
              12.958361230502689
            ],
            [
              80.24991749189529,
              12.958312988603504
            ],
            [
              80.24990082275687,
              12.95810959093295
            ],
            [
              80.24988077505468,
              12.958047660617284
            ],
            [
              80.2498743574903,
              12.958027835419255
            ],
            [
              80.24986554861061,
              12.95800062588834
            ],
            [
              80.24984036164666,
              12.957922819447317
            ],
            [
              80.24983725706903,
              12.957913232507108
            ],
            [
              80.24983839253956,
              12.957910526522928
            ],
            [
              80.24986133910518,
              12.957855887696985
            ],
            [
              80.24985962871287,
              12.95785007565128
            ],
            [
              80.24985011196077,
              12.957817726392369
            ],
            [
              80.24984713674054,
              12.957807612433196
            ],
            [
              80.24984353269963,
              12.957795364150538
            ],
            [
              80.24980217336562,
              12.95765475354253
            ],
            [
              80.24979439575188,
              12.957618264298958
            ],
            [
              80.24979197030063,
              12.957606885319706
            ],
            [
              80.24976849642393,
              12.95749676009554
            ],
            [
              80.24975684168143,
              12.957464309239535
            ],
            [
              80.24975058042392,
              12.957446876576338
            ],
            [
              80.24973801389139,
              12.957411888684419
            ],
            [
              80.24973753239442,
              12.957410545757174
            ],
            [
              80.24967938983595,
              12.957410378547857
            ],
            [
              80.24965305931666,
              12.957410302384464
            ],
            [
              80.24963654738345,
              12.957410255110608
            ],
            [
              80.24965443104409,
              12.957381805886893
            ],
            [
              80.24965884626373,
              12.957374782218933
            ],
            [
              80.2496605665375,
              12.957372045588414
            ],
            [
              80.24966633821319,
              12.957372344989459
            ],
            [
              80.24967294262719,
              12.957372688162556
            ],
            [
              80.24967776029204,
              12.95737293766342
            ],
            [
              80.24968961535885,
              12.957373553974323
            ],
            [
              80.24970505650025,
              12.957374355878859
            ],
            [
              80.24971087668499,
              12.957374658781657
            ],
            [
              80.24975812267903,
              12.957377111769034
            ],
            [
              80.24975667549313,
              12.957370876873853
            ],
            [
              80.24974914401776,
              12.957338437382186
            ],
            [
              80.24967142716928,
              12.957003650726032
            ],
            [
              80.24966693469456,
              12.956874449324708
            ],
            [
              80.24966774317832,
              12.956802878316877
            ],
            [
              80.24967030966505,
              12.95657538017987
            ],
            [
              80.24967357593944,
              12.956285943202294
            ],
            [
              80.24887582255978,
              12.956287103167496
            ],
            [
              80.24885585480767,
              12.956287132932626
            ],
            [
              80.2487683238647,
              12.956284644916693
            ],
            [
              80.24781771674957,
              12.956257625166945
            ],
            [
              80.24768733437091,
              12.956253919405945
            ],
            [
              80.24678728623662,
              12.956228333632849
            ],
            [
              80.24673629247118,
              12.95622688389483
            ],
            [
              80.2465302476911,
              12.95622102541248
            ],
            [
              80.24650698132525,
              12.956220364451006
            ],
            [
              80.24567378940765,
              12.956224643629412
            ],
            [
              80.24545695855595,
              12.956225757196286
            ],
            [
              80.2446710413785,
              12.956229790374385
            ],
            [
              80.24439537536726,
              12.956231204219094
            ],
            [
              80.24430870141708,
              12.956231649820923
            ],
            [
              80.24409778058163,
              12.956232730996254
            ],
            [
              80.24376227060279,
              12.956234451246948
            ],
            [
              80.24363138696422,
              12.95623512183829
            ],
            [
              80.24350677446462,
              12.95623576091358
            ],
            [
              80.24344894272325,
              12.956230935457262
            ],
            [
              80.24328025797753,
              12.956216860917408
            ],
            [
              80.24298608756975,
              12.956192316045524
            ],
            [
              80.24281396676805,
              12.956177954357218
            ],
            [
              80.24185943491344,
              12.956098308034505
            ],
            [
              80.2413322487075,
              12.95605431861488
            ],
            [
              80.24054012956131,
              12.955988219787418
            ],
            [
              80.24023899271853,
              12.955963090970123
            ],
            [
              80.24016948018352,
              12.955959046406896
            ],
            [
              80.23915977739743,
              12.955900313563626
            ],
            [
              80.23886243324176,
              12.955883016485197
            ],
            [
              80.23775013835862,
              12.955818308697651
            ],
            [
              80.23762722457327,
              12.955811158045778
            ],
            [
              80.23723066957929,
              12.955788087386981
            ],
            [
              80.23641267176642,
              12.95574049632217
            ],
            [
              80.23636906664422,
              12.955737959275682
            ],
            [
              80.23612181075215,
              12.955723523148173
            ],
            [
              80.23609908337545,
              12.955722195969864
            ],
            [
              80.23608762895726,
              12.95572152362624
            ],
            [
              80.23608457109205,
              12.955721837911874
            ],
            [
              80.23608047567268,
              12.955722259002098
            ],
            [
              80.23607366195122,
              12.955722960235489
            ],
            [
              80.23605183109319,
              12.955725204007202
            ],
            [
              80.23602681391085,
              12.955727776071697
            ],
            [
              80.23600995792286,
              12.955729508582108
            ],
            [
              80.23596508168453,
              12.955734121314418
            ],
            [
              80.23595679652267,
              12.955734973124683
            ],
            [
              80.2357872646656,
              12.955752400655076
            ],
            [
              80.23577194389844,
              12.955753975584777
            ],
            [
              80.2356268336407,
              12.955768892331095
            ],
            [
              80.23561049059074,
              12.95577057231439
            ],
            [
              80.2355789929619,
              12.955773809718293
            ],
            [
              80.23544301946896,
              12.955787787984029
            ],
            [
              80.23544017270783,
              12.955788080383387
            ],
            [
              80.23541818554293,
              12.95579034078804
            ],
            [
              80.23524893575687,
              12.955807738549332
            ],
            [
              80.23523895547407,
              12.955808763697917
            ],
            [
              80.23507316959174,
              12.955825806026409
            ],
            [
              80.23505383605023,
              12.95582781692829
            ],
            [
              80.23504392853093,
              12.95582884732946
            ],
            [
              80.23503446028785,
              12.95582983220739
            ],
            [
              80.2347750627664,
              12.955856809106658
            ],
            [
              80.2346421147993,
              12.955870635915408
            ],
            [
              80.23448897090799,
              12.955886562920382
            ],
            [
              80.23436519473992,
              12.955899435490453
            ],
            [
              80.23413394592791,
              12.955923484888391
            ],
            [
              80.23407766827198,
              12.95592933812504
            ],
            [
              80.23376585585034,
              12.955961765544007
            ],
            [
              80.23338184043945,
              12.956001700787539
            ],
            [
              80.23305151463808,
              12.956036053303523
            ],
            [
              80.23277497456608,
              12.956064810838045
            ],
            [
              80.2325276225543,
              12.95609053407301
            ],
            [
              80.23226242550939,
              12.956118112375423
            ],
            [
              80.23217019458086,
              12.956127702886516
            ],
            [
              80.2321664665724,
              12.956128035556022
            ],
            [
              80.2321088728846,
              12.956133173548528
            ],
            [
              80.23210883246041,
              12.956133177050306
            ],
            [
              80.23207078970644,
              12.956136571154325
            ],
            [
              80.2317648837078,
              12.956163857928189
            ],
            [
              80.23174117716745,
              12.956165973005412
            ],
            [
              80.23170109883105,
              12.95616954832629
            ],
            [
              80.23148044025793,
              12.956194260410582
            ],
            [
              80.23146158012852,
              12.95619637198576
            ],
            [
              80.23136998430891,
              12.956206630458919
            ],
            [
              80.23124024332736,
              12.956221160231104
            ],
            [
              80.23121745306858,
              12.956223712155248
            ],
            [
              80.23107075818271,
              12.956240139892525
            ],
            [
              80.23105988856777,
              12.956241357637374
            ],
            [
              80.2309298816849,
              12.956255916297241
            ],
            [
              80.23092342459464,
              12.956256639415265
            ],
            [
              80.23083452461917,
              12.956266595857253
            ],
            [
              80.23080761109327,
              12.956269394656532
            ],
            [
              80.23078816166904,
              12.956271416060185
            ],
            [
              80.23066985713939,
              12.956283718695392
            ],
            [
              80.23065636534216,
              12.95628512203446
            ],
            [
              80.23065051730966,
              12.956285730469038
            ],
            [
              80.23052152731967,
              12.956299143168296
            ],
            [
              80.23051253877694,
              12.956300078143986
            ],
            [
              80.23037464827914,
              12.956314416188214
            ],
            [
              80.22981828389445,
              12.956372267360596
            ],
            [
              80.22979590775904,
              12.956374594293763
            ],
            [
              80.22967218279494,
              12.956387458084167
            ],
            [
              80.22964753482019,
              12.956390021387394
            ],
            [
              80.22962863067333,
              12.956391987637009
            ],
            [
              80.22962081712703,
              12.956392799174594
            ],
            [
              80.22958822804515,
              12.956396188022415
            ],
            [
              80.22942633096969,
              12.956413021954793
            ],
            [
              80.22941679714955,
              12.956414013834015
            ],
            [
              80.22938031207431,
              12.956417807137123
            ],
            [
              80.2293753443908,
              12.956418323649661
            ],
            [
              80.22932446111814,
              12.956423614839029
            ],
            [
              80.22932387990815,
              12.956423675244746
            ],
            [
              80.22941984692997,
              12.956636126385664
            ],
            [
              80.22946060708767,
              12.95672636015506
            ],
            [
              80.2294710958169,
              12.956749579552394
            ],
            [
              80.2299094754722,
              12.957720042145276
            ],
            [
              80.23009771654168,
              12.958136759306354
            ],
            [
              80.23009868492554,
              12.958138901505425
            ],
            [
              80.23162602033453,
              12.958209702618662
            ],
            [
              80.23186365257496,
              12.958220717387892
            ],
            [
              80.23230347402628,
              12.95824110372669
            ],
            [
              80.23245061357827,
              12.958650437454523
            ],
            [
              80.23248389615952,
              12.95874302804533
            ],
            [
              80.23249350813306,
              12.958769770011958
            ],
            [
              80.23250253530335,
              12.958794880161841
            ],
            [
              80.23250664150252,
              12.958806301983204
            ],
            [
              80.23250653190804,
              12.958807521466365
            ],
            [
              80.23249776704583,
              12.958905461789623
            ],
            [
              80.23248831676904,
              12.959011063013712
            ],
            [
              80.23247544660596,
              12.959154874322952
            ],
            [
              80.23246889698922,
              12.959228057206229
            ],
            [
              80.23246581037793,
              12.959262538841525
            ],
            [
              80.23245612653915,
              12.95937075221104
            ],
            [
              80.23243203192659,
              12.959371420167637
            ],
            [
              80.23183161685529,
              12.95938804992264
            ],
            [
              80.231597828506,
              12.959262957299444
            ],
            [
              80.23159694995363,
              12.959263768827666
            ],
            [
              80.2315206632231,
              12.959334223824357
            ],
            [
              80.2314816134577,
              12.959370289106133
            ],
            [
              80.23145279909663,
              12.959396901441089
            ],
            [
              80.2314352415244,
              12.95941311623845
            ],
            [
              80.23141305223857,
              12.959433609282607
            ],
            [
              80.23141191586973,
              12.95943465892841
            ],
            [
              80.2314339425605,
              12.95948694861799
            ],
            [
              80.23144356082224,
              12.959509780816022
            ],
            [
              80.23146024433372,
              12.959549384576496
            ],
            [
              80.2314603494366,
              12.959549635826054
            ],
            [
              80.2317041881373,
              12.959579063537149
            ],
            [
              80.2317158365916,
              12.959607876690262
            ],
            [
              80.23174292349238,
              12.95967487275174
            ],
            [
              80.23173115196889,
              12.959682853203637
            ],
            [
              80.23170842908377,
              12.959698255580173
            ],
            [
              80.23151804014246,
              12.95982732157503
            ],
            [
              80.23151792964968,
              12.95982763498003
            ],
            [
              80.23150446839514,
              12.959865766211891
            ],
            [
              80.23144676421457,
              12.960029230482961
            ],
            [
              80.23140005361638,
              12.960161549410868
            ],
            [
              80.23139992875059,
              12.96016190396076
            ],
            [
              80.23136930697918,
              12.96060200940828
            ],
            [
              80.2313695099984,
              12.960602295673977
            ],
            [
              80.23145934601841,
              12.960728974778483
            ],
            [
              80.2315053190997,
              12.96079380034833
            ],
            [
              80.23146229069593,
              12.960953598588722
            ],
            [
              80.23144610125787,
              12.96101372479819
            ],
            [
              80.23140654394432,
              12.961185857681274
            ],
            [
              80.23128919432382,
              12.961271636500092
            ],
            [
              80.23128824300792,
              12.961271513064775
            ],
            [
              80.23096865566751,
              12.961229921481124
            ],
            [
              80.23023583700818,
              12.961134553205467
            ],
            [
              80.23023598433188,
              12.961136675243866
            ],
            [
              80.23024772531265,
              12.961305537443733
            ],
            [
              80.23028276949022,
              12.961809565361188
            ],
            [
              80.23032368685307,
              12.962398060178677
            ],
            [
              80.23037770255111,
              12.963174932066677
            ],
            [
              80.23038808438086,
              12.963324239487978
            ],
            [
              80.23039469059145,
              12.96341925588115
            ],
            [
              80.23044779180454,
              12.96424739516076
            ],
            [
              80.2304598678569,
              12.964435726271176
            ],
            [
              80.23045828592367,
              12.964436849430909
            ],
            [
              80.23043308189175,
              12.964454742949265
            ],
            [
              80.23035181400296,
              12.964512441658476
            ],
            [
              80.23024293639388,
              12.964576073050571
            ],
            [
              80.23018309691787,
              12.964611045928937
            ],
            [
              80.23017052499546,
              12.964618393296755
            ],
            [
              80.23012699173849,
              12.964643835514764
            ],
            [
              80.23012711660428,
              12.96464544890657
            ],
            [
              80.2301344648233,
              12.964740147019445
            ],
            [
              80.23016453413081,
              12.965127683624774
            ],
            [
              80.23016399424331,
              12.965127767664569
            ],
            [
              80.22959833499038,
              12.965215962143114
            ],
            [
              80.2295978184591,
              12.9652169846267
            ],
            [
              80.22953943245722,
              12.965332534875671
            ],
            [
              80.22957833040732,
              12.965375234047237
            ],
            [
              80.22969554797548,
              12.965333475945314
            ],
            [
              80.22969642203627,
              12.965336258009803
            ],
            [
              80.22972220817651,
              12.965418306137542
            ],
            [
              80.22972896530409,
              12.965439807163394
            ],
            [
              80.22974386116812,
              12.965487208160267
            ],
            [
              80.22974331050084,
              12.965487291324521
            ],
            [
              80.22919768278041,
              12.965569803371274
            ],
            [
              80.22918229733456,
              12.965627053610698
            ],
            [
              80.22916659029181,
              12.965685502276509
            ],
            [
              80.22910498472793,
              12.965744193417772
            ],
            [
              80.22908047329709,
              12.965767544161253
            ],
            [
              80.22914710313833,
              12.966054023481503
            ],
            [
              80.22914739239586,
              12.96605526744066
            ],
            [
              80.229147401379,
              12.966055305083314
            ],
            [
              80.22914906236397,
              12.966054729938255
            ],
            [
              80.22915018076652,
              12.966054343006553
            ],
            [
              80.22922554313065,
              12.96602826363338
            ],
            [
              80.22930309558744,
              12.966193087747145
            ],
            [
              80.22938502194135,
              12.966219245889986
            ],
            [
              80.22939082595641,
              12.966221099134035
            ],
            [
              80.2293752922885,
              12.966267841673524
            ],
            [
              80.22934158210914,
              12.966369279826003
            ],
            [
              80.22975140072829,
              12.966367142950253
            ],
            [
              80.22987824015145,
              12.966369433022763
            ],
            [
              80.22990038721646,
              12.966370991252528
            ],
            [
              80.22992325832361,
              12.96637260113145
            ],
            [
              80.2299568481287,
              12.966372507462602
            ],
            [
              80.22995922057936,
              12.966406347308181
            ],
            [
              80.22996438768891,
              12.966461576034249
            ],
            [
              80.22996572887361,
              12.9664759126178
            ],
            [
              80.22996552046448,
              12.96654385489903
            ],
            [
              80.22994969035253,
              12.966549622971302
            ],
            [
              80.22992644644455,
              12.966558093432036
            ],
            [
              80.22990787377604,
              12.966525335613142
            ],
            [
              80.2298960815913,
              12.966504537634947
            ],
            [
              80.2298592991737,
              12.96643966015248
            ],
            [
              80.22981343029697,
              12.9665330059505
            ],
            [
              80.229806130587,
              12.966547861647712
            ],
            [
              80.22977012790702,
              12.966623182732624
            ],
            [
              80.2297696158673,
              12.96662217338595
            ],
            [
              80.22976912269222,
              12.966623176604765
            ],
            [
              80.2296918217637,
              12.966471044464928
            ],
            [
              80.22961438069801,
              12.966502616986482
            ],
            [
              80.22961422259452,
              12.966553730391931
            ],
            [
              80.2296142207979,
              12.96655429940801
            ],
            [
              80.2296091911306,
              12.96657486539861
            ],
            [
              80.22960486125093,
              12.966592567048606
            ],
            [
              80.22959445696333,
              12.966635102302513
            ],
            [
              80.22959476688209,
              12.966635446338252
            ],
            [
              80.22967225106693,
              12.966721457888484
            ],
            [
              80.22983823457858,
              12.966686542208272
            ],
            [
              80.23004300195436,
              12.96673164501983
            ],
            [
              80.23004280971489,
              12.966794100170873
            ],
            [
              80.2300427297648,
              12.966820153201558
            ],
            [
              80.23004266149286,
              12.966842317665774
            ],
            [
              80.23004265610298,
              12.966844085990566
            ],
            [
              80.2300185722702,
              12.966817946296965
            ],
            [
              80.22998869160891,
              12.966787714065873
            ],
            [
              80.22996727846747,
              12.966766050330502
            ],
            [
              80.2299618490499,
              12.966760558016965
            ],
            [
              80.22994643036635,
              12.966765244079204
            ],
            [
              80.22992809305649,
              12.966770816054796
            ],
            [
              80.22982181247689,
              12.966804935101502
            ],
            [
              80.22977829359297,
              12.966818904869177
            ],
            [
              80.22975965175416,
              12.966872535008296
            ],
            [
              80.22975047546355,
              12.966898932941538
            ],
            [
              80.22973991397073,
              12.966929315729326
            ],
            [
              80.22972021930647,
              12.96698763102728
            ],
            [
              80.22972065768431,
              12.96698825957006
            ],
            [
              80.2298270792994,
              12.967141058454027
            ],
            [
              80.22984858137406,
              12.96710845828523
            ],
            [
              80.22990550491866,
              12.967022150980956
            ],
            [
              80.22990737880434,
              12.967022182495647
            ],
            [
              80.22990834988316,
              12.967020742450014
            ],
            [
              80.23021851299792,
              12.9670263599411
            ],
            [
              80.23020768470549,
              12.967048485869014
            ],
            [
              80.23016862146537,
              12.967130585081234
            ],
            [
              80.2300885321662,
              12.967164140316394
            ],
            [
              80.23006369105364,
              12.967174548032196
            ],
            [
              80.23004161226062,
              12.967183799334789
            ],
            [
              80.23004928387313,
              12.967343976025221
            ],
            [
              80.23005078046639,
              12.967375215781535
            ],
            [
              80.2297976792368,
              12.967389052455426
            ],
            [
              80.22949451220141,
              12.96740562739955
            ],
            [
              80.22949807132659,
              12.967406978151532
            ],
            [
              80.22972841823004,
              12.967494358570082
            ],
            [
              80.22976704039739,
              12.967627010560523
            ],
            [
              80.22990534591683,
              12.967764214586676
            ],
            [
              80.22999077929364,
              12.96784896603926
            ],
            [
              80.23002380765168,
              12.967903652569682
            ],
            [
              80.23013895011155,
              12.968089259282223
            ],
            [
              80.23038615300301,
              12.968010802943231
            ],
            [
              80.23065399648475,
              12.967925795927686
            ],
            [
              80.23065404589208,
              12.967925780170416
            ],
            [
              80.23069298426637,
              12.968330482846616
            ],
            [
              80.23071077899384,
              12.968515426561071
            ],
            [
              80.23081823906139,
              12.969094072148568
            ],
            [
              80.23083648294651,
              12.969192310437078
            ],
            [
              80.23089526151216,
              12.969508814625746
            ],
            [
              80.23091575028717,
              12.969619140253965
            ],
            [
              80.22985122511591,
              12.96986013560697
            ],
            [
              80.22678436685447,
              12.970722336944311
            ],
            [
              80.22678778045255,
              12.970727593689213
            ],
            [
              80.22678908031477,
              12.97072882361869
            ],
            [
              80.22681255778473,
              12.970751046386138
            ],
            [
              80.22681764404585,
              12.970756226095716
            ],
            [
              80.22686031492017,
              12.970799680677287
            ],
            [
              80.22686346082028,
              12.970802883745334
            ],
            [
              80.2268644965778,
              12.970803939470972
            ],
            [
              80.22686689867287,
              12.970806386198255
            ],
            [
              80.22689446707064,
              12.970834460969542
            ],
            [
              80.22689869184741,
              12.970838763532367
            ],
            [
              80.2269299648974,
              12.970870611248781
            ],
            [
              80.22693189897022,
              12.970872581761002
            ],
            [
              80.22693656212485,
              12.97087732902337
            ],
            [
              80.22694829142752,
              12.970889274651263
            ],
            [
              80.22694851780295,
              12.970889504004509
            ],
            [
              80.22695185863753,
              12.970892908412061
            ],
            [
              80.22696455632406,
              12.970905837982102
            ],
            [
              80.22696834002804,
              12.970909692341936
            ],
            [
              80.22696896345882,
              12.970910327002615
            ],
            [
              80.22697847751601,
              12.970920015863252
            ],
            [
              80.22698181385897,
              12.970923412391844
            ],
            [
              80.22702447036025,
              12.970966852937883
            ],
            [
              80.2270275246322,
              12.970969964087454
            ],
            [
              80.2270303866647,
              12.970972878273379
            ],
            [
              80.22705198755402,
              12.970994876918231
            ],
            [
              80.22705460524477,
              12.970997542492078
            ],
            [
              80.22705891446319,
              12.971001931716023
            ],
            [
              80.22706016940963,
              12.9710032089154
            ],
            [
              80.22706698672432,
              12.971010152537971
            ],
            [
              80.22706751673036,
              12.97101069090508
            ],
            [
              80.22706955321107,
              12.97101276471262
            ],
            [
              80.22707045691627,
              12.971013685626733
            ],
            [
              80.22707048027245,
              12.971013710137742
            ],
            [
              80.22707597886031,
              12.971019309155427
            ],
            [
              80.22707780962686,
              12.971021172868438
            ],
            [
              80.22708548034107,
              12.971028984880958
            ],
            [
              80.2270858567352,
              12.97102936830334
            ],
            [
              80.22708801359016,
              12.971031565541221
            ],
            [
              80.22710172277974,
              12.971045526317608
            ],
            [
              80.22710197071473,
              12.971045778430954
            ],
            [
              80.22710238843135,
              12.971046202996812
            ],
            [
              80.22710242346562,
              12.971046238887947
            ],
            [
              80.22710247197467,
              12.971046287910001
            ],
            [
              80.22710257168765,
              12.971046386829476
            ],
            [
              80.22710278189344,
              12.971046603051649
            ],
            [
              80.22710304779478,
              12.971046874423635
            ],
            [
              80.22710734892836,
              12.97105125401742
            ],
            [
              80.22710753487961,
              12.971051444853206
            ],
            [
              80.22711275139646,
              12.971056756740976
            ],
            [
              80.22711292656797,
              12.971056935321233
            ],
            [
              80.22712016159926,
              12.971064303508111
            ],
            [
              80.22712032419433,
              12.971064469832877
            ],
            [
              80.2271223867262,
              12.971066569901787
            ],
            [
              80.22712698430385,
              12.971071251505954
            ],
            [
              80.22712722505233,
              12.971071437964751
            ],
            [
              80.22712793292477,
              12.971072159288957
            ],
            [
              80.22713112374066,
              12.97107541312634
            ],
            [
              80.22714470447112,
              12.971089263600696
            ],
            [
              80.22715381428642,
              12.971098554150432
            ],
            [
              80.22716751359452,
              12.971112526303179
            ],
            [
              80.22717473964263,
              12.971119884859094
            ],
            [
              80.22717693243025,
              12.97112211798731
            ],
            [
              80.22718422495373,
              12.971129543948212
            ],
            [
              80.22719467864869,
              12.971140189605102
            ],
            [
              80.22720893760722,
              12.971154711502413
            ],
            [
              80.22724957020412,
              12.971196089582184
            ],
            [
              80.22732735173133,
              12.971275301255917
            ],
            [
              80.22736826729756,
              12.971316791365892
            ],
            [
              80.22737957439207,
              12.971328257257554
            ],
            [
              80.22741977220439,
              12.971369018156807
            ],
            [
              80.22745273408711,
              12.971402442386841
            ],
            [
              80.2274552394884,
              12.971404983650604
            ],
            [
              80.22751557303786,
              12.971466164808458
            ],
            [
              80.22762413533826,
              12.97157625058662
            ],
            [
              80.22767220508744,
              12.971626496312174
            ],
            [
              80.22767810342559,
              12.97163266169431
            ],
            [
              80.22768008151583,
              12.97163472936894
            ],
            [
              80.22778699091613,
              12.971746476564775
            ],
            [
              80.22792198075386,
              12.971883248502206
            ],
            [
              80.2281646857807,
              12.972129157850436
            ],
            [
              80.22823466184639,
              12.972199566310712
            ],
            [
              80.22842402401334,
              12.972392253464228
            ],
            [
              80.22859270696244,
              12.972563897888158
            ],
            [
              80.22863893606358,
              12.972610975384951
            ],
            [
              80.2286991222893,
              12.972674306198597
            ],
            [
              80.22874997052764,
              12.972727809895007
            ],
            [
              80.22890270748213,
              12.972904631126054
            ],
            [
              80.22893006836907,
              12.972936306126773
            ],
            [
              80.22893657845992,
              12.972943841456862
            ],
            [
              80.22898429337455,
              12.972999080987032
            ],
            [
              80.22907278012502,
              12.973102485138691
            ],
            [
              80.22910062969542,
              12.97313439821922
            ],
            [
              80.22914179229839,
              12.973181566648185
            ],
            [
              80.22920433121182,
              12.973253229238333
            ],
            [
              80.22925588552597,
              12.973312306390083
            ],
            [
              80.229285714085,
              12.973345670832762
            ],
            [
              80.22930207510127,
              12.973364172103224
            ],
            [
              80.2293917970352,
              12.973465623119102
            ],
            [
              80.22940811313572,
              12.97348407273293
            ],
            [
              80.2294748795209,
              12.973561795524107
            ],
            [
              80.2294777532315,
              12.973565141244306
            ],
            [
              80.22949530092224,
              12.97358575392607
            ],
            [
              80.22953333020149,
              12.97363042392225
            ],
            [
              80.22955881450778,
              12.9736603585665
            ],
            [
              80.22962376360113,
              12.973734874770727
            ],
            [
              80.22964983091407,
              12.973764647456386
            ],
            [
              80.22965420211625,
              12.973769638895664
            ],
            [
              80.2296844924093,
              12.973804234066648
            ],
            [
              80.22972819544786,
              12.973854149322467
            ],
            [
              80.22980591229634,
              12.973942911457378
            ],
            [
              80.22986502234036,
              12.974013885777072
            ],
            [
              80.22988700591199,
              12.974040281201734
            ],
            [
              80.22991348465331,
              12.974070888090667
            ],
            [
              80.22991506119665,
              12.974072709762458
            ],
            [
              80.22994458163349,
              12.974106832184583
            ],
            [
              80.22995966614376,
              12.974121730323258
            ],
            [
              80.22996088605592,
              12.97412173382478
            ],
            [
              80.23013837968132,
              12.974328275035383
            ],
            [
              80.23022716018086,
              12.974431456287434
            ],
            [
              80.23030667635487,
              12.974523869431685
            ],
            [
              80.2303451053844,
              12.974563718535453
            ],
            [
              80.23063990191793,
              12.974869406696303
            ],
            [
              80.23083678657707,
              12.975073566254114
            ],
            [
              80.23115457728692,
              12.975395444784267
            ],
            [
              80.23118751401682,
              12.975429716714562
            ],
            [
              80.23120330100963,
              12.975446145810178
            ],
            [
              80.23128544116256,
              12.975531620333484
            ],
            [
              80.231394334043,
              12.97564493357914
            ],
            [
              80.23177088625053,
              12.97603677142637
            ],
            [
              80.2318621020828,
              12.976131689299098
            ],
            [
              80.23199155470513,
              12.976246612086348
            ],
            [
              80.23227995074225,
              12.976502638198072
            ],
            [
              80.23239549025746,
              12.9766033631239
            ],
            [
              80.23258348788349,
              12.976767254960754
            ],
            [
              80.23267763042695,
              12.976849326454717
            ],
            [
              80.23283778566908,
              12.976988944923553
            ],
            [
              80.23285258541338,
              12.976999438014793
            ],
            [
              80.23284749825392,
              12.976986689963677
            ],
            [
              80.23284066836283,
              12.97696957292696
            ],
            [
              80.23283302190312,
              12.97695040926755
            ],
            [
              80.23371311037015,
              12.97678568857293
            ],
            [
              80.23412644230035,
              12.97670832569257
            ],
            [
              80.23425039902978,
              12.976685124789702
            ],
            [
              80.23425820269462,
              12.976683663791006
            ],
            [
              80.23427838424581,
              12.976679886553542
            ],
            [
              80.23432883093722,
              12.976670444772667
            ],
            [
              80.23437229592224,
              12.976662309924471
            ],
            [
              80.23439701216898,
              12.976657683574093
            ],
            [
              80.23441066566296,
              12.976655084589344
            ],
            [
              80.2344216412791,
              12.976652996822859
            ],
            [
              80.23446472537846,
              12.97664479982254
            ],
            [
              80.23451649349165,
              12.976634949240735
            ],
            [
              80.23512229486138,
              12.976519682610883
            ],
            [
              80.23558359233618,
              12.976431909693641
            ],
            [
              80.23600867512863,
              12.976351025945585
            ],
            [
              80.23615204534966,
              12.976323745762107
            ],
            [
              80.23634520200035,
              12.976286992266704
            ],
            [
              80.23649311140854,
              12.97625884808088
            ],
            [
              80.2365018196769,
              12.976257190995696
            ],
            [
              80.23682692626642,
              12.976195329974406
            ],
            [
              80.23687763885917,
              12.976185679835789
            ],
            [
              80.23689731645545,
              12.976181935855005
            ],
            [
              80.23693399017692,
              12.976174956486446
            ],
            [
              80.23720376323992,
              12.976123624463307
            ],
            [
              80.23729477874787,
              12.976106305155358
            ],
            [
              80.23735425710112,
              12.976094987422469
            ],
            [
              80.23747554673248,
              12.976071908139572
            ],
            [
              80.23765760469784,
              12.97603726513839
            ]
          ]
        ]
      },
      "properties": {
        "pincode": "600044",
        "name": "Perungudi",
        "risk_score": 50,
        "risk_level": "MEDIUM",
        "source": "datameet:600096"
      }
    },
    {
      "type": "Feature",
      "geometry": {
        "type": "Polygon",
        "coordinates": [
          [
            [
              80.20864282680961,
              13.128701718466706
            ],
            [
              80.20874956552996,
              13.12869483263723
            ],
            [
              80.20877213839643,
              13.128696605928624
            ],
            [
              80.20957089968581,
              13.128759326370686
            ],
            [
              80.20957410756972,
              13.128759065669792
            ],
            [
              80.20983653780355,
              13.128737703943202
            ],
            [
              80.21013734316801,
              13.128713219927377
            ],
            [
              80.21048070621907,
              13.128687358043294
            ],
            [
              80.21111395201903,
              13.12863966113531
            ],
            [
              80.21127782718473,
              13.128727128934282
            ],
            [
              80.21208290273225,
              13.129156830163073
            ],
            [
              80.21255653227928,
              13.129409623749954
            ],
            [
              80.21299402439905,
              13.129688329598322
            ],
            [
              80.21332630942604,
              13.129900013452177
            ],
            [
              80.21333029704759,
              13.129904051672614
            ],
            [
              80.21368640988746,
              13.13026474864967
            ],
            [
              80.21369482710166,
              13.130272363168384
            ],
            [
              80.21459144636653,
              13.130791845303035
            ],
            [
              80.21459210662826,
              13.130791847052722
            ],
            [
              80.21538489232438,
              13.130794265951971
            ],
            [
              80.21603647902751,
              13.130796251811411
            ],
            [
              80.21772385738923,
              13.1303679619259
            ],
            [
              80.21782469777142,
              13.130342366164221
            ],
            [
              80.21808608506123,
              13.130113235075369
            ],
            [
              80.21811842530977,
              13.130084886195686
            ],
            [
              80.21812626760219,
              13.130083185525223
            ],
            [
              80.2181516054831,
              13.130077692464637
            ],
            [
              80.21859718154212,
              13.129981077915522
            ],
            [
              80.21871946920177,
              13.129984148571747
            ],
            [
              80.21886441866106,
              13.129987788742788
            ],
            [
              80.21946623240923,
              13.130002900569814
            ],
            [
              80.22036705219637,
              13.130025517568427
            ],
            [
              80.2207645737776,
              13.1300354967618
            ],
            [
              80.22111743112288,
              13.130036564929995
            ],
            [
              80.2211258321674,
              13.130036590300097
            ],
            [
              80.22113875173781,
              13.130035371661004
            ],
            [
              80.22194044063673,
              13.12995973554145
            ],
            [
              80.2220461579726,
              13.129949761594007
            ],
            [
              80.22269827288513,
              13.129888235600415
            ],
            [
              80.2228681883228,
              13.12984757606881
            ],
            [
              80.22300839557572,
              13.129814025410825
            ],
            [
              80.2235386441385,
              13.129687139826961
            ],
            [
              80.22364607456161,
              13.129661432890698
            ],
            [
              80.22411803773382,
              13.129507059116762
            ],
            [
              80.22419706073272,
              13.129481211313541
            ],
            [
              80.22424227922917,
              13.129466420518026
            ],
            [
              80.22452046860806,
              13.129369085740919
            ],
            [
              80.22466258298431,
              13.129319362851662
            ],
            [
              80.22470077306197,
              13.12877967416152
            ],
            [
              80.22472732097356,
              13.128404496460957
            ],
            [
              80.22473648558608,
              13.12827499438666
            ],
            [
              80.2247568674616,
              13.127986960287673
            ],
            [
              80.22476373508194,
              13.127889914495851
            ],
            [
              80.22476839733824,
              13.127824016418309
            ],
            [
              80.22477496581962,
              13.127731189909909
            ],
            [
              80.22480403440389,
              13.12741436856554
            ],
            [
              80.22481216595385,
              13.127325738511317
            ],
            [
              80.2248440076374,
              13.12697867687358
            ],
            [
              80.22488885063808,
              13.126489926920064
            ],
            [
              80.2249215475178,
              13.126133551381773
            ],
            [
              80.22492514886376,
              13.126098873416625
            ],
            [
              80.22494038698592,
              13.125952165422223
            ],
            [
              80.22495751516345,
              13.125787255299757
            ],
            [
              80.22497217566888,
              13.125646106767462
            ],
            [
              80.22497863186082,
              13.125583947182072
            ],
            [
              80.22497785571642,
              13.12558051165984
            ],
            [
              80.22496920314362,
              13.12554218813069
            ],
            [
              80.2249666357585,
              13.125530815124062
            ],
            [
              80.22495367576391,
              13.125473413801764
            ],
            [
              80.22494376734633,
              13.125429524479104
            ],
            [
              80.22493979679275,
              13.125411929554643
            ],
            [
              80.22492751322959,
              13.125357529805727
            ],
            [
              80.22492386606955,
              13.12534138012399
            ],
            [
              80.2249165052741,
              13.125308778060116
            ],
            [
              80.22491267934929,
              13.125291631923854
            ],
            [
              80.22491162652379,
              13.125286942740983
            ],
            [
              80.22491064197024,
              13.125282534384132
            ],
            [
              80.22490527723137,
              13.125258524191416
            ],
            [
              80.22489291192146,
              13.125203167324972
            ],
            [
              80.2248916273306,
              13.12519741345057
            ],
            [
              80.224890562827,
              13.12519264727932
            ],
            [
              80.22487604515369,
              13.125127682816164
            ],
            [
              80.22487185990278,
              13.125108950567471
            ],
            [
              80.22487003272951,
              13.125100768112237
            ],
            [
              80.22486482519581,
              13.125078131413598
            ],
            [
              80.2248637094882,
              13.125073281254599
            ],
            [
              80.22486147807305,
              13.12506321175028
            ],
            [
              80.22485892775596,
              13.125051703994808
            ],
            [
              80.22485579982214,
              13.125037596189253
            ],
            [
              80.2248501368426,
              13.125012041864949
            ],
            [
              80.22484911815306,
              13.125007446285572
            ],
            [
              80.22484650854716,
              13.124995671698676
            ],
            [
              80.22484093090755,
              13.124970511926758
            ],
            [
              80.22483284247674,
              13.124934305436609
            ],
            [
              80.22483519426615,
              13.124944628652349
            ],
            [
              80.22482522296649,
              13.124899639550089
            ],
            [
              80.22481405421256,
              13.12485184304886
            ],
            [
              80.22480850082749,
              13.124828078646674
            ],
            [
              80.22479689908559,
              13.124776549149294
            ],
            [
              80.22473439610474,
              13.124498948788911
            ],
            [
              80.22465722183868,
              13.124436385607225
            ],
            [
              80.22460055431392,
              13.124391568757533
            ],
            [
              80.2245158108433,
              13.124324547307937
            ],
            [
              80.22450077214712,
              13.12419526267095
            ],
            [
              80.22446851184863,
              13.123917946855814
            ],
            [
              80.2244395573504,
              13.123685802904824
            ],
            [
              80.2244395339942,
              13.123685613936518
            ],
            [
              80.22442447912834,
              13.123564918277031
            ],
            [
              80.22439679484793,
              13.12334602891288
            ],
            [
              80.22437238762164,
              13.123153060438398
            ],
            [
              80.22433829835326,
              13.122868333415628
            ],
            [
              80.22431431153855,
              13.122667993896986
            ],
            [
              80.22430546403132,
              13.12259329685577
            ],
            [
              80.22426863130804,
              13.122298263355221
            ],
            [
              80.2242435737015,
              13.122097547182596
            ],
            [
              80.22420335612621,
              13.12176840229483
            ],
            [
              80.22420332288856,
              13.121768127588782
            ],
            [
              80.22416741453172,
              13.121470876199593
            ],
            [
              80.22396406290082,
              13.121402214463295
            ],
            [
              80.22396037980819,
              13.121400971285256
            ],
            [
              80.22417596739153,
              13.120804170742705
            ],
            [
              80.22404869318375,
              13.120735502696137
            ],
            [
              80.22405125877222,
              13.120732068855883
            ],
            [
              80.22405165313262,
              13.12073154043816
            ],
            [
              80.22405362583298,
              13.12072889834954
            ],
            [
              80.22399931548752,
              13.120699595660401
            ],
            [
              80.22395111727928,
              13.120502082811287
            ],
            [
              80.22392468884361,
              13.120367733319538
            ],
            [
              80.22390062477379,
              13.120257911483446
            ],
            [
              80.22386691189949,
              13.120106770555816
            ],
            [
              80.22383686954143,
              13.119968224113483
            ],
            [
              80.22376657277721,
              13.119651230035696
            ],
            [
              80.22380956435006,
              13.119337744647641
            ],
            [
              80.22384323680019,
              13.119099848477727
            ],
            [
              80.22385955829058,
              13.118954862424154
            ],
            [
              80.22388612327015,
              13.118662156963019
            ],
            [
              80.22376366582893,
              13.118586564585915
            ],
            [
              80.22378659083499,
              13.118495306732937
            ],
            [
              80.22369385864651,
              13.118268874952662
            ],
            [
              80.22355517403803,
              13.117945878800047
            ],
            [
              80.22339276941443,
              13.117584144512254
            ],
            [
              80.22321272547194,
              13.117153425689688
            ],
            [
              80.22307941278882,
              13.116830099992601
            ],
            [
              80.22307907771723,
              13.116829287231266
            ],
            [
              80.2230758617485,
              13.116830363330774
            ],
            [
              80.22307453134356,
              13.116830808643504
            ],
            [
              80.22285972259957,
              13.116902727075399
            ],
            [
              80.22255831446553,
              13.117006563626799
            ],
            [
              80.22253850841017,
              13.117014946698319
            ],
            [
              80.22230729553078,
              13.117112816543704
            ],
            [
              80.22229463916673,
              13.11711817341336
            ],
            [
              80.2222841459459,
              13.117123012355929
            ],
            [
              80.22219461714971,
              13.11716429777973
            ],
            [
              80.22204444847863,
              13.117233546866746
            ],
            [
              80.22181856350718,
              13.117339293132435
            ],
            [
              80.22176355247579,
              13.11736504685121
            ],
            [
              80.22161012471686,
              13.11743687413978
            ],
            [
              80.22150982152719,
              13.11748382957794
            ],
            [
              80.22135568050591,
              13.117557898261751
            ],
            [
              80.22057550176648,
              13.117921657920938
            ],
            [
              80.22057164170567,
              13.117925971048598
            ],
            [
              80.22048981236985,
              13.118017405837373
            ],
            [
              80.22045777934511,
              13.118025305069416
            ],
            [
              80.22015686797945,
              13.118099515319525
            ],
            [
              80.22011608536386,
              13.118109572860888
            ],
            [
              80.22011489509612,
              13.118109592108103
            ],
            [
              80.21975438949451,
              13.118115282282702
            ],
            [
              80.2195412138877,
              13.118118647044524
            ],
            [
              80.219651539581,
              13.118355442699759
            ],
            [
              80.219613248892,
              13.1183787510445
            ],
            [
              80.2196128006327,
              13.118377892794898
            ],
            [
              80.21961214306587,
              13.118376635603614
            ],
            [
              80.21947532066497,
              13.11811477398144
            ],
            [
              80.21947093239481,
              13.118115003198188
            ],
            [
              80.21947080483403,
              13.118114759983449
            ],
            [
              80.2192640000792,
              13.118125821003579
            ],
            [
              80.21908853754468,
              13.118134994047239
            ],
            [
              80.21867457769206,
              13.11815663315532
            ],
            [
              80.21857331420335,
              13.11816230583137
            ],
            [
              80.21857329444042,
              13.118162745892432
            ],
            [
              80.21857084293799,
              13.118162876248523
            ],
            [
              80.21857025364316,
              13.118162907743926
            ],
            [
              80.21856088421478,
              13.118250293534205
            ],
            [
              80.21852428954502,
              13.11825340983041
            ],
            [
              80.21851415834524,
              13.11825427245475
            ],
            [
              80.2185046101521,
              13.118255085211391
            ],
            [
              80.21850460206726,
              13.118254263706037
            ],
            [
              80.21850458230432,
              13.118252167511324
            ],
            [
              80.21850371543009,
              13.118159670714146
            ],
            [
              80.21849899927484,
              13.118158793216589
            ],
            [
              80.21849709664308,
              13.118158438893053
            ],
            [
              80.21849708227003,
              13.118158046949992
            ],
            [
              80.21849703465931,
              13.118156744264207
            ],
            [
              80.21824456404704,
              13.118107294691324
            ],
            [
              80.2182332479694,
              13.118227573091755
            ],
            [
              80.21819890088452,
              13.1184714726013
            ],
            [
              80.21819434373107,
              13.118503832357783
            ],
            [
              80.21819395655719,
              13.118504072947509
            ],
            [
              80.21813117060702,
              13.118543039729785
            ],
            [
              80.21807957497036,
              13.118574556100745
            ],
            [
              80.21786431167884,
              13.118524994628341
            ],
            [
              80.21766309354676,
              13.11847836396648
            ],
            [
              80.21708128078839,
              13.118379044126634
            ],
            [
              80.21708027198031,
              13.118383664326391
            ],
            [
              80.21707860201221,
              13.11838342461142
            ],
            [
              80.21693474939588,
              13.118362819622234
            ],
            [
              80.2169072393886,
              13.118358879197837
            ],
            [
              80.21673000896958,
              13.11833349390439
            ],
            [
              80.21663824426669,
              13.118320921989035
            ],
            [
              80.21632906660376,
              13.11827856591553
            ],
            [
              80.21633652890883,
              13.118174725526917
            ],
            [
              80.21634976378789,
              13.117990586590922
            ],
            [
              80.21634630796899,
              13.117988121197346
            ],
            [
              80.21629253391777,
              13.117949757115067
            ],
            [
              80.21617787385323,
              13.117935711017898
            ],
            [
              80.21608114775502,
              13.117923947465604
            ],
            [
              80.21602483057322,
              13.117916962473391
            ],
            [
              80.21595700058276,
              13.117908652922033
            ],
            [
              80.21572206149156,
              13.117859412394148
            ],
            [
              80.21569523150896,
              13.117853612854384
            ],
            [
              80.2155870896201,
              13.117830948367216
            ],
            [
              80.21549600584021,
              13.117810985489362
            ],
            [
              80.21539033431837,
              13.117787825819434
            ],
            [
              80.21535179569436,
              13.117779379783338
            ],
            [
              80.2153573634525,
              13.117663580522086
            ],
            [
              80.21535742184298,
              13.117662368820636
            ],
            [
              80.2153651752022,
              13.117501117113802
            ],
            [
              80.21535109411013,
              13.117355543950646
            ],
            [
              80.21535108872024,
              13.117355487083728
            ],
            [
              80.21533864256199,
              13.117226813819286
            ],
            [
              80.21531268574184,
              13.116976192269009
            ],
            [
              80.21532879522985,
              13.116906869619822
            ],
            [
              80.2153971839724,
              13.116507557761791
            ],
            [
              80.2154270233112,
              13.116334204840705
            ],
            [
              80.21544960875408,
              13.11621059747114
            ],
            [
              80.21548539853332,
              13.116004328710414
            ],
            [
              80.21548541380466,
              13.116004243846994
            ],
            [
              80.21517614900519,
              13.115996027843256
            ],
            [
              80.21517114089748,
              13.115997145065782
            ],
            [
              80.21515785661106,
              13.116000109161302
            ],
            [
              80.2150454108937,
              13.116025194611645
            ],
            [
              80.21472718809416,
              13.116176418537362
            ],
            [
              80.21467149254656,
              13.116205332444112
            ],
            [
              80.21459814869687,
              13.11624340983801
            ],
            [
              80.21454364701027,
              13.116271704322065
            ],
            [
              80.21432245932942,
              13.116403928346012
            ],
            [
              80.21423595516082,
              13.11645563982365
            ],
            [
              80.21423417380161,
              13.116456703676482
            ],
            [
              80.21422792242558,
              13.11663248954791
            ],
            [
              80.21422544217705,
              13.116729545034103
            ],
            [
              80.21421811731422,
              13.11690821955561
            ],
            [
              80.21421809395804,
              13.11690880572344
            ],
            [
              80.21419255844778,
              13.116907640386792
            ],
            [
              80.2141859890681,
              13.116907340303863
            ],
            [
              80.21416196362583,
              13.116906243207593
            ],
            [
              80.21415777837491,
              13.116905717406295
            ],
            [
              80.21390821920247,
              13.116874367923007
            ],
            [
              80.21374859216974,
              13.11683506579812
            ],
            [
              80.21377332278949,
              13.117020589654873
            ],
            [
              80.2137735868942,
              13.117022569501462
            ],
            [
              80.21358321951244,
              13.116990599745217
            ],
            [
              80.21345223885582,
              13.116967592226612
            ],
            [
              80.2134341890068,
              13.116964422546655
            ],
            [
              80.21340494974265,
              13.116959287017576
            ],
            [
              80.21313807913633,
              13.11689354698672
            ],
            [
              80.21314740185238,
              13.11662306448323
            ],
            [
              80.21312719963996,
              13.116477248458773
            ],
            [
              80.21308560674397,
              13.116276858237955
            ],
            [
              80.2130829459341,
              13.11624573439347
            ],
            [
              80.21308278603397,
              13.116243860401072
            ],
            [
              80.21302716594484,
              13.11625437383065
            ],
            [
              80.21302050763195,
              13.116255631907679
            ],
            [
              80.21298082365598,
              13.116119590701784
            ],
            [
              80.21291685192963,
              13.116039092088275
            ],
            [
              80.2128950794621,
              13.116011696079786
            ],
            [
              80.21281657029954,
              13.115912905421418
            ],
            [
              80.21279032332357,
              13.115805830472496
            ],
            [
              80.21277850329106,
              13.115749915927532
            ],
            [
              80.21272723284451,
              13.115530397563553
            ],
            [
              80.21272023047689,
              13.115340412429225
            ],
            [
              80.21269651764834,
              13.11525205710901
            ],
            [
              80.21265755322287,
              13.115096991874918
            ],
            [
              80.21265686152009,
              13.11509424036528
            ],
            [
              80.21228100101534,
              13.11511922879592
            ],
            [
              80.21227845608813,
              13.115119398523372
            ],
            [
              80.21227428880353,
              13.114963803900608
            ],
            [
              80.21227179058873,
              13.114870522844724
            ],
            [
              80.21227068566094,
              13.114796078900726
            ],
            [
              80.21226886747081,
              13.11467365535271
            ],
            [
              80.21226847131376,
              13.114646980097719
            ],
            [
              80.21226837699066,
              13.114640615306214
            ],
            [
              80.21226836261762,
              13.114590202652037
            ],
            [
              80.21226835093951,
              13.114545088295918
            ],
            [
              80.21226751909957,
              13.114338268709469
            ],
            [
              80.21243009080979,
              13.114295165671605
            ],
            [
              80.21255101123354,
              13.11426323843019
            ],
            [
              80.21253416961859,
              13.114186632456464
            ],
            [
              80.21252621144352,
              13.114142748117747
            ],
            [
              80.21250308251987,
              13.114030369704322
            ],
            [
              80.21249309684717,
              13.113993830895318
            ],
            [
              80.21249196047835,
              13.1139896751785
            ],
            [
              80.21227138005865,
              13.114031574424558
            ],
            [
              80.21226951066454,
              13.114031928754036
            ],
            [
              80.21221941431611,
              13.114041444906393
            ],
            [
              80.21209523839772,
              13.114061624187444
            ],
            [
              80.21205733667925,
              13.114067783395386
            ],
            [
              80.21190634784631,
              13.114092255746794
            ],
            [
              80.21190095975126,
              13.114093129759302
            ],
            [
              80.21184261237691,
              13.11363721326912
            ],
            [
              80.21201623336513,
              13.113534873980514
            ],
            [
              80.21207640611611,
              13.113417833001696
            ],
            [
              80.2121476622811,
              13.113346987915637
            ],
            [
              80.21216093219446,
              13.113333794573432
            ],
            [
              80.21241704457691,
              13.113235659007156
            ],
            [
              80.21242033151255,
              13.113234399164892
            ],
            [
              80.21246351173163,
              13.113219190943829
            ],
            [
              80.21254574351273,
              13.113195584647258
            ],
            [
              80.2125695856987,
              13.113198771873636
            ],
            [
              80.21266281196054,
              13.113216879483131
            ],
            [
              80.21284186056971,
              13.113212688757553
            ],
            [
              80.21293798210176,
              13.113194183947412
            ],
            [
              80.21303197103332,
              13.113171419293266
            ],
            [
              80.21310419288719,
              13.113153110455547
            ],
            [
              80.21315399458825,
              13.113128728999342
            ],
            [
              80.21322104663766,
              13.113091644124427
            ],
            [
              80.21327372294762,
              13.113056242534377
            ],
            [
              80.21337796255487,
              13.11295795200159
            ],
            [
              80.2134631992006,
              13.112875399857215
            ],
            [
              80.21352850492514,
              13.112810121552496
            ],
            [
              80.21357613809306,
              13.112761351570564
            ],
            [
              80.21363738612746,
              13.112712442471105
            ],
            [
              80.21370740710891,
              13.112505996672692
            ],
            [
              80.21371157439351,
              13.112408842406538
            ],
            [
              80.21369698665161,
              13.112173920297979
            ],
            [
              80.21367201528332,
              13.112128396048066
            ],
            [
              80.21361114364305,
              13.11197177328137
            ],
            [
              80.21354547679579,
              13.111815303521606
            ],
            [
              80.21349575324818,
              13.11169682427058
            ],
            [
              80.21342771754351,
              13.11158160482619
            ],
            [
              80.21338356355065,
              13.111430930135143
            ],
            [
              80.21331552604936,
              13.111229649531438
            ],
            [
              80.2132517124265,
              13.111010428098014
            ],
            [
              80.21318279457626,
              13.110772248279135
            ],
            [
              80.2130883645719,
              13.110493224392371
            ],
            [
              80.21302190541053,
              13.110252922437702
            ],
            [
              80.21301768243038,
              13.110233241537827
            ],
            [
              80.21301602863197,
              13.110227262463525
            ],
            [
              80.21301236620053,
              13.110208467836484
            ],
            [
              80.2129764641319,
              13.110041154297392
            ],
            [
              80.2129764524538,
              13.110041097428795
            ],
            [
              80.21293138217936,
              13.109882255455629
            ],
            [
              80.21296314031962,
              13.109994494904956
            ],
            [
              80.21297633028293,
              13.110041097428795
            ],
            [
              80.21297002051635,
              13.110042347663441
            ],
            [
              80.21277754119536,
              13.110080494253792
            ],
            [
              80.21258212438342,
              13.110119871824654
            ],
            [
              80.21234649808102,
              13.11016503598691
            ],
            [
              80.21234637052025,
              13.110165060484178
            ],
            [
              80.21200442860398,
              13.110231308881255
            ],
            [
              80.21201281976707,
              13.110418520152987
            ],
            [
              80.21201398847525,
              13.110444593060244
            ],
            [
              80.21201427773275,
              13.110449406762022
            ],
            [
              80.2120187935637,
              13.110524735670678
            ],
            [
              80.21202512039824,
              13.110659975938493
            ],
            [
              80.21202936853122,
              13.110769222002778
            ],
            [
              80.21203094956613,
              13.110809889939533
            ],
            [
              80.21203763932003,
              13.110951160726486
            ],
            [
              80.21211153293868,
              13.11120207538298
            ],
            [
              80.21212770620706,
              13.111256996203442
            ],
            [
              80.21219962712534,
              13.111289482019544
            ],
            [
              80.21222023627458,
              13.11133813155751
            ],
            [
              80.21222071866988,
              13.111339271548546
            ],
            [
              80.21195181966769,
              13.111458072058927
            ],
            [
              80.21197427036326,
              13.111599374844753
            ],
            [
              80.21199612188255,
              13.111736907623598
            ],
            [
              80.21208574320517,
              13.112037019437452
            ],
            [
              80.21210425299164,
              13.112099006594349
            ],
            [
              80.21210480815047,
              13.112100863120412
            ],
            [
              80.21212136949103,
              13.112147582481049
            ],
            [
              80.2122330094196,
              13.112462527608363
            ],
            [
              80.21232599223804,
              13.11280092906258
            ],
            [
              80.21233432141736,
              13.112831238818687
            ],
            [
              80.21238995228627,
              13.1129988706703
            ],
            [
              80.2124312954506,
              13.113124763119234
            ],
            [
              80.21243480157514,
              13.113160018592696
            ],
            [
              80.21243420599208,
              13.113160200569977
            ],
            [
              80.21243439374001,
              13.113162091208787
            ],
            [
              80.21243478271053,
              13.113165999345517
            ],
            [
              80.2123197902693,
              13.113196705382096
            ],
            [
              80.21228271859415,
              13.113206605643695
            ],
            [
              80.21227983859536,
              13.113207488408223
            ],
            [
              80.2121295477534,
              13.113258479648364
            ],
            [
              80.21206068200539,
              13.113319322141086
            ],
            [
              80.21201173011062,
              13.1133586641979
            ],
            [
              80.21197919223272,
              13.113424836494367
            ],
            [
              80.21195068240054,
              13.113482818931994
            ],
            [
              80.21176120704585,
              13.113581521327859
            ],
            [
              80.21173725346881,
              13.113630310394722
            ],
            [
              80.2117375346415,
              13.113631922815223
            ],
            [
              80.2117376289646,
              13.113631904442533
            ],
            [
              80.21173956932563,
              13.113631514242034
            ],
            [
              80.21175293446042,
              13.113707531588545
            ],
            [
              80.21177097263133,
              13.113810577715139
            ],
            [
              80.21178098345685,
              13.113868667673081
            ],
            [
              80.21178570140871,
              13.113896046422534
            ],
            [
              80.21179349159887,
              13.11393644962615
            ],
            [
              80.2118155811717,
              13.114051012676724
            ],
            [
              80.21180774426915,
              13.114182040174256
            ],
            [
              80.21180652884857,
              13.114184322754639
            ],
            [
              80.21166252441697,
              13.11445496192051
            ],
            [
              80.21163963444519,
              13.114500438495943
            ],
            [
              80.2116072555691,
              13.114564767975937
            ],
            [
              80.21157187991321,
              13.114615144764997
            ],
            [
              80.21156770813703,
              13.11462173527763
            ],
            [
              80.21156212510753,
              13.114630551498752
            ],
            [
              80.21153340506959,
              13.11467737886464
            ],
            [
              80.21153269719716,
              13.114679380602235
            ],
            [
              80.21151708357921,
              13.114729783614358
            ],
            [
              80.21149319468086,
              13.114806900351669
            ],
            [
              80.21145382960678,
              13.114910079874972
            ],
            [
              80.21143534856643,
              13.114962362966198
            ],
            [
              80.21133232348146,
              13.115100360177577
            ],
            [
              80.21132695425099,
              13.115107842183782
            ],
            [
              80.21130872743389,
              13.115133240933533
            ],
            [
              80.2112866180981,
              13.115164050835604
            ],
            [
              80.2112448284711,
              13.115215640090314
            ],
            [
              80.21121195282664,
              13.115256225927755
            ],
            [
              80.21119687819785,
              13.115286503010623
            ],
            [
              80.2111626263344,
              13.115355298562207
            ],
            [
              80.21116162201791,
              13.115359776212875
            ],
            [
              80.21114368356,
              13.115439799987518
            ],
            [
              80.21113687522846,
              13.115470172409967
            ],
            [
              80.21112657784037,
              13.1155221832937
            ],
            [
              80.2111261744968,
              13.115524219144833
            ],
            [
              80.21112132718753,
              13.115548703599638
            ],
            [
              80.21111866098775,
              13.115562173285811
            ],
            [
              80.21111430415861,
              13.115584182695441
            ],
            [
              80.21111429787041,
              13.115584211566546
            ],
            [
              80.21111316150157,
              13.115589952542717
            ],
            [
              80.21111076479639,
              13.11561207131011
            ],
            [
              80.21111031653707,
              13.115616208626987
            ],
            [
              80.21110991768509,
              13.115619882256356
            ],
            [
              80.2111097191574,
              13.115621708135015
            ],
            [
              80.21110952242638,
              13.115623525264821
            ],
            [
              80.2111093661195,
              13.11562497494419
            ],
            [
              80.21110931132229,
              13.11562639312781
            ],
            [
              80.21110895469111,
              13.115635652878048
            ],
            [
              80.21110888192757,
              13.115637523375538
            ],
            [
              80.21110574051903,
              13.115718883004012
            ],
            [
              80.21110479998293,
              13.115771484380126
            ],
            [
              80.21110278326512,
              13.115828258053543
            ],
            [
              80.21110145825007,
              13.115843188775944
            ],
            [
              80.21110005328497,
              13.115859006626874
            ],
            [
              80.21109167110505,
              13.115953423777972
            ],
            [
              80.21109068834814,
              13.11596448926972
            ],
            [
              80.21108632702742,
              13.116013612943085
            ],
            [
              80.21106378380536,
              13.116343916876936
            ],
            [
              80.21106068641427,
              13.116399896027884
            ],
            [
              80.21105440359716,
              13.11644114920259
            ],
            [
              80.21104824115432,
              13.116505032861575
            ],
            [
              80.21103895616756,
              13.116609621101516
            ],
            [
              80.21103688105921,
              13.116633000476897
            ],
            [
              80.21103421935105,
              13.11666297118286
            ],
            [
              80.21102576350928,
              13.11670709566333
            ],
            [
              80.21102334883777,
              13.116719696532138
            ],
            [
              80.21101932708027,
              13.116740676981657
            ],
            [
              80.21095689776129,
              13.116862175629906
            ],
            [
              80.21092627059998,
              13.116922585041701
            ],
            [
              80.21089849828465,
              13.116977362854616
            ],
            [
              80.21088411895191,
              13.116993775549002
            ],
            [
              80.21087958425636,
              13.116998951321701
            ],
            [
              80.21082410520272,
              13.117062279288968
            ],
            [
              80.21079731025442,
              13.117092864980929
            ],
            [
              80.21070273112973,
              13.117228658058384
            ],
            [
              80.21067593258817,
              13.117267133362457
            ],
            [
              80.2106145507048,
              13.117333686927967
            ],
            [
              80.21061102751226,
              13.117337507510832
            ],
            [
              80.21050328986531,
              13.117444832007157
            ],
            [
              80.21035463485545,
              13.117572580414617
            ],
            [
              80.21031115909067,
              13.117609315538717
            ],
            [
              80.21027930033911,
              13.117633695675794
            ],
            [
              80.2102426544654,
              13.117661738035995
            ],
            [
              80.21016686809645,
              13.117697367305315
            ],
            [
              80.21016429262653,
              13.11769843202766
            ],
            [
              80.21014338164333,
              13.117708224498454
            ],
            [
              80.21001355352523,
              13.117760774706273
            ],
            [
              80.21001107866662,
              13.117761776437403
            ],
            [
              80.21001105081884,
              13.117761787810773
            ],
            [
              80.20991287034818,
              13.117801528974365
            ],
            [
              80.20986697721696,
              13.117820105177461
            ],
            [
              80.20986504044919,
              13.117820889064678
            ],
            [
              80.2098346432566,
              13.117878783853264
            ],
            [
              80.20980985334803,
              13.117888065390556
            ],
            [
              80.20955633799507,
              13.11798298743939
            ],
            [
              80.2095291738392,
              13.117993157844213
            ],
            [
              80.20940859477524,
              13.118042113136609
            ],
            [
              80.20928366427204,
              13.118092836537913
            ],
            [
              80.20917438152277,
              13.118161485200567
            ],
            [
              80.2090426274167,
              13.118244249914222
            ],
            [
              80.20902802530176,
              13.118253422078611
            ],
            [
              80.20895307256939,
              13.11829999941593
            ],
            [
              80.20888757191045,
              13.118341650338717
            ],
            [
              80.2087927080198,
              13.118401975399276
            ],
            [
              80.20869901373568,
              13.118461897129103
            ],
            [
              80.20851081758198,
              13.118591067548989
            ],
            [
              80.20842930984297,
              13.118647012068338
            ],
            [
              80.20836389182905,
              13.118689333958438
            ],
            [
              80.20816944160434,
              13.118815528823964
            ],
            [
              80.20789612468755,
              13.118797942174783
            ],
            [
              80.20782306650214,
              13.118795362181215
            ],
            [
              80.207710641446,
              13.118791391143242
            ],
            [
              80.20763665889415,
              13.118789196092715
            ],
            [
              80.20734738160974,
              13.118779627631888
            ],
            [
              80.20726879429373,
              13.118777028390976
            ],
            [
              80.20726876464933,
              13.118777027516094
            ],
            [
              80.20710050121345,
              13.11877037499902
            ],
            [
              80.20698312913507,
              13.11876887459568
            ],
            [
              80.20697987094552,
              13.118768833476732
            ],
            [
              80.2069148526819,
              13.118766989249186
            ],
            [
              80.20669361649205,
              13.118760712926274
            ],
            [
              80.20665690324469,
              13.118764610475598
            ],
            [
              80.20651808838046,
              13.118779346798387
            ],
            [
              80.20642211776541,
              13.118777118502654
            ],
            [
              80.20613741470243,
              13.118749466462084
            ],
            [
              80.20610418152846,
              13.118745758759509
            ],
            [
              80.2056728311903,
              13.118697634734684
            ],
            [
              80.20565046134308,
              13.118695138727707
            ],
            [
              80.20562492134124,
              13.118690923599107
            ],
            [
              80.2054475543783,
              13.118661655661878
            ],
            [
              80.20542225602327,
              13.118657615506926
            ],
            [
              80.20523863139601,
              13.118629186567263
            ],
            [
              80.20507532396557,
              13.118603901911897
            ],
            [
              80.20507271705463,
              13.118445551022976
            ],
            [
              80.20507236940662,
              13.118424410617346
            ],
            [
              80.20507139832779,
              13.118403393566869
            ],
            [
              80.20506868541563,
              13.118344644151621
            ],
            [
              80.20506568953418,
              13.11827977673906
            ],
            [
              80.20506108477002,
              13.118117920899872
            ],
            [
              80.20505685909491,
              13.117938472119349
            ],
            [
              80.20505635873333,
              13.11791718994058
            ],
            [
              80.20505619434162,
              13.117917197814451
            ],
            [
              80.20465706747096,
              13.117936262188355
            ],
            [
              80.20461149144504,
              13.11793843887413
            ],
            [
              80.20457647960686,
              13.117940110757798
            ],
            [
              80.20448306919035,
              13.117944492125252
            ],
            [
              80.2041930391177,
              13.117958264386473
            ],
            [
              80.20416385554908,
              13.117959649311441
            ],
            [
              80.20386079271832,
              13.117981687377284
            ],
            [
              80.20378164575189,
              13.11798744317035
            ],
            [
              80.20368642073849,
              13.118001733354266
            ],
            [
              80.20361161443154,
              13.118012913362254
            ],
            [
              80.20357774075879,
              13.118018616662185
            ],
            [
              80.20353025760951,
              13.11802661213027
            ],
            [
              80.20351130854691,
              13.11803088588676
            ],
            [
              80.20343303114969,
              13.118048538206342
            ],
            [
              80.20336937742695,
              13.118054405106742
            ],
            [
              80.203235609298,
              13.118063837990434
            ],
            [
              80.20318443317457,
              13.118067445967736
            ],
            [
              80.20305392143852,
              13.11806046360424
            ],
            [
              80.20295406471155,
              13.118055120753084
            ],
            [
              80.20289523673853,
              13.118051972958956
            ],
            [
              80.20270810958002,
              13.118047490982974
            ],
            [
              80.20247082768257,
              13.118025715385041
            ],
            [
              80.20242213001102,
              13.118021246531686
            ],
            [
              80.20208421973373,
              13.117809504327386
            ],
            [
              80.20199220529918,
              13.117751846613453
            ],
            [
              80.20191095986826,
              13.117703283207046
            ],
            [
              80.20179602851248,
              13.117626864653307
            ],
            [
              80.20128812015251,
              13.11730328149042
            ],
            [
              80.20128799977826,
              13.117303203626447
            ],
            [
              80.20127792876563,
              13.117316217406161
            ],
            [
              80.20109559322081,
              13.117551828378465
            ],
            [
              80.20095341147093,
              13.117733211788599
            ],
            [
              80.20084192335766,
              13.11787543921027
            ],
            [
              80.20066498309443,
              13.118095942337627
            ],
            [
              80.20053249775971,
              13.11826032394835
            ],
            [
              80.20050552584331,
              13.118294091402406
            ],
            [
              80.20037701465539,
              13.118458681100195
            ],
            [
              80.2002729565078,
              13.118585387009029
            ],
            [
              80.2002500332984,
              13.11861394718446
            ],
            [
              80.20004007545693,
              13.118875538814933
            ],
            [
              80.19989278049643,
              13.119059349011952
            ],
            [
              80.19987720550603,
              13.119078785116885
            ],
            [
              80.19984329949393,
              13.11912473064208
            ],
            [
              80.19979940421591,
              13.119182734482319
            ],
            [
              80.19977120520082,
              13.119219631216623
            ],
            [
              80.19973402123625,
              13.11926912955844
            ],
            [
              80.19969154978796,
              13.11932524977209
            ],
            [
              80.19968003518262,
              13.119342062999655
            ],
            [
              80.1996728324907,
              13.119352309461819
            ],
            [
              80.1996368855063,
              13.119405068411783
            ],
            [
              80.1994982565933,
              13.119607482276738
            ],
            [
              80.19949800596335,
              13.119607848846352
            ],
            [
              80.19935759030128,
              13.119768184060298
            ],
            [
              80.19928286753766,
              13.119852935930641
            ],
            [
              80.19925859236372,
              13.119880269395559
            ],
            [
              80.19921829663502,
              13.119925640858467
            ],
            [
              80.19921794808867,
              13.119926032798706
            ],
            [
              80.19921248004354,
              13.119929339794556
            ],
            [
              80.19919380137387,
              13.119940634322436
            ],
            [
              80.19919057013378,
              13.11994258877437
            ],
            [
              80.19918768294848,
              13.119944334133178
            ],
            [
              80.19918364052967,
              13.119951463420794
            ],
            [
              80.19890446480062,
              13.12044376958026
            ],
            [
              80.19880146576678,
              13.120573635350796
            ],
            [
              80.19865578148557,
              13.120757318297777
            ],
            [
              80.19765668061645,
              13.12201701028292
            ],
            [
              80.19744357867152,
              13.122285691642682
            ],
            [
              80.19737512075864,
              13.12237200426641
            ],
            [
              80.19595127935523,
              13.124068681258288
            ],
            [
              80.19596318382938,
              13.124087445080919
            ],
            [
              80.19598394659053,
              13.124120168911247
            ],
            [
              80.19604001853226,
              13.124208547289719
            ],
            [
              80.19607160329764,
              13.124258328953488
            ],
            [
              80.19609564041801,
              13.12429621525732
            ],
            [
              80.19617817762632,
              13.124426305578602
            ],
            [
              80.19626008960718,
              13.124555410749764
            ],
            [
              80.19627938452118,
              13.12458582141421
            ],
            [
              80.19632767166266,
              13.12466192985738
            ],
            [
              80.19634759719396,
              13.12469333608759
            ],
            [
              80.19636923850749,
              13.124727445598879
            ],
            [
              80.1963839861495,
              13.124750690350234
            ],
            [
              80.1965535341762,
              13.125017920847004
            ],
            [
              80.19661012534415,
              13.12563053187871
            ],
            [
              80.19664280695253,
              13.125628713073198
            ],
            [
              80.19685386163695,
              13.125616962136903
            ],
            [
              80.19691622268395,
              13.125613490746437
            ],
            [
              80.19693146170444,
              13.125612642145454
            ],
            [
              80.19703818425515,
              13.125606700188696
            ],
            [
              80.19709839293874,
              13.125603347777208
            ],
            [
              80.19709829771732,
              13.12560432323095
            ],
            [
              80.19707995052596,
              13.125792581360766
            ],
            [
              80.19707089101634,
              13.125885542452938
            ],
            [
              80.19706091522511,
              13.125987903720283
            ],
            [
              80.19705774237552,
              13.126020454078198
            ],
            [
              80.1970316238586,
              13.126288450432241
            ],
            [
              80.19700468697651,
              13.126564845861786
            ],
            [
              80.19697719134228,
              13.126846976444657
            ],
            [
              80.19700930162215,
              13.126914782814106
            ],
            [
              80.19706909528408,
              13.127041045193216
            ],
            [
              80.19731237253775,
              13.12755476109556
            ],
            [
              80.19828804714088,
              13.127768326816332
            ],
            [
              80.1985720055005,
              13.12858638888958
            ],
            [
              80.19860726707034,
              13.128687973052623
            ],
            [
              80.19906069260831,
              13.128715841808914
            ],
            [
              80.19917882735638,
              13.128723102942175
            ],
            [
              80.1994765443129,
              13.128741400996986
            ],
            [
              80.1996964366231,
              13.128754915451632
            ],
            [
              80.19988263402531,
              13.12876635917068
            ],
            [
              80.20008481065976,
              13.128778784454195
            ],
            [
              80.20027212826112,
              13.128790296409296
            ],
            [
              80.20035890102602,
              13.128795629403875
            ],
            [
              80.20065967225449,
              13.128814113793162
            ],
            [
              80.20085307145034,
              13.12882599930109
            ],
            [
              80.20119461720954,
              13.128846989215203
            ],
            [
              80.20121671127397,
              13.128848346958907
            ],
            [
              80.20151046127017,
              13.128866398301007
            ],
            [
              80.20161144628115,
              13.12887260437908
            ],
            [
              80.2017798426677,
              13.12888295192469
            ],
            [
              80.201804728696,
              13.128884481135838
            ],
            [
              80.20188703773222,
              13.128889539430286
            ],
            [
              80.20188722368347,
              13.128889550803136
            ],
            [
              80.20189149157943,
              13.12917424985257
            ],
            [
              80.20189566155896,
              13.1294524205704
            ],
            [
              80.20190750225274,
              13.130242227904363
            ],
            [
              80.20190920096691,
              13.130355564717332
            ],
            [
              80.2019214719537,
              13.13117423230257
            ],
            [
              80.20192417318776,
              13.131354406271722
            ],
            [
              80.20193600759333,
              13.132143873307237
            ],
            [
              80.20193788956384,
              13.132269383275476
            ],
            [
              80.20194689966613,
              13.132870503827263
            ],
            [
              80.20195021894109,
              13.133091911184675
            ],
            [
              80.20195149185386,
              13.133176794056276
            ],
            [
              80.20228563639347,
              13.133178452713926
            ],
            [
              80.20246137471081,
              13.133179325783756
            ],
            [
              80.20262394282777,
              13.133180133242089
            ],
            [
              80.20276453815289,
              13.133180830473185
            ],
            [
              80.20293516325965,
              13.1331816772984
            ],
            [
              80.20305012785309,
              13.133182248555523
            ],
            [
              80.20322588054349,
              13.133183120750497
            ],
            [
              80.20328519001349,
              13.133183414689816
            ],
            [
              80.20348583142712,
              13.133184410234321
            ],
            [
              80.20364327555374,
              13.133185191448066
            ],
            [
              80.20375678936796,
              13.133185754831764
            ],
            [
              80.20398671585988,
              13.133186894721469
            ],
            [
              80.20408337817771,
              13.133187373247713
            ],
            [
              80.2043484620349,
              13.133188688101283
            ],
            [
              80.20445611254527,
              13.133189221741134
            ],
            [
              80.2046677358633,
              13.133190271524402
            ],
            [
              80.20476659186706,
              13.133190761423293
            ],
            [
              80.20486857670294,
              13.133191267068893
            ],
            [
              80.20494454363327,
              13.13319164324125
            ],
            [
              80.2049467921164,
              13.133191654613896
            ],
            [
              80.20550822838922,
              13.133194436539583
            ],
            [
              80.20568263001341,
              13.133194975428317
            ],
            [
              80.20640437064867,
              13.133197202718472
            ],
            [
              80.20648460906813,
              13.133197450292391
            ],
            [
              80.20648394700977,
              13.129064655909723
            ],
            [
              80.20648392545021,
              13.128931702961088
            ],
            [
              80.20648391107716,
              13.128842894987933
            ],
            [
              80.20648391107716,
              13.128840965102173
            ],
            [
              80.20651828780646,
              13.128838748270509
            ],
            [
              80.20665259761955,
              13.128830086529957
            ],
            [
              80.2068019290608,
              13.1288204545971
            ],
            [
              80.2083388872231,
              13.128721322652265
            ],
            [
              80.20845874044831,
              13.1287135917324
            ],
            [
              80.20861250866878,
              13.12870367372379
            ],
            [
              80.20864282680961,
              13.128701718466706
            ]
          ]
        ]
      },
      "properties": {
        "pincode": "600056",
        "name": "Kolathur",
        "risk_score": 50,
        "risk_level": "MEDIUM",
        "source": "datameet:600099"
      }
    },
    {
      "type": "Feature",
      "geometry": {
        "type": "Polygon",
        "coordinates": [
          [
            [
              80.2716301514015,
              13.124482205902186
            ],
            [
              80.27150482563957,
              13.123875925065565
            ],
            [
              80.27150478880866,
              13.123875746595647
            ],
            [
              80.27146126094156,
              13.123661429491973
            ],
            [
              80.27134021834694,
              13.123102315335025
            ],
            [
              80.27114218204757,
              13.122187551775673
            ],
            [
              80.27096767352387,
              13.121393729182602
            ],
            [
              80.2709050807115,
              13.120560759097222
            ],
            [
              80.27087897746598,
              13.119018092777068
            ],
            [
              80.27096821520797,
              13.11779735145001
            ],
            [
              80.27099444691258,
              13.117438504907694
            ],
            [
              80.27133078334148,
              13.11595140805264
            ],
            [
              80.27131658816339,
              13.115010666198424
            ],
            [
              80.27131404952439,
              13.11484248279087
            ],
            [
              80.27130303797563,
              13.114112666868845
            ],
            [
              80.27129810622469,
              13.113785750131001
            ],
            [
              80.27048993059115,
              13.113047573238532
            ],
            [
              80.270492656978,
              13.112122263038403
            ],
            [
              80.27052347637881,
              13.111413594928136
            ],
            [
              80.27057868683616,
              13.110783593096837
            ],
            [
              80.27063088973394,
              13.110289089094636
            ],
            [
              80.27070560261615,
              13.109911765035791
            ],
            [
              80.27072373331352,
              13.10982019599817
            ],
            [
              80.27081383972642,
              13.10941698543625
            ],
            [
              80.27087631396115,
              13.109137421070894
            ],
            [
              80.27125701997855,
              13.107843007943213
            ],
            [
              80.26912628259994,
              13.107664531565682
            ],
            [
              80.26840601071021,
              13.107605202144397
            ],
            [
              80.2681997359614,
              13.107588211382605
            ],
            [
              80.26820042586755,
              13.107587019754476
            ],
            [
              80.26790851741767,
              13.107800933536032
            ],
            [
              80.26754417421313,
              13.108067927855434
            ],
            [
              80.2674638621318,
              13.108126782089764
            ],
            [
              80.26722192246959,
              13.108304077006201
            ],
            [
              80.26710917581659,
              13.108432954417472
            ],
            [
              80.26700330936035,
              13.1085717987023
            ],
            [
              80.26693603722369,
              13.108660025186042
            ],
            [
              80.2668535548126,
              13.108771900357004
            ],
            [
              80.26653565810155,
              13.10891588977163
            ],
            [
              80.26634380310969,
              13.109002788900352
            ],
            [
              80.2662774535428,
              13.10903284102737
            ],
            [
              80.26573695969422,
              13.109277651681852
            ],
            [
              80.26552716804109,
              13.109372673293334
            ],
            [
              80.26473281119154,
              13.109465973932288
            ],
            [
              80.26465391485509,
              13.109475240038748
            ],
            [
              80.26463231306744,
              13.109477777259798
            ],
            [
              80.26445915740653,
              13.109519729768607
            ],
            [
              80.26416948486339,
              13.109595279437581
            ],
            [
              80.26403149465258,
              13.109582040399163
            ],
            [
              80.26360214845582,
              13.109540847317259
            ],
            [
              80.26350127034435,
              13.109531169133668
            ],
            [
              80.2634235148683,
              13.109524907448407
            ],
            [
              80.26324470431268,
              13.109510509158811
            ],
            [
              80.26305816375405,
              13.109496662932646
            ],
            [
              80.26282037161351,
              13.10947901174907
            ],
            [
              80.2626787126831,
              13.109468497154952
            ],
            [
              80.2622621207667,
              13.109451150435914
            ],
            [
              80.26213199440792,
              13.109445732156022
            ],
            [
              80.26209563689343,
              13.109444218572236
            ],
            [
              80.26209372797344,
              13.109444138955967
            ],
            [
              80.26205870176221,
              13.10944268049113
            ],
            [
              80.26203424692524,
              13.10944166210294
            ],
            [
              80.26201201991014,
              13.109440736454571
            ],
            [
              80.26185906915661,
              13.109434367153817
            ],
            [
              80.26173786217028,
              13.109429319832843
            ],
            [
              80.26150317460734,
              13.10941954715519
            ],
            [
              80.26146710724868,
              13.109414531330435
            ],
            [
              80.26138756771849,
              13.109403470793444
            ],
            [
              80.26133289355535,
              13.109395867876962
            ],
            [
              80.26119332949618,
              13.109376556118065
            ],
            [
              80.2610915449846,
              13.109362471035487
            ],
            [
              80.26074103134387,
              13.109316685543808
            ],
            [
              80.26066480659709,
              13.109305264541756
            ],
            [
              80.2606545882607,
              13.109303732584134
            ],
            [
              80.26061389098511,
              13.109297635375126
            ],
            [
              80.26050495498552,
              13.109281311407415
            ],
            [
              80.26025701367891,
              13.10924702302257
            ],
            [
              80.25981866546465,
              13.109186400873561
            ],
            [
              80.25962498509617,
              13.109160327832962
            ],
            [
              80.25939134946043,
              13.109128874998556
            ],
            [
              80.25938050320167,
              13.109127414782021
            ],
            [
              80.25938043043814,
              13.109127404283175
            ],
            [
              80.25935119476725,
              13.109123468960222
            ],
            [
              80.25920078804258,
              13.10910224463731
            ],
            [
              80.25914378005632,
              13.109094200759312
            ],
            [
              80.25903409576016,
              13.109078722811475
            ],
            [
              80.25873990289449,
              13.109037209429928
            ],
            [
              80.25866673152134,
              13.10902055735542
            ],
            [
              80.25831403587281,
              13.108940290893296
            ],
            [
              80.25787376436554,
              13.108893446686906
            ],
            [
              80.25769082425452,
              13.108873981780052
            ],
            [
              80.25753575886682,
              13.10885748192815
            ],
            [
              80.25752880949977,
              13.108856742632538
            ],
            [
              80.25733858225523,
              13.108836502555999
            ],
            [
              80.25709669559362,
              13.108810765442316
            ],
            [
              80.2570918752338,
              13.108810252747283
            ],
            [
              80.25651752927206,
              13.10874914054305
            ],
            [
              80.25616703090269,
              13.10871184503033
            ],
            [
              80.25599208489942,
              13.108693229643384
            ],
            [
              80.25574030239666,
              13.10866643825217
            ],
            [
              80.25573071647428,
              13.108665418110972
            ],
            [
              80.2556132410896,
              13.108652917443782
            ],
            [
              80.2553100111722,
              13.108620651756047
            ],
            [
              80.25524766000663,
              13.108613398778122
            ],
            [
              80.2545840583366,
              13.108531816322785
            ],
            [
              80.25407224320347,
              13.108469035601019
            ],
            [
              80.25390586353475,
              13.108445927545844
            ],
            [
              80.25387867871761,
              13.108442151445185
            ],
            [
              80.25385831930001,
              13.108439323744141
            ],
            [
              80.25352811836451,
              13.108393462838622
            ],
            [
              80.25351623275499,
              13.108391811887838
            ],
            [
              80.25350748945233,
              13.108390597515992
            ],
            [
              80.25344796797992,
              13.108379929766539
            ],
            [
              80.25344122792035,
              13.1083787223939
            ],
            [
              80.25337390637632,
              13.108366658291107
            ],
            [
              80.25336774483179,
              13.10836555415753
            ],
            [
              80.25329691267164,
              13.108352860995398
            ],
            [
              80.25328477822877,
              13.108350686849487
            ],
            [
              80.25324780716493,
              13.108344061172552
            ],
            [
              80.25320205057764,
              13.108335861536139
            ],
            [
              80.2529914495424,
              13.108298121507518
            ],
            [
              80.25242951021306,
              13.108229880423838
            ],
            [
              80.25233050508896,
              13.108217858309343
            ],
            [
              80.25194462747048,
              13.108170997342206
            ],
            [
              80.25192244626948,
              13.108168303499069
            ],
            [
              80.25194598662151,
              13.108214409420881
            ],
            [
              80.2521376682385,
              13.10858985415795
            ],
            [
              80.25214893041722,
              13.10861191318622
            ],
            [
              80.25215294139498,
              13.108619768975016
            ],
            [
              80.25215320909292,
              13.10862133155867
            ],
            [
              80.25216553757188,
              13.108693412498868
            ],
            [
              80.2521745315045,
              13.108777784101902
            ],
            [
              80.25219036251478,
              13.108926305525026
            ],
            [
              80.25219218878975,
              13.108943430929886
            ],
            [
              80.25222012729337,
              13.109205535041697
            ],
            [
              80.25234842378397,
              13.109446792539568
            ],
            [
              80.25241122770039,
              13.109563123236356
            ],
            [
              80.25241240629006,
              13.109574282630266
            ],
            [
              80.25241871156503,
              13.109633985160425
            ],
            [
              80.25242399006564,
              13.109683967503148
            ],
            [
              80.25243343854581,
              13.109773431575475
            ],
            [
              80.25243375026119,
              13.109776389621654
            ],
            [
              80.25243877094533,
              13.109823927457683
            ],
            [
              80.25243958751393,
              13.109831656346877
            ],
            [
              80.25244220161139,
              13.109856408213624
            ],
            [
              80.25244336133645,
              13.109896604728933
            ],
            [
              80.25244399105544,
              13.10991840204428
            ],
            [
              80.252444129396,
              13.109923191259092
            ],
            [
              80.25244432163548,
              13.10992987201237
            ],
            [
              80.25244598262044,
              13.110188250618553
            ],
            [
              80.25245474478773,
              13.110424460727055
            ],
            [
              80.25245792033223,
              13.110500386325251
            ],
            [
              80.25245901268364,
              13.110526514342528
            ],
            [
              80.25245914473598,
              13.110529667482366
            ],
            [
              80.25245966216558,
              13.110542037694106
            ],
            [
              80.2524708542757,
              13.110832437837301
            ],
            [
              80.25246446545742,
              13.11091411051921
            ],
            [
              80.25246407918183,
              13.110919060696007
            ],
            [
              80.25246365068546,
              13.110924542811045
            ],
            [
              80.25246225290687,
              13.110943085412586
            ],
            [
              80.25246700589301,
              13.11101562849378
            ],
            [
              80.2524683273148,
              13.111033874497897
            ],
            [
              80.25246834528112,
              13.11103412384392
            ],
            [
              80.25248057853867,
              13.111203085889782
            ],
            [
              80.25248303004106,
              13.111236949676682
            ],
            [
              80.25248744975225,
              13.111297979022591
            ],
            [
              80.25249071423,
              13.111361729283388
            ],
            [
              80.25253469574633,
              13.11218091682694
            ],
            [
              80.25253470203451,
              13.112181020939344
            ],
            [
              80.25254261619217,
              13.112320786121682
            ],
            [
              80.25254314260494,
              13.11233007924235
            ],
            [
              80.25254435533056,
              13.112351500137828
            ],
            [
              80.25255412720422,
              13.112483806759611
            ],
            [
              80.25257954683181,
              13.112827975471955
            ],
            [
              80.25257414166875,
              13.112913755107334
            ],
            [
              80.25256154639018,
              13.11311366162918
            ],
            [
              80.25256141972771,
              13.113115673878191
            ],
            [
              80.25253457896534,
              13.113255670375402
            ],
            [
              80.25253427713139,
              13.11325724517806
            ],
            [
              80.25252540806461,
              13.113723636540337
            ],
            [
              80.25252117699961,
              13.113946137260237
            ],
            [
              80.25252330870175,
              13.114073031845326
            ],
            [
              80.25253784613803,
              13.11441095077113
            ],
            [
              80.25254152653572,
              13.11449649800964
            ],
            [
              80.2524349144778,
              13.11454784856054
            ],
            [
              80.25242139842604,
              13.114554359460403
            ],
            [
              80.25234289824665,
              13.114602654898805
            ],
            [
              80.25232112847402,
              13.114615178010624
            ],
            [
              80.25218534722055,
              13.114699582577968
            ],
            [
              80.2520171556499,
              13.114804134840659
            ],
            [
              80.25188462270445,
              13.114886518359786
            ],
            [
              80.25175150405744,
              13.114967253569374
            ],
            [
              80.25166385992672,
              13.115020408907874
            ],
            [
              80.25159607664868,
              13.115061517958123
            ],
            [
              80.25129260508442,
              13.11524855495126
            ],
            [
              80.25116769524249,
              13.11532565227847
            ],
            [
              80.25116703318412,
              13.115326060848835
            ],
            [
              80.25115516823585,
              13.115328126447592
            ],
            [
              80.25112284056371,
              13.115333751945203
            ],
            [
              80.25105329568939,
              13.11534585420114
            ],
            [
              80.25087150901523,
              13.115367725398622
            ],
            [
              80.25078210598319,
              13.115378482083102
            ],
            [
              80.25074093709205,
              13.115383435669555
            ],
            [
              80.25066423354318,
              13.115388722586292
            ],
            [
              80.25032468923042,
              13.11541212832421
            ],
            [
              80.25002784274139,
              13.115386024447764
            ],
            [
              80.24966254013619,
              13.115352645042382
            ],
            [
              80.24945760567378,
              13.115371815475953
            ],
            [
              80.24933245957492,
              13.115383521408086
            ],
            [
              80.24897011152866,
              13.115339383566845
            ],
            [
              80.2487581082233,
              13.115316445884442
            ],
            [
              80.24867488829535,
              13.11530744158805
            ],
            [
              80.24862834208892,
              13.115303433748654
            ],
            [
              80.24820613031213,
              13.115267077979388
            ],
            [
              80.2481545966592,
              13.115268914359245
            ],
            [
              80.24792874762038,
              13.115276961534843
            ],
            [
              80.24790984347354,
              13.115280089242203
            ],
            [
              80.24754773437914,
              13.11533999948449
            ],
            [
              80.24731733357676,
              13.115378119006742
            ],
            [
              80.24713548222391,
              13.115413060074282
            ],
            [
              80.24695246126453,
              13.1154482251068
            ],
            [
              80.24677891573481,
              13.115529058118762
            ],
            [
              80.24668106853912,
              13.11558125009067
            ],
            [
              80.24665338785194,
              13.11559601547536
            ],
            [
              80.2466517870541,
              13.115596868485355
            ],
            [
              80.24669790386586,
              13.115882289836696
            ],
            [
              80.2467019040638,
              13.115906818874787
            ],
            [
              80.24678416369268,
              13.11641125108457
            ],
            [
              80.24680933538528,
              13.116659635272065
            ],
            [
              80.24681142845989,
              13.116680291146919
            ],
            [
              80.24682356739433,
              13.116807187820665
            ],
            [
              80.24686806184866,
              13.117272321377659
            ],
            [
              80.24686815707005,
              13.117273318736391
            ],
            [
              80.24691513356954,
              13.117768097404413
            ],
            [
              80.24697635824771,
              13.11814379789421
            ],
            [
              80.24698378192524,
              13.118189350776225
            ],
            [
              80.2470212901816,
              13.118466437713954
            ],
            [
              80.2470799816107,
              13.118901355363453
            ],
            [
              80.24707963036943,
              13.118901380734714
            ],
            [
              80.24632559260478,
              13.118955368973936
            ],
            [
              80.2463142154417,
              13.119084403529735
            ],
            [
              80.24630825332316,
              13.119158322128653
            ],
            [
              80.24630736668595,
              13.119169312237414
            ],
            [
              80.24600739316148,
              13.119226806893291
            ],
            [
              80.24602461656038,
              13.11931621150264
            ],
            [
              80.24603022025114,
              13.119345294764651
            ],
            [
              80.24628884342481,
              13.11930560809246
            ],
            [
              80.24629029330569,
              13.119305385000914
            ],
            [
              80.24627907694102,
              13.119381908892016
            ],
            [
              80.24626536595487,
              13.11949086849939
            ],
            [
              80.24625857109805,
              13.119541433250696
            ],
            [
              80.24621667906308,
              13.119853138024892
            ],
            [
              80.24533413819536,
              13.119980428500657
            ],
            [
              80.2453275984601,
              13.120123951173605
            ],
            [
              80.24532772871581,
              13.120124623070641
            ],
            [
              80.24532754815445,
              13.120128225768475
            ],
            [
              80.24536488483258,
              13.120316931649732
            ],
            [
              80.24538286551132,
              13.120409998047142
            ],
            [
              80.24539532604263,
              13.12046795434141
            ],
            [
              80.24542378017925,
              13.120600309087962
            ],
            [
              80.24544144105772,
              13.12067590172068
            ],
            [
              80.24544145004089,
              13.120675938464968
            ],
            [
              80.24550838620765,
              13.120972748134868
            ],
            [
              80.24555142269628,
              13.121165277390586
            ],
            [
              80.2456444630069,
              13.121434318374485
            ],
            [
              80.24575266598119,
              13.121749707409093
            ],
            [
              80.24575267765928,
              13.121749743278345
            ],
            [
              80.24576941327301,
              13.121800734496667
            ],
            [
              80.2457836767231,
              13.12184418791236
            ],
            [
              80.24581542408355,
              13.12204692521642
            ],
            [
              80.24587598311014,
              13.122444189658529
            ],
            [
              80.24587714822505,
              13.122444337509464
            ],
            [
              80.24599068988707,
              13.12245863705772
            ],
            [
              80.24628170271662,
              13.122411587210305
            ],
            [
              80.2464107007914,
              13.122390731474558
            ],
            [
              80.2466727402581,
              13.122392156618009
            ],
            [
              80.2468578974112,
              13.122382352085815
            ],
            [
              80.24707865120577,
              13.122342777885773
            ],
            [
              80.24724572886545,
              13.122312827119153
            ],
            [
              80.24725765939074,
              13.122310232289863
            ],
            [
              80.24730716824101,
              13.122299464535525
            ],
            [
              80.24730765782282,
              13.12229935780284
            ],
            [
              80.24741303469723,
              13.122276438266914
            ],
            [
              80.24754711813486,
              13.122247157633687
            ],
            [
              80.24769685561462,
              13.122214458050024
            ],
            [
              80.24769698137874,
              13.122214430929446
            ],
            [
              80.24806725975233,
              13.122133777711873
            ],
            [
              80.2483223741065,
              13.122078819077238
            ],
            [
              80.24837477553199,
              13.122067529896787
            ],
            [
              80.24838060200493,
              13.122065944652242
            ],
            [
              80.2484167520086,
              13.122056106862374
            ],
            [
              80.24852289245098,
              13.122027287253688
            ],
            [
              80.24865681419186,
              13.121990925479828
            ],
            [
              80.24865790115335,
              13.121990484550741
            ],
            [
              80.2487361974152,
              13.12196917822668
            ],
            [
              80.24877636737975,
              13.1219751097731
            ],
            [
              80.24892648933844,
              13.12199727783301
            ],
            [
              80.24892739214533,
              13.121997764254779
            ],
            [
              80.24892954900032,
              13.121998925193012
            ],
            [
              80.24899353599801,
              13.122033378897923
            ],
            [
              80.24899548534218,
              13.122036109333255
            ],
            [
              80.2490936289819,
              13.122173607404244
            ],
            [
              80.24918433367276,
              13.122300682338132
            ],
            [
              80.24918509185088,
              13.12230442148199
            ],
            [
              80.24918807605422,
              13.122319134846238
            ],
            [
              80.24920668106208,
              13.122410861953204
            ],
            [
              80.24923599578476,
              13.12256393839802
            ],
            [
              80.24923569395084,
              13.122564198230624
            ],
            [
              80.24922687159642,
              13.122571774494274
            ],
            [
              80.24920593725706,
              13.122589752809477
            ],
            [
              80.24915615711556,
              13.122630830848923
            ],
            [
              80.2491389795307,
              13.12264500528178
            ],
            [
              80.2490023224198,
              13.122750267173673
            ],
            [
              80.24900112945711,
              13.122750453518123
            ],
            [
              80.24892124856709,
              13.122762900102423
            ],
            [
              80.24892060806827,
              13.122764277126613
            ],
            [
              80.24889790674273,
              13.122813072244977
            ],
            [
              80.24887963950145,
              13.12292169176214
            ],
            [
              80.24891163030536,
              13.122995287260213
            ],
            [
              80.24891199591967,
              13.122996127996576
            ],
            [
              80.24896569091915,
              13.123011625190129
            ],
            [
              80.24905393332783,
              13.12303709223687
            ],
            [
              80.2491159512184,
              13.123351986671715
            ],
            [
              80.24918954749467,
              13.123391554585238
            ],
            [
              80.24925810781548,
              13.123561731185026
            ],
            [
              80.24930804695876,
              13.123824622830254
            ],
            [
              80.24930808019641,
              13.1238247960511
            ],
            [
              80.24935269143174,
              13.123818233780444
            ],
            [
              80.24951090990612,
              13.123794958321087
            ],
            [
              80.24962157156934,
              13.123778679933281
            ],
            [
              80.24968487674572,
              13.123769372372843
            ],
            [
              80.24969000792261,
              13.123768618249601
            ],
            [
              80.25020272676092,
              13.123752635560356
            ],
            [
              80.2505785935539,
              13.123763299143564
            ],
            [
              80.25090517966869,
              13.123926928965535
            ],
            [
              80.25123208468543,
              13.123985296485893
            ],
            [
              80.25161260924315,
              13.124070136137
            ],
            [
              80.25176382175661,
              13.124111245423679
            ],
            [
              80.25191526513711,
              13.124075800802899
            ],
            [
              80.25213510444668,
              13.124023806601302
            ],
            [
              80.25231577361662,
              13.124009977814552
            ],
            [
              80.25245239120167,
              13.124034297826867
            ],
            [
              80.25281152417753,
              13.124271011671253
            ],
            [
              80.2535023340209,
              13.124726341538771
            ],
            [
              80.25412642778478,
              13.12498532836356
            ],
            [
              80.2546241079269,
              13.125074090489285
            ],
            [
              80.2555182496382,
              13.12514315188014
            ],
            [
              80.25622944764528,
              13.125198080084655
            ],
            [
              80.2565227044664,
              13.12522072902012
            ],
            [
              80.25657863716924,
              13.125230530814555
            ],
            [
              80.25657581196768,
              13.125237939900083
            ],
            [
              80.25652315901394,
              13.125539224150257
            ],
            [
              80.25665230980233,
              13.125936727028755
            ],
            [
              80.25692404658254,
              13.125956159090466
            ],
            [
              80.2569244625025,
              13.125967843522291
            ],
            [
              80.25709981813753,
              13.125987891472475
            ],
            [
              80.2571207803247,
              13.125990288547916
            ],
            [
              80.25720249737115,
              13.126008467827356
            ],
            [
              80.25736237413551,
              13.126039543194095
            ],
            [
              80.25740863467772,
              13.12604853484955
            ],
            [
              80.25768428901084,
              13.126105551105832
            ],
            [
              80.25785556359955,
              13.126141361993678
            ],
            [
              80.25792213145705,
              13.126155279894624
            ],
            [
              80.25810611630871,
              13.126172806527933
            ],
            [
              80.25832354992997,
              13.126193519343087
            ],
            [
              80.25867383180534,
              13.12622716322902
            ],
            [
              80.25869202448645,
              13.12622891029291
            ],
            [
              80.25870419037034,
              13.126229758016912
            ],
            [
              80.25878911260574,
              13.126235675463006
            ],
            [
              80.25905077657666,
              13.126253908964632
            ],
            [
              80.25930258962215,
              13.126266772672114
            ],
            [
              80.2593485249742,
              13.126269119878748
            ],
            [
              80.2594089977625,
              13.12627850957982
            ],
            [
              80.25952907017664,
              13.126297151630398
            ],
            [
              80.25982917755013,
              13.126339879880376
            ],
            [
              80.2600828878375,
              13.126375383663964
            ],
            [
              80.260169545618,
              13.126387510746726
            ],
            [
              80.26065241343944,
              13.126455874518243
            ],
            [
              80.26066972666989,
              13.126458325829418
            ],
            [
              80.26100088251452,
              13.126503756442107
            ],
            [
              80.26102595629075,
              13.126507196325617
            ],
            [
              80.26116660371817,
              13.126535333031311
            ],
            [
              80.26120743394445,
              13.1265435023161
            ],
            [
              80.26172119213354,
              13.126646282359014
            ],
            [
              80.2617775614176,
              13.126657559081346
            ],
            [
              80.26189223316025,
              13.126675338508347
            ],
            [
              80.26212622183391,
              13.126711616479033
            ],
            [
              80.26227250079981,
              13.126734295894467
            ],
            [
              80.26231285581731,
              13.126740552767231
            ],
            [
              80.26274108271326,
              13.126806494002647
            ],
            [
              80.26274135310616,
              13.12680653512021
            ],
            [
              80.26276324594795,
              13.126809906761816
            ],
            [
              80.26290008092529,
              13.126829935396758
            ],
            [
              80.26302219970165,
              13.126847811918754
            ],
            [
              80.26302266233402,
              13.126847880156422
            ],
            [
              80.26320581714236,
              13.126874688813112
            ],
            [
              80.26337836374549,
              13.126901598073648
            ],
            [
              80.26372268440065,
              13.126955294108072
            ],
            [
              80.26382311245615,
              13.126970955522124
            ],
            [
              80.26390071342196,
              13.126982423819838
            ],
            [
              80.26402334333972,
              13.127000546161192
            ],
            [
              80.26402339544198,
              13.127000554909612
            ],
            [
              80.26435134519942,
              13.127049020246439
            ],
            [
              80.26444168247933,
              13.127070054929288
            ],
            [
              80.26480382840462,
              13.127154380858538
            ],
            [
              80.26483260234153,
              13.127160587854684
            ],
            [
              80.26496116742835,
              13.12718832205878
            ],
            [
              80.26541902166068,
              13.127211041672886
            ],
            [
              80.2654430578827,
              13.127212329438384
            ],
            [
              80.26546797265712,
              13.12721366357044
            ],
            [
              80.26577296417082,
              13.127229994221146
            ],
            [
              80.26583902987005,
              13.12722810281567
            ],
            [
              80.26588903908194,
              13.127226669826719
            ],
            [
              80.2659004090585,
              13.127225662010273
            ],
            [
              80.26625369849341,
              13.127194333089742
            ],
            [
              80.26683001086734,
              13.127110567947293
            ],
            [
              80.26775564661418,
              13.126936168319972
            ],
            [
              80.26791688881778,
              13.1268887798912
            ],
            [
              80.26804167199727,
              13.126819141595167
            ],
            [
              80.26830375009153,
              13.126672881950288
            ],
            [
              80.26861455190847,
              13.126468217683358
            ],
            [
              80.2687143933641,
              13.126402471447278
            ],
            [
              80.2690341909103,
              13.126191881634517
            ],
            [
              80.2690504719765,
              13.126181161291829
            ],
            [
              80.26909681067211,
              13.126150646718292
            ],
            [
              80.26915426242611,
              13.126112814940784
            ],
            [
              80.2693713142634,
              13.125969884535944
            ],
            [
              80.2696966903475,
              13.125755619999753
            ],
            [
              80.27038736364696,
              13.125300799451008
            ],
            [
              80.27098866086385,
              13.124904832653312
            ],
            [
              80.27108769563236,
              13.124839616157507
            ],
            [
              80.27109612272803,
              13.124834066114435
            ],
            [
              80.27111241187906,
              13.124823339588596
            ],
            [
              80.2711205667852,
              13.124817969764111
            ],
            [
              80.27115499382018,
              13.124795298045456
            ],
            [
              80.27116806071429,
              13.124786693027538
            ],
            [
              80.27120362232145,
              13.124763275934278
            ],
            [
              80.27122509385337,
              13.124749135742713
            ],
            [
              80.27122722106397,
              13.124747735983561
            ],
            [
              80.27124531852367,
              13.124735817908915
            ],
            [
              80.27126316176017,
              13.124724067804783
            ],
            [
              80.27128353285585,
              13.12471065286131
            ],
            [
              80.2712921216483,
              13.124704996958526
            ],
            [
              80.27134280010505,
              13.124671623192752
            ],
            [
              80.27137273466526,
              13.12465191020267
            ],
            [
              80.27138043592218,
              13.124646838698247
            ],
            [
              80.27147585407334,
              13.124584003475832
            ],
            [
              80.27149748550538,
              13.124569758291955
            ],
            [
              80.27157981340623,
              13.124515542949972
            ],
            [
              80.2716079396578,
              13.124497021493559
            ],
            [
              80.2716176145134,
              13.124490650833117
            ],
            [
              80.27161765224264,
              13.124490625462482
            ],
            [
              80.2716301514015,
              13.124482205902186
            ]
          ]
        ]
      },
      "properties": {
        "pincode": "600019",
        "name": "Vyasarpadi",
        "risk_score": 50,
        "risk_level": "MEDIUM",
        "source": "datameet:600039"
      }
    },
    {
      "type": "Feature",
      "geometry": {
        "type": "Polygon",
        "coordinates": [
          [
            [
              80.23207078970644,
              12.956136571154325
            ],
            [
              80.23210883246041,
              12.956133177050306
            ],
            [
              80.2321088728846,
              12.956133173548528
            ],
            [
              80.2321664665724,
              12.956128035556022
            ],
            [
              80.23217019458086,
              12.956127702886516
            ],
            [
              80.23226242550939,
              12.956118112375423
            ],
            [
              80.2325276225543,
              12.95609053407301
            ],
            [
              80.23277497456608,
              12.956064810838045
            ],
            [
              80.23305151463808,
              12.956036053303523
            ],
            [
              80.23338184043945,
              12.956001700787539
            ],
            [
              80.23376585585034,
              12.955961765544007
            ],
            [
              80.23407766827198,
              12.95592933812504
            ],
            [
              80.23413394592791,
              12.955923484888391
            ],
            [
              80.23436519473992,
              12.955899435490453
            ],
            [
              80.23448897090799,
              12.955886562920382
            ],
            [
              80.2346421147993,
              12.955870635915408
            ],
            [
              80.2347750627664,
              12.955856809106658
            ],
            [
              80.23503446028785,
              12.95582983220739
            ],
            [
              80.23504392853093,
              12.95582884732946
            ],
            [
              80.23505383605023,
              12.95582781692829
            ],
            [
              80.23507316959174,
              12.955825806026409
            ],
            [
              80.23523895547407,
              12.955808763697917
            ],
            [
              80.23524893575687,
              12.955807738549332
            ],
            [
              80.23541818554293,
              12.95579034078804
            ],
            [
              80.23544017270783,
              12.955788080383387
            ],
            [
              80.23544301946896,
              12.955787787984029
            ],
            [
              80.2355789929619,
              12.955773809718293
            ],
            [
              80.23561049059074,
              12.95577057231439
            ],
            [
              80.2356268336407,
              12.955768892331095
            ],
            [
              80.23577194389844,
              12.955753975584777
            ],
            [
              80.2357872646656,
              12.955752400655076
            ],
            [
              80.23595679652267,
              12.955734973124683
            ],
            [
              80.23596508168453,
              12.955734121314418
            ],
            [
              80.23600995792286,
              12.955729508582108
            ],
            [
              80.23602681391085,
              12.955727776071697
            ],
            [
              80.23605183109319,
              12.955725204007202
            ],
            [
              80.23607366195122,
              12.955722960235489
            ],
            [
              80.23608047567268,
              12.955722259002098
            ],
            [
              80.23608457109205,
              12.955721837911874
            ],
            [
              80.23608762895726,
              12.95572152362624
            ],
            [
              80.23609908337545,
              12.955722195969864
            ],
            [
              80.23612181075215,
              12.955723523148173
            ],
            [
              80.23636906664422,
              12.955737959275682
            ],
            [
              80.23641267176642,
              12.95574049632217
            ],
            [
              80.23723066957929,
              12.955788087386981
            ],
            [
              80.23762722457327,
              12.955811158045778
            ],
            [
              80.23775013835862,
              12.955818308697651
            ],
            [
              80.23886243324176,
              12.955883016485197
            ],
            [
              80.23915977739743,
              12.955900313563626
            ],
            [
              80.24016948018352,
              12.955959046406896
            ],
            [
              80.24023899271853,
              12.955963090970123
            ],
            [
              80.24054012956131,
              12.955988219787418
            ],
            [
              80.2413322487075,
              12.95605431861488
            ],
            [
              80.24185943491344,
              12.956098308034505
            ],
            [
              80.24281396676805,
              12.956177954357218
            ],
            [
              80.24298608756975,
              12.956192316045524
            ],
            [
              80.24328025797753,
              12.956216860917408
            ],
            [
              80.24344894272325,
              12.956230935457262
            ],
            [
              80.24350677446462,
              12.95623576091358
            ],
            [
              80.24363138696422,
              12.95623512183829
            ],
            [
              80.24376227060279,
              12.956234451246948
            ],
            [
              80.24409778058163,
              12.956232730996254
            ],
            [
              80.24430870141708,
              12.956231649820923
            ],
            [
              80.24439537536726,
              12.956231204219094
            ],
            [
              80.2446710413785,
              12.956229790374385
            ],
            [
              80.24545695855595,
              12.956225757196286
            ],
            [
              80.24567378940765,
              12.956224643629412
            ],
            [
              80.24650698132525,
              12.956220364451006
            ],
            [
              80.2465302476911,
              12.95622102541248
            ],
            [
              80.24673629247118,
              12.95622688389483
            ],
            [
              80.24678728623662,
              12.956228333632849
            ],
            [
              80.24768733437091,
              12.956253919405945
            ],
            [
              80.24781771674957,
              12.956257625166945
            ],
            [
              80.2487683238647,
              12.956284644916693
            ],
            [
              80.24885585480767,
              12.956287132932626
            ],
            [
              80.24887582255978,
              12.956287103167496
            ],
            [
              80.24967357593944,
              12.956285943202294
            ],
            [
              80.24951204447832,
              12.955482040490413
            ],
            [
              80.24938319103227,
              12.954840768555734
            ],
            [
              80.24927209727942,
              12.954287879791183
            ],
            [
              80.24914935237727,
              12.953677001443495
            ],
            [
              80.24902762346977,
              12.953071174734053
            ],
            [
              80.24890543192988,
              12.952463047596215
            ],
            [
              80.24892335511643,
              12.952152721743255
            ],
            [
              80.2489661751111,
              12.951411334738689
            ],
            [
              80.24900403101547,
              12.950755895182576
            ],
            [
              80.2490278902694,
              12.950342794481045
            ],
            [
              80.24883362779259,
              12.949385552505076
            ],
            [
              80.2487846040326,
              12.949143989288537
            ],
            [
              80.24865693995599,
              12.94851288366295
            ],
            [
              80.24856541510329,
              12.948063916314707
            ],
            [
              80.24846815091418,
              12.947178032765484
            ],
            [
              80.24837482583766,
              12.94632802763545
            ],
            [
              80.2483028321558,
              12.94567230593578
            ],
            [
              80.24827954243376,
              12.94546018250675
            ],
            [
              80.24810402240705,
              12.944809181769786
            ],
            [
              80.24772216474945,
              12.943391549159236
            ],
            [
              80.24745244019547,
              12.94389809796054
            ],
            [
              80.24719982225947,
              12.944373128191694
            ],
            [
              80.24688966004301,
              12.944956367518246
            ],
            [
              80.24658362378868,
              12.945531843445899
            ],
            [
              80.24601097025291,
              12.945836413369829
            ],
            [
              80.24509696050247,
              12.94596729616748
            ],
            [
              80.24405933178916,
              12.946115875873605
            ],
            [
              80.24333771871466,
              12.94621920276734
            ],
            [
              80.2424677650407,
              12.946343767897666
            ],
            [
              80.2416830489108,
              12.946456125273158
            ],
            [
              80.24099997625693,
              12.946553926873916
            ],
            [
              80.24085145779101,
              12.946575191397985
            ],
            [
              80.24010727544335,
              12.947289028398016
            ],
            [
              80.23932612832004,
              12.948038317443794
            ],
            [
              80.23881901317249,
              12.94852474544305
            ],
            [
              80.23867524050623,
              12.94866265249368
            ],
            [
              80.2381381234248,
              12.94851394998874
            ],
            [
              80.23776867060295,
              12.948411664108454
            ],
            [
              80.23693360300304,
              12.948178451093813
            ],
            [
              80.23623802759708,
              12.947987889236297
            ],
            [
              80.23559591542524,
              12.947810110922658
            ],
            [
              80.2346979163481,
              12.947540945918629
            ],
            [
              80.23348117794018,
              12.948498475131855
            ],
            [
              80.23209736636414,
              12.950829357180556
            ],
            [
              80.23068027041019,
              12.951916099683967
            ],
            [
              80.23008669511145,
              12.954574661220198
            ],
            [
              80.22932460484861,
              12.956421916475817
            ],
            [
              80.22932417096231,
              12.956422968760666
            ],
            [
              80.22932387990815,
              12.956423675244746
            ],
            [
              80.22932446111814,
              12.956423614839029
            ],
            [
              80.2293753443908,
              12.956418323649661
            ],
            [
              80.22938031207431,
              12.956417807137123
            ],
            [
              80.22941679714955,
              12.956414013834015
            ],
            [
              80.22942633096969,
              12.956413021954793
            ],
            [
              80.22958822804515,
              12.956396188022415
            ],
            [
              80.22962081712703,
              12.956392799174594
            ],
            [
              80.22962863067333,
              12.956391987637009
            ],
            [
              80.22964753482019,
              12.956390021387394
            ],
            [
              80.22967218279494,
              12.956387458084167
            ],
            [
              80.22979590775904,
              12.956374594293763
            ],
            [
              80.22981828389445,
              12.956372267360596
            ],
            [
              80.23037464827914,
              12.956314416188214
            ],
            [
              80.23051253877694,
              12.956300078143986
            ],
            [
              80.23052152731967,
              12.956299143168296
            ],
            [
              80.23065051730966,
              12.956285730469038
            ],
            [
              80.23065636534216,
              12.95628512203446
            ],
            [
              80.23066985713939,
              12.956283718695392
            ],
            [
              80.23078816166904,
              12.956271416060185
            ],
            [
              80.23080761109327,
              12.956269394656532
            ],
            [
              80.23083452461917,
              12.956266595857253
            ],
            [
              80.23092342459464,
              12.956256639415265
            ],
            [
              80.2309298816849,
              12.956255916297241
            ],
            [
              80.23105988856777,
              12.956241357637374
            ],
            [
              80.23107075818271,
              12.956240139892525
            ],
            [
              80.23121745306858,
              12.956223712155248
            ],
            [
              80.23124024332736,
              12.956221160231104
            ],
            [
              80.23136998430891,
              12.956206630458919
            ],
            [
              80.23146158012852,
              12.95619637198576
            ],
            [
              80.23148044025793,
              12.956194260410582
            ],
            [
              80.23170109883105,
              12.95616954832629
            ],
            [
              80.23174117716745,
              12.956165973005412
            ],
            [
              80.2317648837078,
              12.956163857928189
            ],
            [
              80.23207078970644,
              12.956136571154325
            ]
          ]
        ]
      },
      "properties": {
        "pincode": "600045",
        "name": "Thoraipakkam",
        "risk_score": 50,
        "risk_level": "MEDIUM",
        "source": "datameet:600097"
      }
    },
    {
      "type": "Feature",
      "geometry": {
        "type": "Polygon",
        "coordinates": [
          [
            [
              80.1816026,
              13.0726898
            ],
            [
              80.1814988,
              13.0731545
            ],
            [
              80.1814744,
              13.0739275
            ],
            [
              80.1815591,
              13.0744675
            ],
            [
              80.1816793,
              13.0750256
            ],
            [
              80.1818519,
              13.0757279
            ],
            [
              80.1817387,
              13.0764464
            ],
            [
              80.1816261,
              13.077093
            ],
            [
              80.1815969,
              13.0772451
            ],
            [
              80.181607,
              13.0776364
            ],
            [
              80.184232,
              13.0776929
            ],
            [
              80.1852607,
              13.0780094
            ],
            [
              80.1856618,
              13.0781063
            ],
            [
              80.1858084,
              13.0781881
            ],
            [
              80.1858209,
              13.0782961
            ],
            [
              80.1856462,
              13.0783625
            ],
            [
              80.185484,
              13.0785369
            ],
            [
              80.1853438,
              13.079278
            ],
            [
              80.1852142,
              13.080343
            ],
            [
              80.1851411,
              13.0810711
            ],
            [
              80.1849923,
              13.0812321
            ],
            [
              80.1847644,
              13.0812576
            ],
            [
              80.1845383,
              13.0810674
            ],
            [
              80.1842567,
              13.0811062
            ],
            [
              80.1841623,
              13.081173
            ],
            [
              80.1840921,
              13.0815638
            ],
            [
              80.1839016,
              13.0834918
            ],
            [
              80.1837054,
              13.0845159
            ],
            [
              80.1837288,
              13.0849208
            ],
            [
              80.1843041,
              13.0850053
            ],
            [
              80.1849598,
              13.0850767
            ],
            [
              80.1851868,
              13.085159
            ],
            [
              80.1852797,
              13.0852675
            ],
            [
              80.1852914,
              13.0854699
            ],
            [
              80.1851673,
              13.0858874
            ],
            [
              80.1851912,
              13.0872415
            ],
            [
              80.1878651,
              13.0872291
            ],
            [
              80.1882889,
              13.087104
            ],
            [
              80.188957,
              13.0870976
            ],
            [
              80.1890907,
              13.0866149
            ],
            [
              80.1891505,
              13.0861818
            ],
            [
              80.1892086,
              13.085956
            ],
            [
              80.1891158,
              13.0858611
            ],
            [
              80.1889864,
              13.0856719
            ],
            [
              80.1889504,
              13.085502
            ],
            [
              80.1889893,
              13.0853326
            ],
            [
              80.1891586,
              13.0852206
            ],
            [
              80.1892354,
              13.0849949
            ],
            [
              80.1891444,
              13.0846927
            ],
            [
              80.1885989,
              13.0828046
            ],
            [
              80.1885876,
              13.0819375
            ],
            [
              80.1885357,
              13.0814283
            ],
            [
              80.1884431,
              13.0813146
            ],
            [
              80.1884073,
              13.0811259
            ],
            [
              80.1885399,
              13.0809382
            ],
            [
              80.1886534,
              13.0807881
            ],
            [
              80.188698,
              13.0799402
            ],
            [
              80.1888461,
              13.0799396
            ],
            [
              80.1889356,
              13.080031
            ],
            [
              80.1891947,
              13.0800553
            ],
            [
              80.1892968,
              13.0799878
            ],
            [
              80.1894341,
              13.0797501
            ],
            [
              80.1896276,
              13.0795469
            ],
            [
              80.1932586,
              13.0782288
            ],
            [
              80.1978942,
              13.0764998
            ],
            [
              80.1978645,
              13.0762637
            ],
            [
              80.1977037,
              13.0758913
            ],
            [
              80.1972544,
              13.0757235
            ],
            [
              80.1958648,
              13.0753023
            ],
            [
              80.195212,
              13.0749682
            ],
            [
              80.1948019,
              13.075007
            ],
            [
              80.1947567,
              13.0755019
            ],
            [
              80.1945487,
              13.0758721
            ],
            [
              80.1938927,
              13.0759094
            ],
            [
              80.193033,
              13.0758216
            ],
            [
              80.1925847,
              13.07553
            ],
            [
              80.192508,
              13.0749105
            ],
            [
              80.1922246,
              13.0744961
            ],
            [
              80.1912433,
              13.0742425
            ],
            [
              80.1907861,
              13.0739326
            ],
            [
              80.1906732,
              13.0738263
            ],
            [
              80.1897209,
              13.0736442
            ],
            [
              80.1892551,
              13.0736521
            ],
            [
              80.188838,
              13.0737892
            ],
            [
              80.1884224,
              13.0737402
            ],
            [
              80.1870644,
              13.0730802
            ],
            [
              80.18628,
              13.0729125
            ],
            [
              80.1851929,
              13.0730222
            ],
            [
              80.1819135,
              13.0727462
            ],
            [
              80.1816026,
              13.0726898
            ]
          ]
        ]
      },
      "properties": {
        "pincode": "600050",
        "name": "Mogappair",
        "risk_score": 50,
        "risk_level": "MEDIUM",
        "source": "osm:ward93"
      }
    },
    {
      "type": "Feature",
      "geometry": {
        "type": "Polygon",
        "coordinates": [
          [
            [
              80.202125,
              12.923
            ],
            [
              80.201072,
              12.928157
            ],
            [
              80.198076,
              12.932528
            ],
            [
              80.193591,
              12.935449
            ],
            [
              80.1883,
              12.936475
            ],
            [
              80.183009,
              12.935449
            ],
            [
              80.178524,
              12.932528
            ],
            [
              80.175528,
              12.928157
            ],
            [
              80.174475,
              12.923
            ],
            [
              80.175528,
              12.917843
            ],
            [
              80.178524,
              12.913472
            ],
            [
              80.183009,
              12.910551
            ],
            [
              80.1883,
              12.909525
            ],
            [
              80.193591,
              12.910551
            ],
            [
              80.198076,
              12.913472
            ],
            [
              80.201072,
              12.917843
            ],
            [
              80.202125,
              12.923
            ]
          ]
        ]
      },
      "properties": {
        "pincode": "600064",
        "name": "Medavakkam",
        "risk_score": 50,
        "risk_level": "MEDIUM",
        "source": "approx:circle"
      }
    },
    {
      "type": "Feature",
      "geometry": {
        "type": "Polygon",
        "coordinates": [
          [
            [
              80.144925,
              12.9187
            ],
            [
              80.143872,
              12.923857
            ],
            [
              80.140875,
              12.928228
            ],
            [
              80.13639,
              12.931149
            ],
            [
              80.1311,
              12.932175
            ],
            [
              80.12581,
              12.931149
            ],
            [
              80.121325,
              12.928228
            ],
            [
              80.118328,
              12.923857
            ],
            [
              80.117275,
              12.9187
            ],
            [
              80.118328,
              12.913543
            ],
            [
              80.121325,
              12.909172
            ],
            [
              80.12581,
              12.906251
            ],
            [
              80.1311,
              12.905225
            ],
            [
              80.13639,
              12.906251
            ],
            [
              80.140875,
              12.909172
            ],
            [
              80.143872,
              12.913543
            ],
            [
              80.144925,
              12.9187
            ]
          ]
        ]
      },
      "properties": {
        "pincode": "600073",
        "name": "Selaiyur",
        "risk_score": 50,
        "risk_level": "MEDIUM",
        "source": "approx:circle"
      }
    },
    {
      "type": "Feature",
      "geometry": {
        "type": "Polygon",
        "coordinates": [
          [
            [
              80.111129,
              12.9958
            ],
            [
              80.110076,
              13.000957
            ],
            [
              80.107078,
              13.005328
            ],
            [
              80.102592,
              13.008249
            ],
            [
              80.0973,
              13.009275
            ],
            [
              80.092008,
              13.008249
            ],
            [
              80.087522,
              13.005328
            ],
            [
              80.084524,
              13.000957
            ],
            [
              80.083471,
              12.9958
            ],
            [
              80.084524,
              12.990643
            ],
            [
              80.087522,
              12.986272
            ],
            [
              80.092008,
              12.983351
            ],
            [
              80.0973,
              12.982325
            ],
            [
              80.102592,
              12.983351
            ],
            [
              80.107078,
              12.986272
            ],
            [
              80.110076,
              12.990643
            ],
            [
              80.111129,
              12.9958
            ]
          ]
        ]
      },
      "properties": {
        "pincode": "600099",
        "name": "Kundrathur",
        "risk_score": 50,
        "risk_level": "MEDIUM",
        "source": "approx:circle"
      }
    },
    {
      "type": "Feature",
      "geometry": {
        "type": "Polygon",
        "coordinates": [
          [
            [
              80.210724,
              12.905
            ],
            [
              80.209672,
              12.910157
            ],
            [
              80.206675,
              12.914528
            ],
            [
              80.20219,
              12.917449
            ],
            [
              80.1969,
              12.918475
            ],
            [
              80.19161,
              12.917449
            ],
            [
              80.187125,
              12.914528
            ],
            [
              80.184128,
              12.910157
            ],
            [
              80.183076,
              12.905
            ],
            [
              80.184128,
              12.899843
            ],
            [
              80.187125,
              12.895472
            ],
            [
              80.19161,
              12.892551
            ],
            [
              80.1969,
              12.891525
            ],
            [
              80.20219,
              12.892551
            ],
            [
              80.206675,
              12.895472
            ],
            [
              80.209672,
              12.899843
            ],
            [
              80.210724,
              12.905
            ]
          ]
        ]
      },
      "properties": {
        "pincode": "600118",
        "name": "Perumbakkam",
        "risk_score": 50,
        "risk_level": "MEDIUM",
        "source": "approx:circle"
      }
    }
  ]
}